reading_id,sensor_id,value,timestamp
1,1,70.0,2026-08-13T14:49:28.377854
2,2,2.0,2026-08-13T14:49:28.379857
3,3,1500.0,2026-08-13T14:49:28.379857
4,4,70.0,2026-08-13T14:49:28.379857
5,5,2.0,2026-08-13T14:49:28.379857
6,6,1500.0,2026-08-13T14:49:28.379857
7,7,70.0,2026-08-13T14:49:28.379857
8,8,100.0,2026-08-13T14:49:28.379857
9,9,70.0,2026-08-13T14:49:28.379857
10,10,2.0,2026-08-13T14:49:28.379857
11,11,1500.0,2026-08-13T14:49:28.379857
12,12,70.0,2026-08-13T14:49:28.379857
13,13,2.0,2026-08-13T14:49:28.379857
14,14,1500.0,2026-08-13T14:49:28.379857
15,15,70.0,2026-08-13T14:49:28.379857
16,7,68.72351090096696,2026-08-13T14:49:38.402391
17,8,106.45339830684196,2026-08-13T14:49:38.402391
18,12,69.68270684931588,2026-08-13T14:49:38.402391
19,13,2.0185843069998453,2026-08-13T14:49:38.402391
20,14,1513.5526446259255,2026-08-13T14:49:38.402391
21,7,73.28396316684893,2026-08-13T14:49:40.429152
22,8,104.33286150421623,2026-08-13T14:49:40.429152
23,12,71.10430812611216,2026-08-13T14:49:40.429152
24,13,2.0194164783962214,2026-08-13T14:49:40.429152
25,14,1452.4908900927255,2026-08-13T14:49:40.429152
26,7,66.76142252046162,2026-08-13T14:49:42.449619
27,8,106.0805245700685,2026-08-13T14:49:42.449619
28,12,75.45042115094621,2026-08-13T14:49:42.449619
29,13,2.0648358345723596,2026-08-13T14:49:42.449619
30,14,1480.3750048889397,2026-08-13T14:49:42.449619
31,7,72.8182392790468,2026-08-13T14:49:44.469251
32,8,98.7283872736684,2026-08-13T14:49:44.469251
33,12,71.63212543406134,2026-08-13T14:49:44.469251
34,13,2.1734524221273803,2026-08-13T14:49:44.469251
35,14,1460.106645197338,2026-08-13T14:49:44.469251
36,7,64.3030489110451,2026-08-13T14:49:46.491733
37,8,97.94275925549232,2026-08-13T14:49:46.491733
38,9,70.37174597685936,2026-08-13T14:49:46.491733
39,10,2.031360048709451,2026-08-13T14:49:46.491733
40,11,1547.9821848810807,2026-08-13T14:49:46.491733
41,12,73.91909752727786,2026-08-13T14:49:46.491733
42,13,2.0014249533184043,2026-08-13T14:49:46.491733
43,14,1463.134849202851,2026-08-13T14:49:46.491733
44,15,70.53678716883097,2026-08-13T14:49:46.491733
45,7,68.31720529928938,2026-08-13T14:49:48.513394
46,8,96.09458268170626,2026-08-13T14:49:48.513394
47,9,68.31134128195792,2026-08-13T14:49:48.513394
48,10,1.8491477300078363,2026-08-13T14:49:48.513394
49,11,1493.2499273532887,2026-08-13T14:49:48.513394
50,12,69.24145383810554,2026-08-13T14:49:48.513394
51,13,2.019689152284052,2026-08-13T14:49:48.513394
52,14,1464.0135381635314,2026-08-13T14:49:48.513394
53,15,67.92129275955446,2026-08-13T14:49:48.513394
54,7,74.3512934962288,2026-08-13T14:49:50.543190
55,8,90.19112372492536,2026-08-13T14:49:50.543190
56,9,71.36684111200488,2026-08-13T14:49:50.543190
57,10,2.015468193993776,2026-08-13T14:49:50.543190
58,11,1443.75683413343,2026-08-13T14:49:50.543190
59,12,70.29878529576597,2026-08-13T14:49:50.543190
60,13,1.9565983422636466,2026-08-13T14:49:50.543190
61,14,1415.4973864629058,2026-08-13T14:49:50.543190
62,15,69.59081116524177,2026-08-13T14:49:50.543190
63,4,72.32963229147556,2026-08-13T14:49:52.563023
64,5,1.8977358881875883,2026-08-13T14:49:52.563023
65,6,1533.5946916209364,2026-08-13T14:49:52.563023
66,7,73.85698786995084,2026-08-13T14:49:52.563023
67,8,97.41321366437856,2026-08-13T14:49:52.563023
68,9,72.33154974185291,2026-08-13T14:49:52.563023
69,10,2.108785411367955,2026-08-13T14:49:52.563023
70,11,1427.7217322052302,2026-08-13T14:49:52.563023
71,12,68.10517885833707,2026-08-13T14:49:52.563023
72,13,2.0690456962250185,2026-08-13T14:49:52.563023
73,14,1498.0326205619122,2026-08-13T14:49:52.563023
74,15,76.60490209774576,2026-08-13T14:49:52.563023
75,4,74.66253389612329,2026-08-13T14:49:54.588386
76,5,1.950980396893593,2026-08-13T14:49:54.588386
77,6,1487.769529391341,2026-08-13T14:49:54.588386
78,7,77.45614143355246,2026-08-13T14:49:54.588386
79,8,97.94327469473987,2026-08-13T14:49:54.588386
80,9,72.02206128304856,2026-08-13T14:49:54.588386
81,10,2.012859423445495,2026-08-13T14:49:54.588386
82,11,1598.428318157936,2026-08-13T14:49:54.588386
83,12,74.28428208998452,2026-08-13T14:49:54.588386
84,13,2.070743088675486,2026-08-13T14:49:54.588386
85,14,1501.64099005832,2026-08-13T14:49:54.588386
86,15,73.14809848046829,2026-08-13T14:49:54.588386
87,4,68.73593212723978,2026-08-13T14:49:56.597083
88,5,1.8905580753376519,2026-08-13T14:49:56.597083
89,6,1509.4077531653425,2026-08-13T14:49:56.597083
90,7,73.02941143484702,2026-08-13T14:49:56.597083
91,8,100.90014680311374,2026-08-13T14:49:56.597083
92,9,68.5743639376391,2026-08-13T14:49:56.597083
93,10,2.0535970867346363,2026-08-13T14:49:56.597083
94,11,1360.7176416827892,2026-08-13T14:49:56.597083
95,12,71.00851733550647,2026-08-13T14:49:56.597083
96,13,2.0110657534916987,2026-08-13T14:49:56.597083
97,14,1608.6360776020276,2026-08-13T14:49:56.597083
98,15,73.09637744671561,2026-08-13T14:49:56.597083
99,4,68.81180632589796,2026-08-13T14:49:58.615830
100,5,1.9918461330006656,2026-08-13T14:49:58.615830
101,6,1418.1696454845517,2026-08-13T14:49:58.615830
102,7,67.99184592276895,2026-08-13T14:49:58.615830
103,8,108.11432583070356,2026-08-13T14:49:58.615830
104,9,71.86750225169558,2026-08-13T14:49:58.615830
105,10,2.071731828519639,2026-08-13T14:49:58.615830
106,11,1511.5055191401555,2026-08-13T14:49:58.615830
107,12,67.36922636670474,2026-08-13T14:49:58.615830
108,13,1.7886985443612244,2026-08-13T14:49:58.615830
109,14,1502.5910966179724,2026-08-13T14:49:58.615830
110,15,72.07852625149717,2026-08-13T14:49:58.615830
111,4,71.94639625728792,2026-08-13T14:50:00.622490
112,5,1.8501979445754326,2026-08-13T14:50:00.622490
113,6,1536.5436350398727,2026-08-13T14:50:00.622490
114,7,61.74182361092915,2026-08-13T14:50:00.622490
115,8,103.61156456628032,2026-08-13T14:50:00.622490
116,9,70.29699339559221,2026-08-13T14:50:00.622490
117,10,2.0338769258293485,2026-08-13T14:50:00.622490
118,11,1454.0243277335599,2026-08-13T14:50:00.622490
119,12,64.59393581809718,2026-08-13T14:50:00.622490
120,13,2.002210018246612,2026-08-13T14:50:00.622490
121,14,1537.9656126198527,2026-08-13T14:50:00.622490
122,15,69.68720106174699,2026-08-13T14:50:00.622490
123,4,70.26357934558101,2026-08-13T14:50:02.631862
124,5,1.8632088034126721,2026-08-13T14:50:02.631862
125,6,1547.0255660482424,2026-08-13T14:50:02.631862
126,7,74.40252364292506,2026-08-13T14:50:02.631862
127,8,93.63494578486204,2026-08-13T14:50:02.631862
128,9,68.99026859094676,2026-08-13T14:50:02.631862
129,10,1.9155526601769337,2026-08-13T14:50:02.631862
130,11,1472.9850174724018,2026-08-13T14:50:02.631862
131,12,71.27125777180377,2026-08-13T14:50:02.631862
132,13,1.9290123786611626,2026-08-13T14:50:02.631862
133,14,1595.6869779972947,2026-08-13T14:50:02.631862
134,15,69.77426491879964,2026-08-13T14:50:02.631862
135,4,73.71481723049303,2026-08-13T14:50:04.639960
136,5,2.071821876744975,2026-08-13T14:50:04.639960
137,6,1536.9248883655423,2026-08-13T14:50:04.639960
138,7,69.69834851782826,2026-08-13T14:50:04.639960
139,8,100.75684578265356,2026-08-13T14:50:04.639960
140,9,75.54569890123791,2026-08-13T14:50:04.639960
141,10,1.907875946547379,2026-08-13T14:50:04.639960
142,11,1637.1666294977495,2026-08-13T14:50:04.639960
143,12,70.39821086052804,2026-08-13T14:50:04.639960
144,13,2.0941049847005844,2026-08-13T14:50:04.639960
145,14,1380.4590460711747,2026-08-13T14:50:04.639960
146,15,70.67567944871551,2026-08-13T14:50:04.639960
147,4,66.01345791586547,2026-08-13T14:50:06.670610
148,5,1.9300423668855369,2026-08-13T14:50:06.670610
149,6,1435.6444970293014,2026-08-13T14:50:06.670610
150,7,67.0323965626781,2026-08-13T14:50:06.670610
151,8,103.51745611523496,2026-08-13T14:50:06.670610
152,9,70.44668620876692,2026-08-13T14:50:06.670610
153,10,1.9643417675096917,2026-08-13T14:50:06.670610
154,11,1423.4342420408823,2026-08-13T14:50:06.670610
155,12,71.77326998931838,2026-08-13T14:50:06.670610
156,13,1.9294937658993043,2026-08-13T14:50:06.670610
157,14,1556.586654904578,2026-08-13T14:50:06.670610
158,15,75.6360534503864,2026-08-13T14:50:06.670610
159,4,69.37751742515084,2026-08-13T14:50:08.678713
160,5,2.0800026734831314,2026-08-13T14:50:08.678713
161,6,1643.4191025317625,2026-08-13T14:50:08.678713
162,7,73.99825198308498,2026-08-13T14:50:08.678713
163,8,98.99407335165087,2026-08-13T14:50:08.678713
164,9,71.68511411377123,2026-08-13T14:50:08.678713
165,10,1.8599768374109145,2026-08-13T14:50:08.678713
166,11,1540.5556052907646,2026-08-13T14:50:08.678713
167,12,65.07851987432198,2026-08-13T14:50:08.678713
168,13,1.9909941071360253,2026-08-13T14:50:08.678713
169,14,1461.6254299232005,2026-08-13T14:50:08.678713
170,15,70.81084878637446,2026-08-13T14:50:08.678713
171,1,70.19008969334821,2026-08-13T14:50:10.694279
172,2,2.041070730378251,2026-08-13T14:50:10.694279
173,3,1423.553771356955,2026-08-13T14:50:10.694279
174,4,77.74819985278765,2026-08-13T14:50:10.694279
175,5,1.9880754907769802,2026-08-13T14:50:10.694279
176,6,1538.0305166797232,2026-08-13T14:50:10.694279
177,7,66.50285953941224,2026-08-13T14:50:10.694279
178,8,99.46470076090735,2026-08-13T14:50:10.694279
179,9,68.23949258437912,2026-08-13T14:50:10.694279
180,10,2.040672914778628,2026-08-13T14:50:10.694279
181,11,1554.5031883177696,2026-08-13T14:50:10.694279
182,12,66.68614690407257,2026-08-13T14:50:10.694279
183,13,1.9709274958011702,2026-08-13T14:50:10.694279
184,14,1631.3561106429202,2026-08-13T14:50:10.694279
185,15,72.20820136786826,2026-08-13T14:50:10.694279
186,1,69.4432725490368,2026-08-13T14:50:12.721232
187,2,2.0980074029485882,2026-08-13T14:50:12.721232
188,3,1434.7775721939113,2026-08-13T14:50:12.721232
189,4,67.35747402194303,2026-08-13T14:50:12.721232
190,5,2.026600724485541,2026-08-13T14:50:12.721232
191,6,1447.0260076093386,2026-08-13T14:50:12.721232
192,7,70.81367093195855,2026-08-13T14:50:12.721232
193,8,103.27715457654966,2026-08-13T14:50:12.721232
194,9,70.65112225585833,2026-08-13T14:50:12.721232
195,10,1.8086423941263687,2026-08-13T14:50:12.721232
196,11,1661.6261612116434,2026-08-13T14:50:12.721232
197,12,72.39736696311903,2026-08-13T14:50:12.721232
198,13,2.1241615606226723,2026-08-13T14:50:12.721232
199,14,1484.0136312430025,2026-08-13T14:50:12.721232
200,15,74.32050077815303,2026-08-13T14:50:12.721232
201,1,77.56928564347925,2026-08-13T14:50:14.741156
202,2,1.9740288489969138,2026-08-13T14:50:14.741156
203,3,1514.0902967981099,2026-08-13T14:50:14.741156
204,4,66.29874708925438,2026-08-13T14:50:14.741156
205,5,2.0148202075270754,2026-08-13T14:50:14.741156
206,6,1601.2156239292744,2026-08-13T14:50:14.741156
207,7,72.60837670261095,2026-08-13T14:50:14.741156
208,8,95.09690238027748,2026-08-13T14:50:14.741156
209,9,72.67477968304473,2026-08-13T14:50:14.741156
210,10,1.9509438991480483,2026-08-13T14:50:14.741156
211,11,1534.933390023219,2026-08-13T14:50:14.741156
212,12,68.82308773171869,2026-08-13T14:50:14.741156
213,13,2.027272347734333,2026-08-13T14:50:14.741156
214,14,1458.1807534996954,2026-08-13T14:50:14.741156
215,15,73.51748859053477,2026-08-13T14:50:14.741156
216,1,68.4976420690116,2026-08-13T14:50:16.752330
217,2,2.014905478494167,2026-08-13T14:50:16.752330
218,3,1570.1795250365449,2026-08-13T14:50:16.752330
219,4,70.79154026157323,2026-08-13T14:50:16.752330
220,5,2.1285914129203483,2026-08-13T14:50:16.752330
221,6,1536.567884295723,2026-08-13T14:50:16.752330
222,7,74.62285064322532,2026-08-13T14:50:16.752330
223,8,102.26989638118779,2026-08-13T14:50:16.752330
224,9,71.73911212006756,2026-08-13T14:50:16.752330
225,10,1.9012442244139252,2026-08-13T14:50:16.752330
226,11,1556.501451320251,2026-08-13T14:50:16.752330
227,12,74.94335535385675,2026-08-13T14:50:16.752330
228,13,1.959795802021622,2026-08-13T14:50:16.752330
229,14,1614.9685927108596,2026-08-13T14:50:16.752330
230,15,70.63832164945953,2026-08-13T14:50:16.752330
231,1,69.3483777780829,2026-08-13T14:50:18.772329
232,2,2.041433088798479,2026-08-13T14:50:18.772329
233,3,1377.7738663541588,2026-08-13T14:50:18.772329
234,4,62.35322176955107,2026-08-13T14:50:18.772329
235,5,2.1684115177079906,2026-08-13T14:50:18.772329
236,6,1560.3299697970347,2026-08-13T14:50:18.772329
237,7,63.15944376071727,2026-08-13T14:50:18.772329
238,8,101.49545094784574,2026-08-13T14:50:18.772329
239,9,68.78022935292253,2026-08-13T14:50:18.772329
240,10,2.0801867116788113,2026-08-13T14:50:18.772329
241,11,1459.3824481570527,2026-08-13T14:50:18.772329
242,12,70.4081772454439,2026-08-13T14:50:18.772329
243,13,1.9994515603460357,2026-08-13T14:50:18.772329
244,14,1497.0603271143643,2026-08-13T14:50:18.772329
245,15,67.78842080908022,2026-08-13T14:50:18.772329
246,1,70.00484613354597,2026-08-13T14:50:20.792970
247,2,2.1348284239728748,2026-08-13T14:50:20.792970
248,3,1476.308504312812,2026-08-13T14:50:20.792970
249,4,70.73187745402272,2026-08-13T14:50:20.792970
250,5,1.9425809244740735,2026-08-13T14:50:20.792970
251,6,1453.922234297709,2026-08-13T14:50:20.792970
252,7,69.59888167122692,2026-08-13T14:50:20.792970
253,8,104.65615425901761,2026-08-13T14:50:20.792970
254,9,72.39038891162744,2026-08-13T14:50:20.792970
255,10,2.0252058183440984,2026-08-13T14:50:20.792970
256,11,1522.782895947606,2026-08-13T14:50:20.792970
257,12,65.06454636860742,2026-08-13T14:50:20.792970
258,13,2.173082217128199,2026-08-13T14:50:20.792970
259,14,1390.6619421647686,2026-08-13T14:50:20.792970
260,15,67.06394939288414,2026-08-13T14:50:20.792970
261,1,66.37329501633816,2026-08-13T14:50:22.801698
262,2,1.9426677083416821,2026-08-13T14:50:22.801698
263,3,1547.249758848455,2026-08-13T14:50:22.801698
264,4,70.77755697247758,2026-08-13T14:50:22.801698
265,5,1.9920650034288174,2026-08-13T14:50:22.801698
266,6,1595.0161387288738,2026-08-13T14:50:22.801698
267,7,69.83375159438357,2026-08-13T14:50:22.801698
268,8,97.20624774125815,2026-08-13T14:50:22.801698
269,9,69.50769129000035,2026-08-13T14:50:22.801698
270,10,1.9428920281975417,2026-08-13T14:50:22.801698
271,11,1571.1144809056755,2026-08-13T14:50:22.801698
272,12,69.67878453391099,2026-08-13T14:50:22.801698
273,13,1.8935966642619873,2026-08-13T14:50:22.801698
274,14,1487.9982738780407,2026-08-13T14:50:22.801698
275,15,75.66458563908293,2026-08-13T14:50:22.801698
276,1,69.72183611879784,2026-08-13T14:50:24.808862
277,2,2.0275178464024033,2026-08-13T14:50:24.808862
278,3,1461.877862441254,2026-08-13T14:50:24.808862
279,4,69.96271899624698,2026-08-13T14:50:24.808862
280,5,2.132208180790475,2026-08-13T14:50:24.808862
281,6,1424.6167933052805,2026-08-13T14:50:24.808862
282,7,69.67101367552415,2026-08-13T14:50:24.808862
283,8,104.2093412648792,2026-08-13T14:50:24.808862
284,9,76.30490579325061,2026-08-13T14:50:24.808862
285,10,2.0437422071815057,2026-08-13T14:50:24.808862
286,11,1493.5761376574476,2026-08-13T14:50:24.808862
287,12,65.85016125166655,2026-08-13T14:50:24.808862
288,13,2.002659242729733,2026-08-13T14:50:24.808862
289,14,1377.3527763057386,2026-08-13T14:50:24.808862
290,15,59.24614281336666,2026-08-13T14:50:24.808862
291,1,68.39944553347121,2026-08-13T14:50:26.833647
292,2,1.872368828702777,2026-08-13T14:50:26.833647
293,3,1615.0987835097642,2026-08-13T14:50:26.833647
294,4,73.95009035390244,2026-08-13T14:50:26.833647
295,5,1.967243990952802,2026-08-13T14:50:26.833647
296,6,1377.789171422546,2026-08-13T14:50:26.833647
297,7,72.00637080886797,2026-08-13T14:50:26.833647
298,8,104.71519002026432,2026-08-13T14:50:26.833647
299,9,73.60800614992246,2026-08-13T14:50:26.833647
300,10,1.878523247448092,2026-08-13T14:50:26.833647
301,11,1556.819175024447,2026-08-13T14:50:26.833647
302,12,69.80903453649637,2026-08-13T14:50:26.833647
303,13,1.9292019920257881,2026-08-13T14:50:26.833647
304,14,1500.9644849038243,2026-08-13T14:50:26.833647
305,15,71.78785891764038,2026-08-13T14:50:26.833647
306,1,66.15458898564155,2026-08-13T14:50:28.841290
307,2,2.123338109051771,2026-08-13T14:50:28.841290
308,3,1363.5495094649502,2026-08-13T14:50:28.841290
309,4,72.81077462641082,2026-08-13T14:50:28.841290
310,5,1.9321917830084991,2026-08-13T14:50:28.841290
311,6,1611.4754629507859,2026-08-13T14:50:28.841290
312,7,72.15846649297295,2026-08-13T14:50:28.841290
313,8,98.22041222775033,2026-08-13T14:50:28.841290
314,9,69.18859598834116,2026-08-13T14:50:28.841290
315,10,1.9795313196809663,2026-08-13T14:50:28.841290
316,11,1468.4552168107675,2026-08-13T14:50:28.841290
317,12,72.16194738045299,2026-08-13T14:50:28.841290
318,13,1.9178076087839129,2026-08-13T14:50:28.841290
319,14,1539.6392409381456,2026-08-13T14:50:28.841290
320,15,65.72249999590144,2026-08-13T14:50:28.841290
321,1,69.46183338438907,2026-08-13T14:50:30.863755
322,2,1.9650438226009628,2026-08-13T14:50:30.863755
323,3,1565.8651149701595,2026-08-13T14:50:30.863755
324,4,67.62553229958195,2026-08-13T14:50:30.863755
325,5,1.84149289165621,2026-08-13T14:50:30.863755
326,6,1605.1881366500395,2026-08-13T14:50:30.863755
327,7,68.8881249603208,2026-08-13T14:50:30.863755
328,8,101.67666778076325,2026-08-13T14:50:30.863755
329,9,69.34773157657365,2026-08-13T14:50:30.863755
330,10,1.8620611415361095,2026-08-13T14:50:30.863755
331,11,1637.3536649920688,2026-08-13T14:50:30.863755
332,12,73.7072320741716,2026-08-13T14:50:30.863755
333,13,1.8842927166802066,2026-08-13T14:50:30.863755
334,14,1499.5643213440062,2026-08-13T14:50:30.863755
335,15,75.58028019387059,2026-08-13T14:50:30.863755
336,1,69.8369354408026,2026-08-13T14:50:32.885083
337,2,1.8339957604955734,2026-08-13T14:50:32.885083
338,3,1591.1476922535564,2026-08-13T14:50:32.885083
339,4,70.0301715232687,2026-08-13T14:50:32.885083
340,5,1.9436893939415447,2026-08-13T14:50:32.885083
341,6,1559.519558986906,2026-08-13T14:50:32.885083
342,7,65.0860942617014,2026-08-13T14:50:32.885083
343,8,100.34222017694614,2026-08-13T14:50:32.885083
344,9,70.43650466523584,2026-08-13T14:50:32.885083
345,10,1.902683809521332,2026-08-13T14:50:32.885083
346,11,1563.450941731654,2026-08-13T14:50:32.885083
347,12,66.38295027195633,2026-08-13T14:50:32.885083
348,13,2.0819583197130993,2026-08-13T14:50:32.885083
349,14,1446.3069563461288,2026-08-13T14:50:32.885083
350,15,69.54037620058664,2026-08-13T14:50:32.885083
351,1,65.88789546119142,2026-08-13T14:50:34.907208
352,2,1.9615288227636944,2026-08-13T14:50:34.907208
353,3,1471.420037512983,2026-08-13T14:50:34.907208
354,4,68.38207447678127,2026-08-13T14:50:34.907208
355,5,1.7296970227144937,2026-08-13T14:50:34.907208
356,6,1535.3880519862946,2026-08-13T14:50:34.907208
357,7,77.58969245621401,2026-08-13T14:50:34.907208
358,8,102.5610577716557,2026-08-13T14:50:34.907208
359,9,68.5352705532662,2026-08-13T14:50:34.907208
360,10,2.068802863957517,2026-08-13T14:50:34.907208
361,11,1480.3859552653762,2026-08-13T14:50:34.907208
362,12,72.24949094154316,2026-08-13T14:50:34.907208
363,13,2.1297625316855178,2026-08-13T14:50:34.907208
364,14,1640.3119045024732,2026-08-13T14:50:34.907208
365,15,70.94276849455129,2026-08-13T14:50:34.907208
366,1,65.8271483579178,2026-08-13T14:50:36.916518
367,2,1.8818743020949058,2026-08-13T14:50:36.916518
368,3,1470.4368523852916,2026-08-13T14:50:36.916518
369,4,64.79775495422021,2026-08-13T14:50:36.916518
370,5,2.0548077140698036,2026-08-13T14:50:36.916518
371,6,1292.6052101566981,2026-08-13T14:50:36.916518
372,7,74.18008570093335,2026-08-13T14:50:36.916518
373,8,110.40846910143743,2026-08-13T14:50:36.916518
374,9,69.88158405321101,2026-08-13T14:50:36.916518
375,10,1.9606061702303712,2026-08-13T14:50:36.916518
376,11,1405.8316372045379,2026-08-13T14:50:36.916518
377,12,71.30892387252887,2026-08-13T14:50:36.916518
378,13,1.9309347630437181,2026-08-13T14:50:36.916518
379,14,1644.1303920213018,2026-08-13T14:50:36.916518
380,15,67.35049953878293,2026-08-13T14:50:36.916518
381,1,69.90788272195933,2026-08-13T14:50:38.935482
382,2,2.0875094748838183,2026-08-13T14:50:38.935482
383,3,1452.180841784268,2026-08-13T14:50:38.935482
384,4,67.85077486879804,2026-08-13T14:50:38.935482
385,5,1.9600239366850583,2026-08-13T14:50:38.935482
386,6,1573.0808473582458,2026-08-13T14:50:38.935482
387,7,69.83175559700301,2026-08-13T14:50:38.935482
388,8,98.40417670553764,2026-08-13T14:50:38.935482
389,9,71.01195693421539,2026-08-13T14:50:38.935482
390,10,2.1157606551827395,2026-08-13T14:50:38.935482
391,11,1435.2062853153027,2026-08-13T14:50:38.935482
392,12,66.20335789550326,2026-08-13T14:50:38.935482
393,13,1.9879912576505594,2026-08-13T14:50:38.935482
394,14,1593.7017953823806,2026-08-13T14:50:38.935482
395,15,71.46832529945381,2026-08-13T14:50:38.935482
396,1,62.99797110978571,2026-08-13T14:50:40.960093
397,2,1.8997592143307513,2026-08-13T14:50:40.960093
398,3,1485.2843556962464,2026-08-13T14:50:40.960093
399,4,74.35893130497287,2026-08-13T14:50:40.960093
400,5,2.0474189607702926,2026-08-13T14:50:40.960093
401,6,1509.1507711224228,2026-08-13T14:50:40.960093
402,7,70.60367633327265,2026-08-13T14:50:40.960093
403,8,107.87494940771809,2026-08-13T14:50:40.960093
404,9,74.54912294435097,2026-08-13T14:50:40.960093
405,10,2.060242155435174,2026-08-13T14:50:40.960093
406,11,1409.8348234148325,2026-08-13T14:50:40.960093
407,12,67.55084202055761,2026-08-13T14:50:40.960093
408,13,2.042514875754296,2026-08-13T14:50:40.960093
409,14,1574.318374248342,2026-08-13T14:50:40.960093
410,15,65.43629423064135,2026-08-13T14:50:40.960093
411,1,70.73259770605044,2026-08-13T14:50:42.971394
412,2,2.112130169937074,2026-08-13T14:50:42.971394
413,3,1463.1745515980447,2026-08-13T14:50:42.971394
414,4,69.22537224527836,2026-08-13T14:50:42.971394
415,5,2.0535428951811614,2026-08-13T14:50:42.971394
416,6,1458.0194664067135,2026-08-13T14:50:42.971394
417,7,62.84116207474764,2026-08-13T14:50:42.971394
418,8,102.07769628547533,2026-08-13T14:50:42.971394
419,9,72.71272076371271,2026-08-13T14:50:42.971394
420,10,2.10373527310641,2026-08-13T14:50:42.971394
421,11,1495.641353680852,2026-08-13T14:50:42.971394
422,12,71.84966922264294,2026-08-13T14:50:42.971394
423,13,1.938931522876393,2026-08-13T14:50:42.971394
424,14,1441.5388102145039,2026-08-13T14:50:42.971394
425,15,67.33485297774392,2026-08-13T14:50:42.971394
426,1,60.24931771811711,2026-08-13T14:50:44.991611
427,2,1.9028325746914654,2026-08-13T14:50:44.991611
428,3,1427.1423676414997,2026-08-13T14:50:44.991611
429,4,68.06034494517215,2026-08-13T14:50:44.991611
430,5,1.995420971466716,2026-08-13T14:50:44.991611
431,6,1493.320497765191,2026-08-13T14:50:44.991611
432,7,72.66386607133013,2026-08-13T14:50:44.991611
433,8,104.58606367642076,2026-08-13T14:50:44.991611
434,9,66.64669273770917,2026-08-13T14:50:44.991611
435,10,2.0538560745834773,2026-08-13T14:50:44.991611
436,11,1493.7842625284432,2026-08-13T14:50:44.991611
437,12,65.33113912219915,2026-08-13T14:50:44.991611
438,13,2.1571193887176663,2026-08-13T14:50:44.991611
439,14,1543.2125878388576,2026-08-13T14:50:44.991611
440,15,71.35001568975538,2026-08-13T14:50:44.991611
441,1,65.13547973686359,2026-08-13T14:50:46.998970
442,2,2.0590891692087303,2026-08-13T14:50:46.998970
443,3,1413.8178513617372,2026-08-13T14:50:46.998970
444,4,63.036655984056694,2026-08-13T14:50:46.998970
445,5,2.1750497436355145,2026-08-13T14:50:46.998970
446,6,1411.2573060723726,2026-08-13T14:50:46.998970
447,7,68.56905549535374,2026-08-13T14:50:46.998970
448,8,103.22224642138872,2026-08-13T14:50:46.998970
449,9,68.814050868065,2026-08-13T14:50:46.998970
450,10,2.2133048042222923,2026-08-13T14:50:46.998970
451,11,1563.6388526103142,2026-08-13T14:50:46.998970
452,12,69.58031729383366,2026-08-13T14:50:46.998970
453,13,1.8956540837070899,2026-08-13T14:50:46.998970
454,14,1577.9670107718377,2026-08-13T14:50:46.998970
455,15,69.81347179558696,2026-08-13T14:50:46.998970
456,1,70.579048308868,2026-08-13T14:50:49.020714
457,2,2.0298568999337654,2026-08-13T14:50:49.020714
458,3,1438.7465569521914,2026-08-13T14:50:49.020714
459,4,68.5758272256424,2026-08-13T14:50:49.020714
460,5,1.9294793000291248,2026-08-13T14:50:49.020714
461,6,1492.7898467635882,2026-08-13T14:50:49.020714
462,7,67.51651389017032,2026-08-13T14:50:49.020714
463,8,109.97010899739887,2026-08-13T14:50:49.020714
464,9,72.2507475853529,2026-08-13T14:50:49.020714
465,10,2.013858010474784,2026-08-13T14:50:49.020714
466,11,1424.8142166941198,2026-08-13T14:50:49.020714
467,12,70.84905981992341,2026-08-13T14:50:49.020714
468,13,1.9969869189074994,2026-08-13T14:50:49.020714
469,14,1552.0863577017335,2026-08-13T14:50:49.020714
470,15,71.42232369974992,2026-08-13T14:50:49.020714
471,1,75.38621466161624,2026-08-13T14:50:51.029620
472,2,1.9655928795098208,2026-08-13T14:50:51.029620
473,3,1487.0979237525937,2026-08-13T14:50:51.029620
474,4,73.84730967825688,2026-08-13T14:50:51.029620
475,5,2.008814896734892,2026-08-13T14:50:51.029620
476,6,1487.98166943879,2026-08-13T14:50:51.029620
477,7,70.16322668519689,2026-08-13T14:50:51.029620
478,8,110.18623229173494,2026-08-13T14:50:51.029620
479,9,68.19031774391556,2026-08-13T14:50:51.029620
480,10,2.0791374314067417,2026-08-13T14:50:51.029620
481,11,1524.5819711622664,2026-08-13T14:50:51.029620
482,12,73.19077688715137,2026-08-13T14:50:51.029620
483,13,2.03180165988635,2026-08-13T14:50:51.029620
484,14,1460.9051166153035,2026-08-13T14:50:51.029620
485,15,66.30290638702044,2026-08-13T14:50:51.029620
486,1,72.48258629193458,2026-08-13T14:50:53.038038
487,2,1.9936100459837716,2026-08-13T14:50:53.038038
488,3,1472.5244195485482,2026-08-13T14:50:53.038038
489,4,75.25388346054054,2026-08-13T14:50:53.038038
490,5,2.0172243341852747,2026-08-13T14:50:53.038038
491,6,1503.6168370280075,2026-08-13T14:50:53.038038
492,9,67.78538659163631,2026-08-13T14:50:53.038038
493,10,1.8457735701869191,2026-08-13T14:50:53.038038
494,11,1456.2974093370801,2026-08-13T14:50:53.038038
495,15,72.27438491480012,2026-08-13T14:50:53.038038
496,1,70.65150235210204,2026-08-13T14:50:55.044588
497,2,1.991525571339222,2026-08-13T14:50:55.044588
498,3,1476.1373504610283,2026-08-13T14:50:55.044588
499,4,75.62085925278396,2026-08-13T14:50:55.044588
500,5,1.8818563368669254,2026-08-13T14:50:55.044588
501,6,1410.9207909714978,2026-08-13T14:50:55.044588
502,9,69.3633679149057,2026-08-13T14:50:55.044588
503,10,1.953949838682564,2026-08-13T14:50:55.044588
504,11,1552.5566983931208,2026-08-13T14:50:55.044588
505,15,71.86978723377342,2026-08-13T14:50:55.044588
506,1,73.49647769575373,2026-08-13T14:50:57.065472
507,2,2.1463833654301205,2026-08-13T14:50:57.065472
508,3,1304.7925280419563,2026-08-13T14:50:57.065472
509,4,70.3063527279,2026-08-13T14:50:57.065472
510,5,2.0492984004046613,2026-08-13T14:50:57.065472
511,6,1551.180965449062,2026-08-13T14:50:57.065472
512,9,66.14990028153437,2026-08-13T14:50:57.065472
513,10,2.0567966648483327,2026-08-13T14:50:57.065472
514,11,1508.7075998523221,2026-08-13T14:50:57.065472
515,1,69.26150316520093,2026-08-13T14:50:59.073294
516,2,1.923914334100348,2026-08-13T14:50:59.073294
517,3,1507.8733121276175,2026-08-13T14:50:59.073294
518,4,66.2414561062695,2026-08-13T14:50:59.073294
519,5,1.91168473158125,2026-08-13T14:50:59.073294
520,6,1562.2713724350679,2026-08-13T14:50:59.073294
521,9,70.50501648819903,2026-08-13T14:50:59.073294
522,10,1.9533096087383803,2026-08-13T14:50:59.073294
523,11,1407.4387071725082,2026-08-13T14:50:59.073294
524,15,68.48093625807569,2026-08-13T14:50:59.073294
525,1,73.92748333031227,2026-08-13T14:51:01.081581
526,2,2.060867245022476,2026-08-13T14:51:01.081581
527,3,1446.1582359176741,2026-08-13T14:51:01.081581
528,4,63.93087906208156,2026-08-13T14:51:01.081581
529,5,1.9624084288075108,2026-08-13T14:51:01.081581
530,6,1338.1982400880052,2026-08-13T14:51:01.081581
531,15,63.12548638836019,2026-08-13T14:51:01.081581
532,1,73.18657319818354,2026-08-13T14:51:03.105527
533,2,2.0357157261220746,2026-08-13T14:51:03.105527
534,3,1388.2424540632092,2026-08-13T14:51:03.105527
535,4,70.48448980363983,2026-08-13T14:51:03.105527
536,5,2.0313187167443836,2026-08-13T14:51:03.105527
537,6,1496.1198563220537,2026-08-13T14:51:03.105527
538,15,69.48987369447472,2026-08-13T14:51:03.105527
539,1,70.9507092668468,2026-08-13T14:51:05.127632
540,2,2.225368838714581,2026-08-13T14:51:05.127632
541,3,1519.8841780059327,2026-08-13T14:51:05.127632
542,4,68.81304435210825,2026-08-13T14:51:05.127632
543,5,2.1702058580534707,2026-08-13T14:51:05.127632
544,6,1613.7696085314956,2026-08-13T14:51:05.127632
545,15,74.7951991411258,2026-08-13T14:51:05.127632
546,1,76.2600545596291,2026-08-13T14:51:07.134404
547,2,2.006384044893266,2026-08-13T14:51:07.134404
548,3,1470.2979857761304,2026-08-13T14:51:07.134404
549,12,66.77321397363134,2026-08-13T14:51:07.134404
550,13,2.059012165086885,2026-08-13T14:51:07.134404
551,14,1505.1950139508651,2026-08-13T14:51:07.134404
552,15,70.7558049842002,2026-08-13T14:51:07.134404
553,1,71.86000473376468,2026-08-13T14:51:09.156709
554,2,2.1778680631825225,2026-08-13T14:51:09.156709
555,3,1453.8161813072954,2026-08-13T14:51:09.156709
556,12,69.18216357022844,2026-08-13T14:51:09.156709
557,13,1.9543926434021504,2026-08-13T14:51:09.156709
558,14,1499.330605920088,2026-08-13T14:51:09.156709
559,15,74.84261869001185,2026-08-13T14:51:09.156709
560,1,73.4542069404021,2026-08-13T14:51:11.175847
561,2,2.199130304938046,2026-08-13T14:51:11.175847
562,3,1497.8991872607232,2026-08-13T14:51:11.175847
563,7,59.54644492699924,2026-08-13T14:51:11.175847
564,8,101.13998636484719,2026-08-13T14:51:11.175847
565,12,78.33712066861058,2026-08-13T14:51:11.175847
566,13,1.9151014308046936,2026-08-13T14:51:11.175847
567,14,1589.5747205023654,2026-08-13T14:51:11.175847
568,15,72.48258037395576,2026-08-13T14:51:11.175847
569,1,75.0399183681345,2026-08-13T14:51:13.183225
570,2,1.770442369659983,2026-08-13T14:51:13.183225
571,3,1517.6186127548776,2026-08-13T14:51:13.183225
572,7,69.88961996962047,2026-08-13T14:51:13.183225
573,8,106.25617878971293,2026-08-13T14:51:13.183225
574,12,68.88592824382249,2026-08-13T14:51:13.183225
575,13,1.9562086569534693,2026-08-13T14:51:13.183225
576,14,1432.65014797073,2026-08-13T14:51:13.183225
577,15,70.19937709663314,2026-08-13T14:51:13.183225
578,1,64.99563192628707,2026-08-13T14:51:15.202714
579,2,2.241674897690276,2026-08-13T14:51:15.202714
580,3,1474.4548303712681,2026-08-13T14:51:15.202714
581,7,73.34391117287281,2026-08-13T14:51:15.202714
582,8,98.64759550871237,2026-08-13T14:51:15.202714
583,12,68.67356485090625,2026-08-13T14:51:15.202714
584,13,1.985477629823949,2026-08-13T14:51:15.202714
585,14,1414.375695394279,2026-08-13T14:51:15.202714
586,15,70.9656131321292,2026-08-13T14:51:15.202714
587,1,71.82110089939897,2026-08-13T14:51:17.226638
588,2,1.8851198345908258,2026-08-13T14:51:17.226638
589,3,1527.5584689216405,2026-08-13T14:51:17.226638
590,7,65.61172166810162,2026-08-13T14:51:17.226638
591,8,100.10629782596003,2026-08-13T14:51:17.226638
592,9,69.49207712095412,2026-08-13T14:51:17.226638
593,10,2.147491953156073,2026-08-13T14:51:17.226638
594,11,1629.3696568979574,2026-08-13T14:51:17.226638
595,12,71.20905846812165,2026-08-13T14:51:17.226638
596,13,1.972194376626574,2026-08-13T14:51:17.226638
597,14,1562.0398768199386,2026-08-13T14:51:17.226638
598,15,68.97941913433816,2026-08-13T14:51:17.226638
599,1,73.83224584798148,2026-08-13T14:51:19.246286
600,2,1.8615956665415034,2026-08-13T14:51:19.246286
601,3,1604.0540146415792,2026-08-13T14:51:19.246286
602,7,70.52732336589267,2026-08-13T14:51:19.246286
603,8,106.58204996760868,2026-08-13T14:51:19.246286
604,9,66.6985265206466,2026-08-13T14:51:19.246286
605,10,2.1796158668971146,2026-08-13T14:51:19.246286
606,11,1488.1195773913948,2026-08-13T14:51:19.246286
607,12,72.54172765371241,2026-08-13T14:51:19.246286
608,13,1.990387929696741,2026-08-13T14:51:19.246286
609,14,1400.4936401529033,2026-08-13T14:51:19.246286
610,15,65.0919710901121,2026-08-13T14:51:19.246286
611,1,74.12667996459263,2026-08-13T14:51:21.271623
612,2,2.048578834861919,2026-08-13T14:51:21.271623
613,3,1466.5639550685917,2026-08-13T14:51:21.271623
614,7,65.23919107583126,2026-08-13T14:51:21.271623
615,8,97.27404122745733,2026-08-13T14:51:21.271623
616,9,63.09515767736146,2026-08-13T14:51:21.271623
617,10,2.09294279899217,2026-08-13T14:51:21.271623
618,11,1517.4074818255422,2026-08-13T14:51:21.271623
619,12,68.66325310248172,2026-08-13T14:51:21.271623
620,13,2.0362660288080034,2026-08-13T14:51:21.271623
621,14,1461.2176219665696,2026-08-13T14:51:21.271623
622,15,68.66695984339955,2026-08-13T14:51:21.271623
623,1,70.21773514906909,2026-08-13T14:51:23.290717
624,2,2.029286623586464,2026-08-13T14:51:23.290717
625,3,1432.58354498432,2026-08-13T14:51:23.290717
626,7,74.76798570914258,2026-08-13T14:51:23.290717
627,8,109.98078805549248,2026-08-13T14:51:23.290717
628,9,69.84700785786,2026-08-13T14:51:23.290717
629,10,1.8836065947199996,2026-08-13T14:51:23.290717
630,11,1462.7512086828208,2026-08-13T14:51:23.290717
631,12,67.99712319705293,2026-08-13T14:51:23.290717
632,13,2.0793465604724624,2026-08-13T14:51:23.290717
633,14,1482.6934497955779,2026-08-13T14:51:23.290717
634,15,66.36873726486267,2026-08-13T14:51:23.290717
635,1,72.95154375826348,2026-08-13T14:51:25.299730
636,2,2.053377636803929,2026-08-13T14:51:25.299730
637,3,1502.8123177704538,2026-08-13T14:51:25.299730
638,7,70.90308543343089,2026-08-13T14:51:25.299730
639,8,102.39931750763954,2026-08-13T14:51:25.299730
640,9,69.97262587019907,2026-08-13T14:51:25.299730
641,10,1.9769558752786411,2026-08-13T14:51:25.299730
642,11,1515.457775534196,2026-08-13T14:51:25.299730
643,12,74.09748840490192,2026-08-13T14:51:25.299730
644,13,1.918629858553951,2026-08-13T14:51:25.299730
645,14,1589.8887168585122,2026-08-13T14:51:25.299730
646,15,70.79562501602175,2026-08-13T14:51:25.299730
647,1,69.9660720097689,2026-08-13T14:51:27.331736
648,2,2.05608140668507,2026-08-13T14:51:27.331736
649,3,1516.3875632515208,2026-08-13T14:51:27.331736
650,7,71.92855020645806,2026-08-13T14:51:27.331736
651,8,101.41136899565865,2026-08-13T14:51:27.331736
652,9,66.45511665038178,2026-08-13T14:51:27.331736
653,10,1.941374379056333,2026-08-13T14:51:27.331736
654,11,1498.2086619192567,2026-08-13T14:51:27.331736
655,12,68.25410102114465,2026-08-13T14:51:27.331736
656,13,1.8746226720832628,2026-08-13T14:51:27.331736
657,14,1497.478431123374,2026-08-13T14:51:27.331736
658,15,68.5746492851527,2026-08-13T14:51:27.331736
659,1,66.10585745118235,2026-08-13T14:51:29.339276
660,2,1.8182415331183552,2026-08-13T14:51:29.339276
661,3,1549.4474369613201,2026-08-13T14:51:29.339276
662,7,69.84557131755399,2026-08-13T14:51:29.339276
663,8,95.58305698607705,2026-08-13T14:51:29.339276
664,9,63.873885881257614,2026-08-13T14:51:29.339276
665,10,2.0938815515165903,2026-08-13T14:51:29.339276
666,11,1516.275939649807,2026-08-13T14:51:29.339276
667,12,71.54744969646244,2026-08-13T14:51:29.339276
668,13,2.1108698063970386,2026-08-13T14:51:29.339276
669,14,1472.9393578166564,2026-08-13T14:51:29.339276
670,15,65.02497207913585,2026-08-13T14:51:29.339276
671,7,75.95665581984233,2026-08-13T14:51:31.358584
672,8,103.76563562671652,2026-08-13T14:51:31.358584
673,9,67.60757525296522,2026-08-13T14:51:31.358584
674,10,2.150794562600319,2026-08-13T14:51:31.358584
675,11,1476.2933059939267,2026-08-13T14:51:31.358584
676,12,72.59418052722512,2026-08-13T14:51:31.358584
677,13,2.2096091628693597,2026-08-13T14:51:31.358584
678,14,1466.9543465263903,2026-08-13T14:51:31.358584
679,15,65.35277369807837,2026-08-13T14:51:31.358584
680,1,71.35031621455883,2026-08-13T14:51:33.365593
681,2,2.030912190109131,2026-08-13T14:51:33.365593
682,3,1571.9472618446187,2026-08-13T14:51:33.365593
683,7,71.33508078496074,2026-08-13T14:51:33.365593
684,8,105.97370366869418,2026-08-13T14:51:33.365593
685,9,71.82266694331574,2026-08-13T14:51:33.365593
686,10,1.8377236654668814,2026-08-13T14:51:33.365593
687,11,1617.5253889446108,2026-08-13T14:51:33.365593
688,12,69.67269710808056,2026-08-13T14:51:33.365593
689,13,2.052313220198091,2026-08-13T14:51:33.365593
690,14,1584.8244785570953,2026-08-13T14:51:33.365593
691,15,69.7974207496519,2026-08-13T14:51:33.365593
692,1,70.14967632163007,2026-08-13T14:51:35.384518
693,2,1.9891930641122144,2026-08-13T14:51:35.384518
694,3,1391.7320677634755,2026-08-13T14:51:35.384518
695,7,77.05748848088932,2026-08-13T14:51:35.384518
696,8,103.2642444667419,2026-08-13T14:51:35.384518
697,9,71.04151466967183,2026-08-13T14:51:35.384518
698,10,1.937745360116536,2026-08-13T14:51:35.384518
699,11,1535.0443009927758,2026-08-13T14:51:35.384518
700,12,74.41418061721782,2026-08-13T14:51:35.384518
701,13,2.091131499318017,2026-08-13T14:51:35.384518
702,14,1516.3379137136533,2026-08-13T14:51:35.384518
703,15,70.53719935911111,2026-08-13T14:51:35.384518
704,1,71.57849469816898,2026-08-13T14:51:37.391812
705,2,2.0248158803997063,2026-08-13T14:51:37.391812
706,3,1397.0824796129054,2026-08-13T14:51:37.391812
707,7,71.93200697817782,2026-08-13T14:51:37.391812
708,8,102.77837413303016,2026-08-13T14:51:37.391812
709,9,72.52321543306265,2026-08-13T14:51:37.391812
710,10,2.14288707414032,2026-08-13T14:51:37.391812
711,11,1364.9557853868637,2026-08-13T14:51:37.391812
712,12,69.34512060387743,2026-08-13T14:51:37.391812
713,13,1.9581318616756616,2026-08-13T14:51:37.391812
714,14,1533.1742520817813,2026-08-13T14:51:37.391812
715,15,69.81418302758136,2026-08-13T14:51:37.391812
716,1,64.25216863961285,2026-08-13T14:51:39.413942
717,2,1.820789905903208,2026-08-13T14:51:39.413942
718,3,1459.3427218058848,2026-08-13T14:51:39.413942
719,7,68.80648771715937,2026-08-13T14:51:39.413942
720,8,96.92000274013657,2026-08-13T14:51:39.413942
721,9,71.15976857358268,2026-08-13T14:51:39.413942
722,10,1.9250766089037696,2026-08-13T14:51:39.413942
723,11,1511.0540604978266,2026-08-13T14:51:39.413942
724,12,68.65275494682437,2026-08-13T14:51:39.413942
725,13,1.991004188713939,2026-08-13T14:51:39.413942
726,14,1509.541642884229,2026-08-13T14:51:39.413942
727,15,68.78838048468259,2026-08-13T14:51:39.413942
728,1,70.593370845046,2026-08-13T14:51:41.439399
729,2,1.9087711914478693,2026-08-13T14:51:41.439399
730,3,1488.3663804614405,2026-08-13T14:51:41.439399
731,7,70.16549023586862,2026-08-13T14:51:41.439399
732,8,97.06483074115353,2026-08-13T14:51:41.439399
733,9,69.10200626682526,2026-08-13T14:51:41.439399
734,10,1.870074677864822,2026-08-13T14:51:41.439399
735,11,1443.3013516548092,2026-08-13T14:51:41.439399
736,12,64.76830573676972,2026-08-13T14:51:41.439399
737,13,2.1245867816234876,2026-08-13T14:51:41.439399
738,14,1366.3406575843833,2026-08-13T14:51:41.439399
739,15,63.398424808503705,2026-08-13T14:51:41.439399
740,1,69.11963501268072,2026-08-13T14:51:43.459058
741,2,2.0158689221683748,2026-08-13T14:51:43.459058
742,3,1562.9391619207533,2026-08-13T14:51:43.459058
743,7,64.09297414686151,2026-08-13T14:51:43.459058
744,8,98.15026211474827,2026-08-13T14:51:43.459058
745,9,69.77595337246943,2026-08-13T14:51:43.459058
746,10,1.9987515255122588,2026-08-13T14:51:43.459058
747,11,1533.8353356560792,2026-08-13T14:51:43.459058
748,12,73.31305202176404,2026-08-13T14:51:43.459058
749,13,2.1642268535304425,2026-08-13T14:51:43.459058
750,14,1523.4064074381117,2026-08-13T14:51:43.459058
751,15,78.09158018119915,2026-08-13T14:51:43.459058
752,1,72.04894513932095,2026-08-13T14:51:45.469276
753,2,1.99450074810827,2026-08-13T14:51:45.469276
754,3,1585.9642684982005,2026-08-13T14:51:45.469276
755,4,64.97305748594756,2026-08-13T14:51:45.469276
756,5,1.9238391175064307,2026-08-13T14:51:45.469276
757,6,1350.1038010214231,2026-08-13T14:51:45.469276
758,7,71.14167096302369,2026-08-13T14:51:45.469276
759,8,96.49616256889219,2026-08-13T14:51:45.469276
760,9,66.40575908776292,2026-08-13T14:51:45.469276
761,10,1.956316981235818,2026-08-13T14:51:45.469276
762,11,1558.6972036716156,2026-08-13T14:51:45.469276
763,12,74.8962886093591,2026-08-13T14:51:45.469276
764,13,2.035904633443197,2026-08-13T14:51:45.469276
765,14,1448.7831862817739,2026-08-13T14:51:45.469276
766,15,71.20635726702709,2026-08-13T14:51:45.469276
767,1,60.33674503973344,2026-08-13T14:51:47.488599
768,2,1.9345637337038224,2026-08-13T14:51:47.488599
769,3,1473.612115651927,2026-08-13T14:51:47.488599
770,4,68.57820502376325,2026-08-13T14:51:47.488599
771,5,1.911820331713269,2026-08-13T14:51:47.488599
772,6,1432.0758431082215,2026-08-13T14:51:47.488599
773,7,65.30921940701626,2026-08-13T14:51:47.488599
774,8,95.6936118491354,2026-08-13T14:51:47.488599
775,9,72.05129179519116,2026-08-13T14:51:47.488599
776,10,2.0479816298205042,2026-08-13T14:51:47.488599
777,11,1463.5750215800113,2026-08-13T14:51:47.488599
778,12,70.74078366069054,2026-08-13T14:51:47.488599
779,13,1.8062215366962824,2026-08-13T14:51:47.488599
780,14,1633.9519264429252,2026-08-13T14:51:47.488599
781,15,71.72664872581835,2026-08-13T14:51:47.488599
782,1,62.905178903890494,2026-08-13T14:51:49.504031
783,2,1.9319497465639464,2026-08-13T14:51:49.504031
784,3,1471.6982244670908,2026-08-13T14:51:49.504031
785,4,74.84788136756183,2026-08-13T14:51:49.504031
786,5,2.190848953953123,2026-08-13T14:51:49.504031
787,6,1458.731963040151,2026-08-13T14:51:49.504031
788,7,70.24630019047362,2026-08-13T14:51:49.504031
789,8,102.45544616769237,2026-08-13T14:51:49.504031
790,9,64.2506714214012,2026-08-13T14:51:49.504031
791,10,2.0330643094543057,2026-08-13T14:51:49.504031
792,11,1482.1202614295576,2026-08-13T14:51:49.504031
793,12,75.30716217095477,2026-08-13T14:51:49.504031
794,13,2.0501731773895058,2026-08-13T14:51:49.504031
795,14,1489.7618869296932,2026-08-13T14:51:49.504031
796,15,64.38606216971439,2026-08-13T14:51:49.504031
797,1,64.66518254184186,2026-08-13T14:51:51.524036
798,2,1.987510719191535,2026-08-13T14:51:51.524036
799,3,1455.2800246395873,2026-08-13T14:51:51.524036
800,4,72.94596748338098,2026-08-13T14:51:51.524036
801,5,1.9268389816588112,2026-08-13T14:51:51.524036
802,6,1424.7011139783588,2026-08-13T14:51:51.524036
803,7,65.43579146870466,2026-08-13T14:51:51.524036
804,8,98.34707070571835,2026-08-13T14:51:51.524036
805,9,71.35913922061188,2026-08-13T14:51:51.524036
806,10,2.0119070491375988,2026-08-13T14:51:51.524036
807,11,1277.7718103956827,2026-08-13T14:51:51.524036
808,12,68.45106287352976,2026-08-13T14:51:51.524036
809,13,2.1955462275635402,2026-08-13T14:51:51.524036
810,14,1370.6879451470054,2026-08-13T14:51:51.524036
811,15,70.29092319276339,2026-08-13T14:51:51.524036
812,1,70.42429972850587,2026-08-13T14:51:53.565940
813,2,1.8629534579621478,2026-08-13T14:51:53.565940
814,3,1505.2223970999146,2026-08-13T14:51:53.565940
815,4,70.98003036115854,2026-08-13T14:51:53.565940
816,5,2.00711720205132,2026-08-13T14:51:53.565940
817,6,1628.3614879244926,2026-08-13T14:51:53.565940
818,7,74.10419170469828,2026-08-13T14:51:53.565940
819,8,100.91953166639851,2026-08-13T14:51:53.565940
820,9,68.8857429752389,2026-08-13T14:51:53.565940
821,10,2.157467086693121,2026-08-13T14:51:53.565940
822,11,1370.6317225274959,2026-08-13T14:51:53.565940
823,12,70.07141355950455,2026-08-13T14:51:53.565940
824,13,1.9861237414854214,2026-08-13T14:51:53.565940
825,14,1602.74223823468,2026-08-13T14:51:53.565940
826,15,67.59520706703336,2026-08-13T14:51:53.565940
827,1,69.98843986672348,2026-08-13T14:51:55.586765
828,2,2.1604533388124723,2026-08-13T14:51:55.586765
829,3,1453.801483469186,2026-08-13T14:51:55.586765
830,4,70.89001725552025,2026-08-13T14:51:55.586765
831,5,1.9688366937910315,2026-08-13T14:51:55.586765
832,6,1417.2988145054717,2026-08-13T14:51:55.586765
833,7,67.8935954935648,2026-08-13T14:51:55.586765
834,8,96.04110733698576,2026-08-13T14:51:55.586765
835,9,69.49802701940862,2026-08-13T14:51:55.586765
836,10,1.9577369768093273,2026-08-13T14:51:55.586765
837,11,1510.3649583867132,2026-08-13T14:51:55.586765
838,12,71.16893554536306,2026-08-13T14:51:55.586765
839,13,1.8633800889551728,2026-08-13T14:51:55.586765
840,14,1550.8631031025982,2026-08-13T14:51:55.586765
841,15,69.52097709710209,2026-08-13T14:51:55.586765
842,1,73.90065768167851,2026-08-13T14:51:57.613463
843,2,2.003322545307719,2026-08-13T14:51:57.613463
844,3,1438.9241970954945,2026-08-13T14:51:57.613463
845,4,69.29825138399984,2026-08-13T14:51:57.613463
846,5,2.0807362506797564,2026-08-13T14:51:57.613463
847,6,1541.3023832665779,2026-08-13T14:51:57.613463
848,7,75.55125356707624,2026-08-13T14:51:57.613463
849,8,93.46202432292445,2026-08-13T14:51:57.613463
850,9,73.30766528811996,2026-08-13T14:51:57.613463
851,10,2.0516603753288942,2026-08-13T14:51:57.613463
852,11,1469.9196514945777,2026-08-13T14:51:57.613463
853,12,65.54438091280119,2026-08-13T14:51:57.613463
854,13,2.0368862386034072,2026-08-13T14:51:57.613463
855,14,1473.508038775435,2026-08-13T14:51:57.613463
856,15,72.95972518905192,2026-08-13T14:51:57.613463
857,1,72.81137682942992,2026-08-13T14:51:59.620929
858,2,2.0282679708036286,2026-08-13T14:51:59.620929
859,3,1553.272259338375,2026-08-13T14:51:59.620929
860,4,68.07599464914169,2026-08-13T14:51:59.620929
861,5,2.0205010550171845,2026-08-13T14:51:59.620929
862,6,1575.9952572591312,2026-08-13T14:51:59.620929
863,7,70.84644345058032,2026-08-13T14:51:59.620929
864,8,103.48044531595133,2026-08-13T14:51:59.620929
865,9,69.02758612869476,2026-08-13T14:51:59.620929
866,10,2.0681179045564986,2026-08-13T14:51:59.620929
867,11,1468.8247258499161,2026-08-13T14:51:59.620929
868,12,68.67249249771295,2026-08-13T14:51:59.620929
869,13,1.7631457558545045,2026-08-13T14:51:59.620929
870,14,1540.7752526315378,2026-08-13T14:51:59.620929
871,15,65.35980889821106,2026-08-13T14:51:59.620929
872,1,72.245478871883,2026-08-13T14:52:01.639278
873,2,2.0261071505668755,2026-08-13T14:52:01.639278
874,3,1554.1065018229463,2026-08-13T14:52:01.639278
875,4,71.02982096116924,2026-08-13T14:52:01.639278
876,5,1.985153771102385,2026-08-13T14:52:01.639278
877,6,1490.51439059944,2026-08-13T14:52:01.639278
878,7,68.27887077366582,2026-08-13T14:52:01.639278
879,8,103.07900916265304,2026-08-13T14:52:01.639278
880,9,66.47456658580907,2026-08-13T14:52:01.639278
881,10,2.1224610135225865,2026-08-13T14:52:01.639278
882,11,1506.0736625259901,2026-08-13T14:52:01.639278
883,12,65.34762005383153,2026-08-13T14:52:01.639278
884,13,2.191818960546919,2026-08-13T14:52:01.639278
885,14,1467.3023000313817,2026-08-13T14:52:01.639278
886,15,72.02845966089227,2026-08-13T14:52:01.639278
887,1,65.5811768889891,2026-08-13T14:52:03.659943
888,2,2.0539811255683063,2026-08-13T14:52:03.659943
889,3,1505.6834217574308,2026-08-13T14:52:03.659943
890,4,72.01071675713045,2026-08-13T14:52:03.659943
891,5,1.9017457493718843,2026-08-13T14:52:03.659943
892,6,1523.905820875405,2026-08-13T14:52:03.659943
893,7,66.85175956262907,2026-08-13T14:52:03.659943
894,8,100.99882192608523,2026-08-13T14:52:03.659943
895,9,77.13762041394335,2026-08-13T14:52:03.659943
896,10,1.9321792060306069,2026-08-13T14:52:03.659943
897,11,1458.6968392691376,2026-08-13T14:52:03.659943
898,12,71.51925762924606,2026-08-13T14:52:03.659943
899,13,1.9984500122632272,2026-08-13T14:52:03.659943
900,14,1449.0615167044677,2026-08-13T14:52:03.659943
901,15,67.10750300631278,2026-08-13T14:52:03.659943
902,1,64.47324530050432,2026-08-13T14:52:05.693321
903,2,1.9178229791480395,2026-08-13T14:52:05.693321
904,3,1497.9846920858545,2026-08-13T14:52:05.693321
905,4,70.0763172927711,2026-08-13T14:52:05.693321
906,5,1.8989801287385397,2026-08-13T14:52:05.693321
907,6,1509.6763995006177,2026-08-13T14:52:05.693321
908,7,64.68951718798375,2026-08-13T14:52:05.693321
909,8,97.69681796032562,2026-08-13T14:52:05.693321
910,9,67.78475364271276,2026-08-13T14:52:05.693321
911,10,1.9964525740649877,2026-08-13T14:52:05.693321
912,11,1503.0729245334103,2026-08-13T14:52:05.693321
913,12,72.55054122705116,2026-08-13T14:52:05.693321
914,13,2.0813591708510506,2026-08-13T14:52:05.693321
915,14,1585.1622462620476,2026-08-13T14:52:05.693321
916,15,69.54699159600331,2026-08-13T14:52:05.693321
917,1,72.0819264464216,2026-08-13T14:52:07.725978
918,2,2.1824794150684075,2026-08-13T14:52:07.725978
919,3,1601.143443196478,2026-08-13T14:52:07.725978
920,4,72.08305545122843,2026-08-13T14:52:07.725978
921,5,2.0385075469488165,2026-08-13T14:52:07.725978
922,6,1532.4110970173454,2026-08-13T14:52:07.725978
923,7,67.57760400290637,2026-08-13T14:52:07.725978
924,8,101.59009105288854,2026-08-13T14:52:07.725978
925,9,67.96637029340782,2026-08-13T14:52:07.725978
926,10,2.0451963883865885,2026-08-13T14:52:07.725978
927,11,1446.1965749690196,2026-08-13T14:52:07.725978
928,12,76.46717891887334,2026-08-13T14:52:07.725978
929,13,1.9936972379928217,2026-08-13T14:52:07.725978
930,14,1503.1773209037015,2026-08-13T14:52:07.725978
931,15,73.72129113575333,2026-08-13T14:52:07.725978
932,1,67.96746234627689,2026-08-13T14:52:09.746349
933,2,2.1684723092517797,2026-08-13T14:52:09.746349
934,3,1367.644673681247,2026-08-13T14:52:09.746349
935,4,77.59538109352337,2026-08-13T14:52:09.746349
936,5,2.030575811514533,2026-08-13T14:52:09.746349
937,6,1547.0783670853991,2026-08-13T14:52:09.746349
938,7,65.71865561579772,2026-08-13T14:52:09.746349
939,8,100.09359818325055,2026-08-13T14:52:09.746349
940,9,70.24831458654742,2026-08-13T14:52:09.746349
941,10,2.0777572904193145,2026-08-13T14:52:09.746349
942,11,1525.6027750909175,2026-08-13T14:52:09.746349
943,12,71.12609501215118,2026-08-13T14:52:09.746349
944,13,2.155508032678329,2026-08-13T14:52:09.746349
945,14,1590.2501561423394,2026-08-13T14:52:09.746349
946,15,72.45879983101824,2026-08-13T14:52:09.746349
947,1,68.94870758675063,2026-08-13T14:52:11.771492
948,2,1.9995140657976633,2026-08-13T14:52:11.771492
949,3,1485.3364117578683,2026-08-13T14:52:11.771492
950,4,74.60531726243556,2026-08-13T14:52:11.771492
951,5,2.093698477783064,2026-08-13T14:52:11.771492
952,6,1515.8546631018055,2026-08-13T14:52:11.771492
953,7,68.11483082931635,2026-08-13T14:52:11.771492
954,8,100.72912574238634,2026-08-13T14:52:11.771492
955,9,69.38721430066416,2026-08-13T14:52:11.771492
956,10,2.0858332650831786,2026-08-13T14:52:11.771492
957,11,1575.2607665171709,2026-08-13T14:52:11.771492
958,12,67.01688567531464,2026-08-13T14:52:11.771492
959,13,2.018893184297121,2026-08-13T14:52:11.771492
960,14,1343.570937562492,2026-08-13T14:52:11.771492
961,15,72.59845105813021,2026-08-13T14:52:11.771492
962,1,71.58264919860872,2026-08-13T14:52:13.798731
963,2,1.9228601692726988,2026-08-13T14:52:13.798731
964,3,1369.9343330225247,2026-08-13T14:52:13.798731
965,4,68.86799605224773,2026-08-13T14:52:13.798731
966,5,2.135306175246388,2026-08-13T14:52:13.798731
967,6,1465.9531016626559,2026-08-13T14:52:13.798731
968,7,67.57403845979003,2026-08-13T14:52:13.798731
969,8,100.54578876312475,2026-08-13T14:52:13.798731
970,9,71.71696676852079,2026-08-13T14:52:13.798731
971,10,2.008000448955946,2026-08-13T14:52:13.798731
972,11,1444.924884533034,2026-08-13T14:52:13.798731
973,1,66.26099886521804,2026-08-13T14:52:15.805689
974,2,2.1123259018997294,2026-08-13T14:52:15.805689
975,3,1401.0540310638385,2026-08-13T14:52:15.805689
976,4,70.37196454771563,2026-08-13T14:52:15.805689
977,5,2.105975703052014,2026-08-13T14:52:15.805689
978,6,1447.6796277474104,2026-08-13T14:52:15.805689
979,7,66.28403247473479,2026-08-13T14:52:15.805689
980,8,97.38986312054816,2026-08-13T14:52:15.805689
981,9,71.93573593249006,2026-08-13T14:52:15.805689
982,10,2.0519597427040215,2026-08-13T14:52:15.805689
983,11,1499.9339367841853,2026-08-13T14:52:15.805689
984,1,67.51017032430633,2026-08-13T14:52:17.826470
985,2,1.9148232210536196,2026-08-13T14:52:17.826470
986,3,1396.6363176228456,2026-08-13T14:52:17.826470
987,4,73.63008754964079,2026-08-13T14:52:17.826470
988,5,2.12304800719365,2026-08-13T14:52:17.826470
989,6,1444.2007492957011,2026-08-13T14:52:17.826470
990,7,73.0100214516174,2026-08-13T14:52:17.826470
991,8,102.02377714367981,2026-08-13T14:52:17.826470
992,9,70.7735448126143,2026-08-13T14:52:17.826470
993,10,1.86023753971663,2026-08-13T14:52:17.826470
994,11,1456.4907578894374,2026-08-13T14:52:17.826470
995,1,68.11970034978343,2026-08-13T14:52:19.855280
996,2,1.828382900453772,2026-08-13T14:52:19.855280
997,3,1464.590826891081,2026-08-13T14:52:19.855280
998,4,74.57789802653954,2026-08-13T14:52:19.855280
999,5,1.8960762165913907,2026-08-13T14:52:19.855280
1000,6,1528.4714993302284,2026-08-13T14:52:19.855280
1001,7,69.06316978065026,2026-08-13T14:52:19.855280
1002,8,98.58286149729172,2026-08-13T14:52:19.855280
1003,9,73.5713223505231,2026-08-13T14:52:19.855280
1004,10,1.9692866315131663,2026-08-13T14:52:19.855280
1005,11,1548.7279261524354,2026-08-13T14:52:19.855280
1006,12,74.7411606690878,2026-08-13T14:52:19.855280
1007,13,2.022691543189999,2026-08-13T14:52:19.855280
1008,14,1458.764832503912,2026-08-13T14:52:19.855280
1009,1,72.58513819312732,2026-08-13T14:52:21.862563
1010,2,2.071498772471877,2026-08-13T14:52:21.862563
1011,3,1517.3650690309028,2026-08-13T14:52:21.862563
1012,4,71.08310851512458,2026-08-13T14:52:21.862563
1013,5,2.0819764668595724,2026-08-13T14:52:21.862563
1014,6,1574.1068846120788,2026-08-13T14:52:21.862563
1015,7,72.59462455001365,2026-08-13T14:52:21.862563
1016,8,110.51991019616881,2026-08-13T14:52:21.862563
1017,9,68.46544984006982,2026-08-13T14:52:21.862563
1018,10,2.0151046045391703,2026-08-13T14:52:21.862563
1019,11,1358.6377191990784,2026-08-13T14:52:21.862563
1020,12,68.14178993641706,2026-08-13T14:52:21.862563
1021,13,2.029035925691215,2026-08-13T14:52:21.862563
1022,14,1606.2066061320054,2026-08-13T14:52:21.862563
1023,1,72.86230839299792,2026-08-13T14:52:23.869553
1024,2,1.8734570083952231,2026-08-13T14:52:23.869553
1025,3,1535.7906833677553,2026-08-13T14:52:23.869553
1026,4,75.44000875968801,2026-08-13T14:52:23.869553
1027,5,1.9623357345544843,2026-08-13T14:52:23.869553
1028,6,1585.6339769575072,2026-08-13T14:52:23.869553
1029,7,75.62576264073748,2026-08-13T14:52:23.869553
1030,8,100.65606701029273,2026-08-13T14:52:23.869553
1031,9,69.20092668427645,2026-08-13T14:52:23.869553
1032,10,1.9099419893211549,2026-08-13T14:52:23.869553
1033,11,1447.6948356726389,2026-08-13T14:52:23.869553
1034,12,70.72314492695297,2026-08-13T14:52:23.869553
1035,13,2.083312738891764,2026-08-13T14:52:23.869553
1036,14,1361.625153930544,2026-08-13T14:52:23.869553
1037,1,72.6293916512868,2026-08-13T14:52:25.876695
1038,2,2.0402500198186084,2026-08-13T14:52:25.876695
1039,3,1468.9790235357475,2026-08-13T14:52:25.876695
1040,4,72.58042404081186,2026-08-13T14:52:25.876695
1041,5,2.1276820891690185,2026-08-13T14:52:25.876695
1042,6,1568.5131527088815,2026-08-13T14:52:25.876695
1043,7,70.1377333456953,2026-08-13T14:52:25.876695
1044,8,105.04855103285448,2026-08-13T14:52:25.876695
1045,12,73.19029299692261,2026-08-13T14:52:25.876695
1046,13,2.22415683672941,2026-08-13T14:52:25.876695
1047,14,1579.6751560343107,2026-08-13T14:52:25.876695
1048,1,65.76904603834731,2026-08-13T14:52:27.884414
1049,2,1.774461162566206,2026-08-13T14:52:27.884414
1050,3,1538.3428621400315,2026-08-13T14:52:27.884414
1051,4,69.27778772348462,2026-08-13T14:52:27.884414
1052,5,2.06259455329909,2026-08-13T14:52:27.884414
1053,6,1532.1391507494636,2026-08-13T14:52:27.884414
1054,7,72.21900008373916,2026-08-13T14:52:27.884414
1055,8,100.79330867303032,2026-08-13T14:52:27.884414
1056,12,73.05989050588347,2026-08-13T14:52:27.884414
1057,13,2.0894883023635553,2026-08-13T14:52:27.884414
1058,14,1406.417330396733,2026-08-13T14:52:27.884414
1059,15,71.63923207050799,2026-08-13T14:52:27.884414
1060,1,71.57807781688759,2026-08-13T14:52:29.891031
1061,2,2.1129898211882083,2026-08-13T14:52:29.891031
1062,3,1633.1150727277109,2026-08-13T14:52:29.891031
1063,4,70.37608397565909,2026-08-13T14:52:29.891031
1064,5,1.9399968728307235,2026-08-13T14:52:29.891031
1065,6,1509.7658144021534,2026-08-13T14:52:29.891031
1066,7,65.35390864804033,2026-08-13T14:52:29.891031
1067,8,103.62811131244982,2026-08-13T14:52:29.891031
1068,12,69.88355875452169,2026-08-13T14:52:29.891031
1069,13,1.9607561101902098,2026-08-13T14:52:29.891031
1070,14,1546.3004460434308,2026-08-13T14:52:29.891031
1071,15,74.6150894474564,2026-08-13T14:52:29.891031
1072,1,66.7524637292268,2026-08-13T14:52:31.898997
1073,2,1.889265285655176,2026-08-13T14:52:31.898997
1074,3,1371.5751885683885,2026-08-13T14:52:31.898997
1075,4,70.92844555041854,2026-08-13T14:52:31.898997
1076,5,2.162315741360601,2026-08-13T14:52:31.898997
1077,6,1689.6703195388823,2026-08-13T14:52:31.898997
1078,12,72.37279556461962,2026-08-13T14:52:31.898997
1079,13,2.1752197798159854,2026-08-13T14:52:31.898997
1080,14,1572.5509101360599,2026-08-13T14:52:31.898997
1081,15,74.31537421850368,2026-08-13T14:52:31.898997
1082,1,80.27379847837594,2026-08-13T14:52:33.905398
1083,2,2.210823265554075,2026-08-13T14:52:33.905398
1084,3,1440.997044847241,2026-08-13T14:52:33.905398
1085,4,66.39919817439862,2026-08-13T14:52:33.905398
1086,5,1.9584665228641174,2026-08-13T14:52:33.905398
1087,6,1424.9448350613732,2026-08-13T14:52:33.905398
1088,12,66.70815496948462,2026-08-13T14:52:33.905398
1089,13,2.204694060615871,2026-08-13T14:52:33.905398
1090,14,1547.8536759774945,2026-08-13T14:52:33.905398
1091,15,68.44727633257807,2026-08-13T14:52:33.905398
1092,1,65.40480834287611,2026-08-13T14:52:35.912269
1093,2,1.9623310733287265,2026-08-13T14:52:35.912269
1094,3,1569.5443316177214,2026-08-13T14:52:35.912269
1095,4,64.97354516606325,2026-08-13T14:52:35.912269
1096,5,1.8434476976844638,2026-08-13T14:52:35.912269
1097,6,1540.2987793205284,2026-08-13T14:52:35.912269
1098,12,69.87224920197522,2026-08-13T14:52:35.912269
1099,13,2.01531628864938,2026-08-13T14:52:35.912269
1100,14,1579.3456802894532,2026-08-13T14:52:35.912269
1101,15,69.94176458245256,2026-08-13T14:52:35.912269
1102,1,69.78119511397045,2026-08-13T14:52:37.933769
1103,2,2.0050742986446273,2026-08-13T14:52:37.933769
1104,3,1471.7015949082108,2026-08-13T14:52:37.933769
1105,4,68.2671409508205,2026-08-13T14:52:37.933769
1106,5,2.034813990538289,2026-08-13T14:52:37.933769
1107,6,1568.9850311005514,2026-08-13T14:52:37.933769
1108,12,67.45757361169646,2026-08-13T14:52:37.933769
1109,13,1.813708881983103,2026-08-13T14:52:37.933769
1110,14,1532.949317725139,2026-08-13T14:52:37.933769
1111,15,68.72806253284107,2026-08-13T14:52:37.933769
1112,1,70.8289804841712,2026-08-13T14:52:39.956494
1113,2,1.8441372313768778,2026-08-13T14:52:39.956494
1114,3,1522.963711639111,2026-08-13T14:52:39.956494
1115,4,71.050320419792,2026-08-13T14:52:39.956494
1116,5,1.9167159976487218,2026-08-13T14:52:39.956494
1117,6,1480.0830386248583,2026-08-13T14:52:39.956494
1118,12,75.31335258863365,2026-08-13T14:52:39.956494
1119,13,1.9976957610900936,2026-08-13T14:52:39.956494
1120,14,1539.1553849380268,2026-08-13T14:52:39.956494
1121,15,62.916305995182555,2026-08-13T14:52:39.956494
1122,1,71.30814378541561,2026-08-13T14:52:41.976793
1123,2,2.0305522792542927,2026-08-13T14:52:41.976793
1124,3,1556.1343476727423,2026-08-13T14:52:41.976793
1125,4,68.60825477292646,2026-08-13T14:52:41.976793
1126,5,2.0195833272213335,2026-08-13T14:52:41.976793
1127,6,1588.4304095793736,2026-08-13T14:52:41.976793
1128,7,67.7312948518101,2026-08-13T14:52:41.976793
1129,8,106.23567288597609,2026-08-13T14:52:41.976793
1130,12,74.08157447433399,2026-08-13T14:52:41.976793
1131,13,2.027065133797141,2026-08-13T14:52:41.976793
1132,14,1557.905954090204,2026-08-13T14:52:41.976793
1133,15,79.19985267931516,2026-08-13T14:52:41.976793
1134,1,65.7828346040689,2026-08-13T14:52:43.998167
1135,2,1.9267042560715995,2026-08-13T14:52:43.998167
1136,3,1518.395933458957,2026-08-13T14:52:43.998167
1137,4,72.97380059105326,2026-08-13T14:52:43.998167
1138,5,2.0219056579167973,2026-08-13T14:52:43.998167
1139,6,1460.5743616410643,2026-08-13T14:52:43.998167
1140,7,71.57498735701743,2026-08-13T14:52:43.998167
1141,8,100.48286600250576,2026-08-13T14:52:43.998167
1142,9,69.38286385646319,2026-08-13T14:52:43.998167
1143,10,2.2165193301599753,2026-08-13T14:52:43.998167
1144,11,1381.067137284784,2026-08-13T14:52:43.998167
1145,12,73.56109188000015,2026-08-13T14:52:43.998167
1146,13,2.1111204869887326,2026-08-13T14:52:43.998167
1147,14,1466.1863350792214,2026-08-13T14:52:43.998167
1148,15,57.26161263720355,2026-08-13T14:52:43.998167
1149,1,72.61142687890312,2026-08-13T14:52:46.019489
1150,2,1.9807868877147192,2026-08-13T14:52:46.019489
1151,3,1574.719723640946,2026-08-13T14:52:46.019489
1152,4,73.39545551618939,2026-08-13T14:52:46.019489
1153,5,2.076645508361641,2026-08-13T14:52:46.019489
1154,6,1499.3016603503052,2026-08-13T14:52:46.019489
1155,7,68.82414930559402,2026-08-13T14:52:46.019489
1156,8,96.66806101934088,2026-08-13T14:52:46.019489
1157,9,66.82912049906622,2026-08-13T14:52:46.019489
1158,10,1.9970307298069576,2026-08-13T14:52:46.019489
1159,11,1461.6081056291155,2026-08-13T14:52:46.019489
1160,12,69.78002101359542,2026-08-13T14:52:46.019489
1161,13,1.776386408108144,2026-08-13T14:52:46.019489
1162,14,1672.208650513239,2026-08-13T14:52:46.019489
1163,15,65.54579595641053,2026-08-13T14:52:46.019489
1164,1,73.54936240669643,2026-08-13T14:52:48.037310
1165,2,1.831615043383636,2026-08-13T14:52:48.037310
1166,3,1479.1129618550428,2026-08-13T14:52:48.037310
1167,4,68.22166794523689,2026-08-13T14:52:48.037310
1168,5,2.2124685222256737,2026-08-13T14:52:48.037310
1169,6,1399.36065070115,2026-08-13T14:52:48.037310
1170,7,71.09615940825819,2026-08-13T14:52:48.037310
1171,8,96.35064690609094,2026-08-13T14:52:48.037310
1172,9,64.84665070118609,2026-08-13T14:52:48.037310
1173,10,2.0349039301248815,2026-08-13T14:52:48.037310
1174,11,1511.5713926291464,2026-08-13T14:52:48.037310
1175,12,66.93851954708263,2026-08-13T14:52:48.037310
1176,13,2.0107561685661213,2026-08-13T14:52:48.037310
1177,14,1489.2764110291191,2026-08-13T14:52:48.037310
1178,15,70.47074256115317,2026-08-13T14:52:48.037310
1179,1,68.43442101625955,2026-08-13T14:52:50.054280
1180,2,1.8869847125850592,2026-08-13T14:52:50.054280
1181,3,1545.9077248433332,2026-08-13T14:52:50.054280
1182,4,69.59550312149325,2026-08-13T14:52:50.054280
1183,5,1.829725231444685,2026-08-13T14:52:50.054280
1184,6,1540.0018486999793,2026-08-13T14:52:50.054280
1185,7,70.66465771582381,2026-08-13T14:52:50.054280
1186,8,99.16596707905788,2026-08-13T14:52:50.054280
1187,9,78.67680096879384,2026-08-13T14:52:50.054280
1188,10,2.0817409871420858,2026-08-13T14:52:50.054280
1189,11,1522.4449131108574,2026-08-13T14:52:50.054280
1190,12,68.70655238215377,2026-08-13T14:52:50.054280
1191,13,1.9581452802404078,2026-08-13T14:52:50.054280
1192,14,1541.863523038043,2026-08-13T14:52:50.054280
1193,15,71.8957501691291,2026-08-13T14:52:50.054280
1194,7,71.58711495928866,2026-08-13T14:52:52.063433
1195,8,98.27582064064863,2026-08-13T14:52:52.063433
1196,9,69.80856267091133,2026-08-13T14:52:52.063433
1197,10,1.8881081025197424,2026-08-13T14:52:52.063433
1198,11,1613.9824389290686,2026-08-13T14:52:52.063433
1199,12,69.71203337544839,2026-08-13T14:52:52.063433
1200,13,2.040379532305977,2026-08-13T14:52:52.063433
1201,14,1487.9266651867554,2026-08-13T14:52:52.063433
1202,15,71.75797053704285,2026-08-13T14:52:52.063433
1203,7,72.97841816863824,2026-08-13T14:52:54.083496
1204,8,95.75362810316847,2026-08-13T14:52:54.083496
1205,9,68.93551979808203,2026-08-13T14:52:54.083496
1206,10,1.9081015963199004,2026-08-13T14:52:54.083496
1207,11,1434.2230672978906,2026-08-13T14:52:54.083496
1208,12,68.94035061917558,2026-08-13T14:52:54.083496
1209,13,1.934726123574771,2026-08-13T14:52:54.083496
1210,14,1529.0665685394597,2026-08-13T14:52:54.083496
1211,15,68.87997016820778,2026-08-13T14:52:54.083496
1212,7,71.6581410831444,2026-08-13T14:52:56.102756
1213,8,96.66878093890566,2026-08-13T14:52:56.102756
1214,9,68.93446309317727,2026-08-13T14:52:56.102756
1215,10,2.108970692763756,2026-08-13T14:52:56.102756
1216,11,1419.9143303671353,2026-08-13T14:52:56.102756
1217,12,72.16666170630816,2026-08-13T14:52:56.102756
1218,13,2.0262928904005797,2026-08-13T14:52:56.102756
1219,14,1555.300493525675,2026-08-13T14:52:56.102756
1220,15,67.03329954253338,2026-08-13T14:52:56.102756
1221,7,69.14916119226372,2026-08-13T14:52:58.126958
1222,8,100.87343254150532,2026-08-13T14:52:58.126958
1223,9,69.3860166510427,2026-08-13T14:52:58.126958
1224,10,2.037004614168101,2026-08-13T14:52:58.126958
1225,11,1630.5216888103598,2026-08-13T14:52:58.126958
1226,12,69.26792275006666,2026-08-13T14:52:58.126958
1227,13,2.106056502082,2026-08-13T14:52:58.126958
1228,14,1508.264087657721,2026-08-13T14:52:58.126958
1229,15,63.65560071266856,2026-08-13T14:52:58.126958
1230,7,73.29566271366545,2026-08-13T14:53:00.166857
1231,8,99.15418983028805,2026-08-13T14:53:00.166857
1232,9,65.34968775955551,2026-08-13T14:53:00.166857
1233,10,1.9605746428613837,2026-08-13T14:53:00.166857
1234,11,1452.5987423477175,2026-08-13T14:53:00.166857
1235,12,71.21617534987874,2026-08-13T14:53:00.166857
1236,13,2.012359581293541,2026-08-13T14:53:00.166857
1237,14,1592.486420113851,2026-08-13T14:53:00.166857
1238,15,67.70939811493852,2026-08-13T14:53:00.166857
1239,7,68.2936128251235,2026-08-13T14:53:02.177392
1240,8,88.14005322752334,2026-08-13T14:53:02.177392
1241,9,72.80744011865663,2026-08-13T14:53:02.177392
1242,10,1.9945968911828202,2026-08-13T14:53:02.177392
1243,11,1403.8466504329479,2026-08-13T14:53:02.177392
1244,12,71.40188304576606,2026-08-13T14:53:02.177392
1245,13,1.94200819542377,2026-08-13T14:53:02.177392
1246,14,1506.2670700300573,2026-08-13T14:53:02.177392
1247,15,66.62121809487824,2026-08-13T14:53:02.177392
1248,7,66.84378662953074,2026-08-13T14:53:04.198303
1249,8,104.77879662688409,2026-08-13T14:53:04.198303
1250,9,75.62100031422084,2026-08-13T14:53:04.198303
1251,10,1.9683171480089687,2026-08-13T14:53:04.198303
1252,11,1606.7781272983989,2026-08-13T14:53:04.198303
1253,12,68.87342341897731,2026-08-13T14:53:04.198303
1254,13,2.036783896859652,2026-08-13T14:53:04.198303
1255,14,1474.3829650512234,2026-08-13T14:53:04.198303
1256,15,70.9546463172869,2026-08-13T14:53:04.198303
1257,7,73.14896482983559,2026-08-13T14:53:06.218068
1258,8,100.93904935829735,2026-08-13T14:53:06.218068
1259,9,67.44351424013227,2026-08-13T14:53:06.218068
1260,10,1.9463223608022289,2026-08-13T14:53:06.218068
1261,11,1681.2064256742074,2026-08-13T14:53:06.218068
1262,12,71.5916558402971,2026-08-13T14:53:06.218068
1263,13,2.0835741966060355,2026-08-13T14:53:06.218068
1264,14,1580.4218479484712,2026-08-13T14:53:06.218068
1265,15,75.4479263202121,2026-08-13T14:53:06.218068
1266,7,63.96120625318718,2026-08-13T14:53:08.237763
1267,8,109.00076630174236,2026-08-13T14:53:08.237763
1268,9,71.08909344550543,2026-08-13T14:53:08.237763
1269,10,1.9534186670441493,2026-08-13T14:53:08.237763
1270,11,1430.7964011952306,2026-08-13T14:53:08.237763
1271,12,70.28967291970339,2026-08-13T14:53:08.237763
1272,13,2.1094035149115418,2026-08-13T14:53:08.237763
1273,14,1429.1497728827453,2026-08-13T14:53:08.237763
1274,15,73.57133302645458,2026-08-13T14:53:08.237763
1275,7,63.57654391826314,2026-08-13T14:53:10.278140
1276,8,90.017839006797,2026-08-13T14:53:10.278140
1277,9,74.14666333764485,2026-08-13T14:53:10.278140
1278,10,2.2135153067793283,2026-08-13T14:53:10.278140
1279,11,1628.7914536025519,2026-08-13T14:53:10.278140
1280,12,74.11670574811518,2026-08-13T14:53:10.278140
1281,13,1.9997958780520906,2026-08-13T14:53:10.278140
1282,14,1571.1667808671039,2026-08-13T14:53:10.278140
1283,15,74.79784426844915,2026-08-13T14:53:10.278140
1284,7,67.31227062570777,2026-08-13T14:53:12.288277
1285,8,101.37787305786068,2026-08-13T14:53:12.288277
1286,9,67.63481029423419,2026-08-13T14:53:12.288277
1287,10,1.8754616964839288,2026-08-13T14:53:12.288277
1288,11,1435.440556917962,2026-08-13T14:53:12.288277
1289,12,75.04577672648648,2026-08-13T14:53:12.288277
1290,13,1.9132056634447445,2026-08-13T14:53:12.288277
1291,14,1438.1699130807604,2026-08-13T14:53:12.288277
1292,15,65.44227256495753,2026-08-13T14:53:12.288277
1293,7,78.33524533945659,2026-08-13T14:53:14.308750
1294,8,89.53026754375719,2026-08-13T14:53:14.308750
1295,9,68.02965999141621,2026-08-13T14:53:14.308750
1296,10,2.0377245391869496,2026-08-13T14:53:14.308750
1297,11,1406.9529078086582,2026-08-13T14:53:14.308750
1298,12,67.02145161516177,2026-08-13T14:53:14.308750
1299,13,1.9482998876536854,2026-08-13T14:53:14.308750
1300,14,1532.7530745240504,2026-08-13T14:53:14.308750
1301,15,73.56717583296532,2026-08-13T14:53:14.308750
1302,7,73.36244041713364,2026-08-13T14:53:16.342546
1303,8,95.16017602965937,2026-08-13T14:53:16.342546
1304,9,66.44779975992407,2026-08-13T14:53:16.342546
1305,10,1.9868624743859593,2026-08-13T14:53:16.342546
1306,11,1533.7067277282422,2026-08-13T14:53:16.342546
1307,12,71.34906102663558,2026-08-13T14:53:16.342546
1308,13,1.9378450153114677,2026-08-13T14:53:16.342546
1309,14,1479.9800709741683,2026-08-13T14:53:16.342546
1310,15,69.63071860069424,2026-08-13T14:53:16.342546
1311,7,72.88216698422555,2026-08-13T14:53:18.351251
1312,8,102.92458321806541,2026-08-13T14:53:18.351251
1313,9,69.70083980148682,2026-08-13T14:53:18.351251
1314,10,2.1628368813303998,2026-08-13T14:53:18.351251
1315,11,1490.7405820533897,2026-08-13T14:53:18.351251
1316,12,62.85543411463204,2026-08-13T14:53:18.351251
1317,13,1.641317551218635,2026-08-13T14:53:18.351251
1318,14,1502.141399410384,2026-08-13T14:53:18.351251
1319,15,64.4117163999538,2026-08-13T14:53:18.351251
1320,7,68.72570298691073,2026-08-13T14:53:20.372643
1321,8,96.15565142461739,2026-08-13T14:53:20.372643
1322,9,69.64112042134477,2026-08-13T14:53:20.372643
1323,10,1.860866282933802,2026-08-13T14:53:20.372643
1324,11,1491.9793434016237,2026-08-13T14:53:20.372643
1325,12,70.71805456052859,2026-08-13T14:53:20.372643
1326,13,1.959172421556568,2026-08-13T14:53:20.372643
1327,14,1521.8180802358474,2026-08-13T14:53:20.372643
1328,15,69.08896710418944,2026-08-13T14:53:20.372643
1329,4,70.05560511718336,2026-08-13T14:53:22.380664
1330,5,2.231723429474249,2026-08-13T14:53:22.380664
1331,6,1500.2519408973412,2026-08-13T14:53:22.380664
1332,7,68.77779055110571,2026-08-13T14:53:22.380664
1333,8,102.36961004378757,2026-08-13T14:53:22.380664
1334,9,74.22821300904675,2026-08-13T14:53:22.380664
1335,10,2.1000502991393346,2026-08-13T14:53:22.380664
1336,11,1636.2472829255112,2026-08-13T14:53:22.380664
1337,12,72.65400663227386,2026-08-13T14:53:22.380664
1338,13,1.8356970862531474,2026-08-13T14:53:22.380664
1339,14,1525.0655756398073,2026-08-13T14:53:22.380664
1340,15,67.01994883587612,2026-08-13T14:53:22.380664
1341,4,69.22961793968435,2026-08-13T14:53:24.401841
1342,5,1.9122815217446316,2026-08-13T14:53:24.401841
1343,6,1554.5862728088007,2026-08-13T14:53:24.401841
1344,7,72.97686862627332,2026-08-13T14:53:24.401841
1345,8,99.1967200462662,2026-08-13T14:53:24.401841
1346,9,74.24627225417768,2026-08-13T14:53:24.401841
1347,10,2.18057140355951,2026-08-13T14:53:24.401841
1348,11,1533.7282766769629,2026-08-13T14:53:24.401841
1349,12,70.21451646961586,2026-08-13T14:53:24.401841
1350,13,1.9700385340796434,2026-08-13T14:53:24.401841
1351,14,1411.6142612566723,2026-08-13T14:53:24.401841
1352,15,68.39187593560061,2026-08-13T14:53:24.401841
1353,4,68.60886737390169,2026-08-13T14:53:26.410416
1354,5,1.823560387610495,2026-08-13T14:53:26.410416
1355,6,1588.8368462517647,2026-08-13T14:53:26.410416
1356,7,68.22015088431165,2026-08-13T14:53:26.410416
1357,8,108.20971123949302,2026-08-13T14:53:26.410416
1358,9,72.85655387412714,2026-08-13T14:53:26.410416
1359,10,2.0022853109535856,2026-08-13T14:53:26.410416
1360,11,1595.1619733839661,2026-08-13T14:53:26.410416
1361,12,72.27415671735878,2026-08-13T14:53:26.410416
1362,13,1.920974754943188,2026-08-13T14:53:26.410416
1363,14,1481.163454175842,2026-08-13T14:53:26.410416
1364,15,67.33240395112576,2026-08-13T14:53:26.410416
1365,4,68.52228251010825,2026-08-13T14:53:28.437508
1366,5,1.9139139217327705,2026-08-13T14:53:28.437508
1367,6,1515.6983709090823,2026-08-13T14:53:28.437508
1368,7,67.44981483038923,2026-08-13T14:53:28.437508
1369,8,106.97767182015119,2026-08-13T14:53:28.437508
1370,9,67.12126277340221,2026-08-13T14:53:28.437508
1371,10,1.8326579201166466,2026-08-13T14:53:28.437508
1372,11,1424.8361819318834,2026-08-13T14:53:28.437508
1373,12,68.1079060521115,2026-08-13T14:53:28.437508
1374,13,1.899644096288851,2026-08-13T14:53:28.437508
1375,14,1500.9326246516425,2026-08-13T14:53:28.437508
1376,15,67.77700311857036,2026-08-13T14:53:28.437508
1377,4,67.9012790152875,2026-08-13T14:53:30.462719
1378,5,2.1161814958193705,2026-08-13T14:53:30.462719
1379,6,1611.2403516233614,2026-08-13T14:53:30.462719
1380,7,69.91423606635524,2026-08-13T14:53:30.462719
1381,8,92.44872467944195,2026-08-13T14:53:30.462719
1382,9,74.34575684303265,2026-08-13T14:53:30.462719
1383,10,2.141721550367623,2026-08-13T14:53:30.462719
1384,11,1508.3864038474624,2026-08-13T14:53:30.462719
1385,12,70.4552858729431,2026-08-13T14:53:30.462719
1386,13,1.9232529003408572,2026-08-13T14:53:30.462719
1387,14,1452.2073342401568,2026-08-13T14:53:30.462719
1388,15,73.80313722796743,2026-08-13T14:53:30.462719
1389,4,69.586634597628,2026-08-13T14:53:32.485224
1390,5,2.094004429907216,2026-08-13T14:53:32.485224
1391,6,1496.710967523631,2026-08-13T14:53:32.485224
1392,7,70.44773621368788,2026-08-13T14:53:32.485224
1393,8,97.98437551385823,2026-08-13T14:53:32.485224
1394,9,67.77658280681511,2026-08-13T14:53:32.485224
1395,10,1.7956646509797325,2026-08-13T14:53:32.485224
1396,11,1483.4304191549884,2026-08-13T14:53:32.485224
1397,12,72.69250022937618,2026-08-13T14:53:32.485224
1398,13,2.022513671213491,2026-08-13T14:53:32.485224
1399,14,1568.823871924027,2026-08-13T14:53:32.485224
1400,15,67.74859581284976,2026-08-13T14:53:32.485224
1401,4,67.35944105939026,2026-08-13T14:53:34.493997
1402,5,1.9998858021927581,2026-08-13T14:53:34.493997
1403,6,1445.1807970533516,2026-08-13T14:53:34.493997
1404,7,68.96151362771052,2026-08-13T14:53:34.493997
1405,8,98.2330216225396,2026-08-13T14:53:34.493997
1406,9,74.97447318550172,2026-08-13T14:53:34.493997
1407,10,2.031963112062603,2026-08-13T14:53:34.493997
1408,11,1414.9019710858101,2026-08-13T14:53:34.493997
1409,12,67.42281108925152,2026-08-13T14:53:34.493997
1410,13,1.8494721519731139,2026-08-13T14:53:34.493997
1411,14,1393.905561723071,2026-08-13T14:53:34.493997
1412,15,72.93552022770218,2026-08-13T14:53:34.493997
1413,4,67.02692545527069,2026-08-13T14:53:36.516356
1414,5,2.058460064980354,2026-08-13T14:53:36.516356
1415,6,1507.6929329483353,2026-08-13T14:53:36.516356
1416,7,70.07611931638529,2026-08-13T14:53:36.516356
1417,8,90.90903866495911,2026-08-13T14:53:36.516356
1418,9,69.21108360481566,2026-08-13T14:53:36.516356
1419,10,2.0272468323019894,2026-08-13T14:53:36.516356
1420,11,1432.5550300535283,2026-08-13T14:53:36.516356
1421,15,76.84809524367581,2026-08-13T14:53:36.516356
1422,4,73.77724410360314,2026-08-13T14:53:38.526317
1423,5,2.0447972001939005,2026-08-13T14:53:38.526317
1424,6,1522.4974111976146,2026-08-13T14:53:38.526317
1425,7,67.95018489865693,2026-08-13T14:53:38.526317
1426,8,97.97341081090688,2026-08-13T14:53:38.526317
1427,9,70.16037221799348,2026-08-13T14:53:38.526317
1428,10,2.1336370598270427,2026-08-13T14:53:38.526317
1429,11,1556.0338976314338,2026-08-13T14:53:38.526317
1430,15,66.67981643341182,2026-08-13T14:53:38.526317
1431,4,68.07132555926022,2026-08-13T14:53:40.548818
1432,5,2.08731760327161,2026-08-13T14:53:40.548818
1433,6,1472.79044443419,2026-08-13T14:53:40.548818
1434,7,69.69122509624503,2026-08-13T14:53:40.548818
1435,8,103.54098901917817,2026-08-13T14:53:40.548818
1436,9,79.36357700029637,2026-08-13T14:53:40.548818
1437,10,2.046304580621328,2026-08-13T14:53:40.548818
1438,11,1655.4130765261987,2026-08-13T14:53:40.548818
1439,15,75.02765043211738,2026-08-13T14:53:40.548818
1440,4,73.78864705212142,2026-08-13T14:53:42.556080
1441,5,2.066912218715011,2026-08-13T14:53:42.556080
1442,6,1470.6508674771642,2026-08-13T14:53:42.556080
1443,7,71.65551526311077,2026-08-13T14:53:42.556080
1444,8,106.84138102331784,2026-08-13T14:53:42.556080
1445,9,67.27721398692523,2026-08-13T14:53:42.556080
1446,10,1.9463059423949631,2026-08-13T14:53:42.556080
1447,11,1523.1122238120834,2026-08-13T14:53:42.556080
1448,15,69.12831003658918,2026-08-13T14:53:42.556080
1449,4,69.81692478842379,2026-08-13T14:53:44.578484
1450,5,1.994402223638147,2026-08-13T14:53:44.578484
1451,6,1543.5000106715256,2026-08-13T14:53:44.578484
1452,7,72.02296789420215,2026-08-13T14:53:44.578484
1453,8,99.07255101421978,2026-08-13T14:53:44.578484
1454,9,65.78057456536318,2026-08-13T14:53:44.578484
1455,10,1.9098209330463247,2026-08-13T14:53:44.578484
1456,11,1570.2742501735866,2026-08-13T14:53:44.578484
1457,15,60.16648247781797,2026-08-13T14:53:44.578484
1458,4,67.10349992125347,2026-08-13T14:53:46.587275
1459,5,1.9927906130766802,2026-08-13T14:53:46.587275
1460,6,1473.3778862940762,2026-08-13T14:53:46.587275
1461,7,69.18526557828689,2026-08-13T14:53:46.587275
1462,8,96.44918741161077,2026-08-13T14:53:46.587275
1463,9,70.00697333088458,2026-08-13T14:53:46.587275
1464,10,2.054484126183493,2026-08-13T14:53:46.587275
1465,11,1467.0993344740136,2026-08-13T14:53:46.587275
1466,15,77.97292121263877,2026-08-13T14:53:46.587275
1467,4,73.96500776558489,2026-08-13T14:53:48.614827
1468,5,2.131982094185616,2026-08-13T14:53:48.614827
1469,6,1443.3049546790753,2026-08-13T14:53:48.614827
1470,7,70.69376191279592,2026-08-13T14:53:48.614827
1471,8,101.60943402073903,2026-08-13T14:53:48.614827
1472,9,65.1832562983003,2026-08-13T14:53:48.614827
1473,10,1.9964821196500158,2026-08-13T14:53:48.614827
1474,11,1626.1332737997145,2026-08-13T14:53:48.614827
1475,15,68.30194149770516,2026-08-13T14:53:48.614827
1476,4,73.13407803776866,2026-08-13T14:53:50.638782
1477,5,2.0460934275097666,2026-08-13T14:53:50.638782
1478,6,1572.092881374321,2026-08-13T14:53:50.638782
1479,7,64.47530719753053,2026-08-13T14:53:50.638782
1480,8,99.97416500634367,2026-08-13T14:53:50.638782
1481,9,76.33882045426232,2026-08-13T14:53:50.638782
1482,10,1.8095263294103443,2026-08-13T14:53:50.638782
1483,11,1508.9093693317068,2026-08-13T14:53:50.638782
1484,15,73.82776442038057,2026-08-13T14:53:50.638782
1485,4,64.21928567231667,2026-08-13T14:53:52.648466
1486,5,2.1552129650146337,2026-08-13T14:53:52.648466
1487,6,1395.8551050143058,2026-08-13T14:53:52.648466
1488,7,67.48491242285525,2026-08-13T14:53:52.648466
1489,8,95.5025007624602,2026-08-13T14:53:52.648466
1490,9,62.07366221639626,2026-08-13T14:53:52.648466
1491,10,1.976278910937741,2026-08-13T14:53:52.648466
1492,11,1552.0783210397424,2026-08-13T14:53:52.648466
1493,15,70.31923950857058,2026-08-13T14:53:52.648466
1494,4,74.35926802501537,2026-08-13T14:53:54.683041
1495,5,2.085871655106439,2026-08-13T14:53:54.683041
1496,6,1581.5608613581953,2026-08-13T14:53:54.683041
1497,7,67.00635564213242,2026-08-13T14:53:54.683041
1498,8,100.05847402728864,2026-08-13T14:53:54.683041
1499,9,60.260693954818606,2026-08-13T14:53:54.683041
1500,10,1.7633414671089755,2026-08-13T14:53:54.683041
1501,11,1513.7144517288805,2026-08-13T14:53:54.683041
1502,15,68.80160022645283,2026-08-13T14:53:54.683041
1503,4,72.5680060876056,2026-08-13T14:53:56.702863
1504,5,1.8066594464542227,2026-08-13T14:53:56.702863
1505,6,1478.2562522483504,2026-08-13T14:53:56.702863
1506,7,71.58328485872683,2026-08-13T14:53:56.702863
1507,8,101.12247636144942,2026-08-13T14:53:56.702863
1508,9,67.87893685629666,2026-08-13T14:53:56.702863
1509,10,1.9423953309641837,2026-08-13T14:53:56.702863
1510,11,1432.027852392634,2026-08-13T14:53:56.702863
1511,15,72.6923021281371,2026-08-13T14:53:56.702863
1512,4,74.8510043767117,2026-08-13T14:53:58.710094
1513,5,2.0856031340139145,2026-08-13T14:53:58.710094
1514,6,1482.2001733026782,2026-08-13T14:53:58.710094
1515,7,68.57222891106818,2026-08-13T14:53:58.710094
1516,8,89.5256047197801,2026-08-13T14:53:58.710094
1517,9,66.41301194151352,2026-08-13T14:53:58.710094
1518,10,2.1953752654403473,2026-08-13T14:53:58.710094
1519,11,1481.848943142235,2026-08-13T14:53:58.710094
1520,4,71.83319220805524,2026-08-13T14:54:00.730993
1521,5,2.1242699488970724,2026-08-13T14:54:00.730993
1522,6,1465.507290206155,2026-08-13T14:54:00.730993
1523,4,72.77652865592238,2026-08-13T14:54:02.771753
1524,5,1.9731357401582759,2026-08-13T14:54:02.771753
1525,6,1471.423399235823,2026-08-13T14:54:02.771753
1526,12,60.132350612206416,2026-08-13T14:54:02.771753
1527,13,1.9928931216526264,2026-08-13T14:54:02.771753
1528,14,1559.060773590391,2026-08-13T14:54:02.771753
1529,4,69.1635505233151,2026-08-13T14:54:04.780082
1530,5,1.941983416634217,2026-08-13T14:54:04.780082
1531,6,1406.121705769913,2026-08-13T14:54:04.780082
1532,7,74.91085031743873,2026-08-13T14:54:04.780082
1533,8,99.29667214020928,2026-08-13T14:54:04.780082
1534,12,70.10096223827726,2026-08-13T14:54:04.780082
1535,13,1.8614140008248015,2026-08-13T14:54:04.780082
1536,14,1516.8175097818273,2026-08-13T14:54:04.780082
1537,4,69.50868767228347,2026-08-13T14:54:06.801712
1538,5,1.9059412491838188,2026-08-13T14:54:06.801712
1539,6,1432.4642944173904,2026-08-13T14:54:06.801712
1540,7,73.37021443856105,2026-08-13T14:54:06.801712
1541,8,94.78589233143327,2026-08-13T14:54:06.801712
1542,12,68.3814005102703,2026-08-13T14:54:06.801712
1543,13,2.061481829455831,2026-08-13T14:54:06.801712
1544,14,1471.5130001990244,2026-08-13T14:54:06.801712
1545,4,69.74519425403523,2026-08-13T14:54:08.822618
1546,5,1.9369205593820424,2026-08-13T14:54:08.822618
1547,6,1559.5900188596595,2026-08-13T14:54:08.822618
1548,7,68.07565710662631,2026-08-13T14:54:08.822618
1549,8,97.93120040860565,2026-08-13T14:54:08.822618
1550,12,69.34700344618985,2026-08-13T14:54:08.822618
1551,13,2.006179283205644,2026-08-13T14:54:08.822618
1552,14,1457.4431438772585,2026-08-13T14:54:08.822618
1553,4,73.41285305089019,2026-08-13T14:54:10.861436
1554,5,1.9536801895168703,2026-08-13T14:54:10.861436
1555,6,1468.5194909256957,2026-08-13T14:54:10.861436
1556,7,67.6841041633479,2026-08-13T14:54:10.861436
1557,8,99.14280669284092,2026-08-13T14:54:10.861436
1558,12,69.3778558773127,2026-08-13T14:54:10.861436
1559,13,2.0449292416598097,2026-08-13T14:54:10.861436
1560,14,1531.9492049350713,2026-08-13T14:54:10.861436
1561,4,70.84022645338868,2026-08-13T14:54:12.868434
1562,5,1.9747043375902873,2026-08-13T14:54:12.868434
1563,6,1555.5098501681107,2026-08-13T14:54:12.868434
1564,7,72.70616971115193,2026-08-13T14:54:12.868434
1565,8,96.78078937922189,2026-08-13T14:54:12.868434
1566,12,70.45425699251633,2026-08-13T14:54:12.868434
1567,13,1.860361085816403,2026-08-13T14:54:12.868434
1568,14,1700.089394884759,2026-08-13T14:54:12.868434
1569,4,71.70456897085512,2026-08-13T14:54:14.875615
1570,5,2.0665808841622932,2026-08-13T14:54:14.875615
1571,6,1466.5150599864928,2026-08-13T14:54:14.875615
1572,7,64.41365795656253,2026-08-13T14:54:14.875615
1573,8,104.67037650259051,2026-08-13T14:54:14.875615
1574,12,72.02090994168474,2026-08-13T14:54:14.875615
1575,13,2.033818293668163,2026-08-13T14:54:14.875615
1576,14,1453.6675927480173,2026-08-13T14:54:14.875615
1577,4,80.42719931572348,2026-08-13T14:54:16.882566
1578,5,1.8787916970756966,2026-08-13T14:54:16.882566
1579,6,1424.7839325298987,2026-08-13T14:54:16.882566
1580,7,72.40806169802325,2026-08-13T14:54:16.882566
1581,8,96.61418111756589,2026-08-13T14:54:16.882566
1582,12,70.33768038007489,2026-08-13T14:54:16.882566
1583,13,2.082680289621414,2026-08-13T14:54:16.882566
1584,14,1580.270296523476,2026-08-13T14:54:16.882566
1585,15,67.88122847306109,2026-08-13T14:54:16.882566
1586,4,69.55906573102295,2026-08-13T14:54:18.890286
1587,5,1.7904796561119694,2026-08-13T14:54:18.890286
1588,6,1446.4489810326777,2026-08-13T14:54:18.890286
1589,7,69.41321324673231,2026-08-13T14:54:18.890286
1590,8,110.59926179945344,2026-08-13T14:54:18.890286
1591,12,70.7826174169482,2026-08-13T14:54:18.890286
1592,13,1.974183943370077,2026-08-13T14:54:18.890286
1593,14,1479.9366453521109,2026-08-13T14:54:18.890286
1594,15,69.21355248701917,2026-08-13T14:54:18.890286
1595,4,73.3468422019387,2026-08-13T14:54:20.897433
1596,5,1.678174775725488,2026-08-13T14:54:20.897433
1597,6,1496.4806658790426,2026-08-13T14:54:20.897433
1598,7,72.08821684225363,2026-08-13T14:54:20.897433
1599,8,98.5955615997981,2026-08-13T14:54:20.897433
1600,12,67.28878314417264,2026-08-13T14:54:20.897433
1601,13,1.8473787776654091,2026-08-13T14:54:20.897433
1602,14,1651.4342701725266,2026-08-13T14:54:20.897433
1603,15,72.39201995920378,2026-08-13T14:54:20.897433
1604,4,67.40216872522517,2026-08-13T14:54:22.928748
1605,5,2.1988245441900287,2026-08-13T14:54:22.928748
1606,6,1424.412971923225,2026-08-13T14:54:22.928748
1607,7,71.23848907897583,2026-08-13T14:54:22.928748
1608,8,97.52950193552756,2026-08-13T14:54:22.928748
1609,12,67.13959943661952,2026-08-13T14:54:22.928748
1610,13,1.9438165147585857,2026-08-13T14:54:22.928748
1611,14,1438.3585377901259,2026-08-13T14:54:22.928748
1612,15,70.85264034059394,2026-08-13T14:54:22.928748
1613,4,68.76823891804482,2026-08-13T14:54:24.936204
1614,5,2.0488742214552667,2026-08-13T14:54:24.936204
1615,6,1531.2422262772093,2026-08-13T14:54:24.936204
1616,7,71.13085857095723,2026-08-13T14:54:24.936204
1617,8,107.31919330262073,2026-08-13T14:54:24.936204
1618,12,80.90070858318654,2026-08-13T14:54:24.936204
1619,13,1.898384947564917,2026-08-13T14:54:24.936204
1620,14,1457.097823977362,2026-08-13T14:54:24.936204
1621,15,69.97688768836738,2026-08-13T14:54:24.936204
1622,4,68.05101342414933,2026-08-13T14:54:26.976945
1623,5,2.126393532436272,2026-08-13T14:54:26.976945
1624,6,1594.3856309979253,2026-08-13T14:54:26.976945
1625,7,65.38301292369584,2026-08-13T14:54:26.976945
1626,8,94.14427388705823,2026-08-13T14:54:26.976945
1627,12,74.88504550440665,2026-08-13T14:54:26.976945
1628,13,2.08078131217749,2026-08-13T14:54:26.976945
1629,14,1416.2144796227662,2026-08-13T14:54:26.976945
1630,15,68.95126665030257,2026-08-13T14:54:26.976945
1631,4,74.54330628193587,2026-08-13T14:54:28.998220
1632,5,1.9792459724862597,2026-08-13T14:54:28.998220
1633,6,1507.1503529501829,2026-08-13T14:54:28.998220
1634,7,65.5399002295896,2026-08-13T14:54:28.998220
1635,8,96.07706238747264,2026-08-13T14:54:28.998220
1636,12,69.15102896645786,2026-08-13T14:54:28.998220
1637,13,2.125932426930717,2026-08-13T14:54:28.998220
1638,14,1602.0292611103268,2026-08-13T14:54:28.998220
1639,15,73.99411500106622,2026-08-13T14:54:28.998220
1640,4,74.34714363559392,2026-08-13T14:54:31.007639
1641,5,2.0293403638862557,2026-08-13T14:54:31.007639
1642,6,1512.3946862995044,2026-08-13T14:54:31.007639
1643,7,73.66486350098542,2026-08-13T14:54:31.007639
1644,8,95.7491385561637,2026-08-13T14:54:31.007639
1645,12,66.36000701562891,2026-08-13T14:54:31.007639
1646,13,1.9672934634036046,2026-08-13T14:54:31.007639
1647,14,1605.6846647610857,2026-08-13T14:54:31.007639
1648,15,67.06687975142094,2026-08-13T14:54:31.007639
1649,7,72.95327506581307,2026-08-13T14:54:33.027851
1650,8,97.7965518929683,2026-08-13T14:54:33.027851
1651,12,65.92337204124829,2026-08-13T14:54:33.027851
1652,13,1.8748546770395236,2026-08-13T14:54:33.027851
1653,14,1516.3085691350675,2026-08-13T14:54:33.027851
1654,15,72.41268987956445,2026-08-13T14:54:33.027851
1655,7,77.13634074087187,2026-08-13T14:54:35.035568
1656,8,102.27769776147505,2026-08-13T14:54:35.035568
1657,9,73.85886666536737,2026-08-13T14:54:35.035568
1658,10,1.8978277153662213,2026-08-13T14:54:35.035568
1659,11,1469.3266795521974,2026-08-13T14:54:35.035568
1660,12,73.50870704082591,2026-08-13T14:54:35.035568
1661,13,2.0980030385526702,2026-08-13T14:54:35.035568
1662,14,1580.9446830604245,2026-08-13T14:54:35.035568
1663,15,72.30602821921475,2026-08-13T14:54:35.035568
1664,7,72.16967376385979,2026-08-13T14:54:37.042764
1665,8,96.25096307600725,2026-08-13T14:54:37.042764
1666,9,70.70654638370496,2026-08-13T14:54:37.042764
1667,10,2.0740176324409685,2026-08-13T14:54:37.042764
1668,11,1560.5014699282465,2026-08-13T14:54:37.042764
1669,12,74.58536839705303,2026-08-13T14:54:37.042764
1670,13,1.9282602665301847,2026-08-13T14:54:37.042764
1671,14,1419.8677243355276,2026-08-13T14:54:37.042764
1672,15,69.70340401388061,2026-08-13T14:54:37.042764
1673,7,69.08707913479245,2026-08-13T14:54:39.062850
1674,8,95.29840613802659,2026-08-13T14:54:39.062850
1675,9,67.86106455645223,2026-08-13T14:54:39.062850
1676,10,1.8899637325104808,2026-08-13T14:54:39.062850
1677,11,1514.0516074096267,2026-08-13T14:54:39.062850
1678,12,67.83348365585371,2026-08-13T14:54:39.062850
1679,13,2.106281770420732,2026-08-13T14:54:39.062850
1680,14,1487.5728709156574,2026-08-13T14:54:39.062850
1681,15,67.7398756093287,2026-08-13T14:54:39.062850
1682,7,63.85771890858759,2026-08-13T14:54:41.082370
1683,8,102.80568920370754,2026-08-13T14:54:41.082370
1684,9,72.27524822251294,2026-08-13T14:54:41.082370
1685,10,2.0779939648320136,2026-08-13T14:54:41.082370
1686,11,1412.1360222181133,2026-08-13T14:54:41.082370
1687,12,72.1059746282154,2026-08-13T14:54:41.082370
1688,13,1.8910401258136156,2026-08-13T14:54:41.082370
1689,14,1519.9780807979773,2026-08-13T14:54:41.082370
1690,15,72.23530571420265,2026-08-13T14:54:41.082370
1691,7,69.63642850142112,2026-08-13T14:54:43.119173
1692,8,90.99406146498504,2026-08-13T14:54:43.119173
1693,9,71.3345662286496,2026-08-13T14:54:43.119173
1694,10,2.051762139138868,2026-08-13T14:54:43.119173
1695,11,1572.310324981401,2026-08-13T14:54:43.119173
1696,12,70.49001693015605,2026-08-13T14:54:43.119173
1697,13,1.8905248627330455,2026-08-13T14:54:43.119173
1698,14,1494.832474108039,2026-08-13T14:54:43.119173
1699,15,64.84258245413292,2026-08-13T14:54:43.119173
1700,1,74.2983591426783,2026-08-13T14:54:45.126293
1701,2,2.045416356163507,2026-08-13T14:54:45.126293
1702,3,1462.879117252816,2026-08-13T14:54:45.126293
1703,7,76.92823950416782,2026-08-13T14:54:45.126293
1704,8,93.37993262959272,2026-08-13T14:54:45.126293
1705,9,68.25142975368718,2026-08-13T14:54:45.126293
1706,10,2.196307308080907,2026-08-13T14:54:45.126293
1707,11,1490.3380208054614,2026-08-13T14:54:45.126293
1708,12,71.63205934912014,2026-08-13T14:54:45.126293
1709,13,1.906350342113857,2026-08-13T14:54:45.126293
1710,14,1518.2672589047238,2026-08-13T14:54:45.126293
1711,15,66.58629644712393,2026-08-13T14:54:45.126293
1712,1,66.73128058375067,2026-08-13T14:54:47.146775
1713,2,2.042101256265581,2026-08-13T14:54:47.146775
1714,3,1780.4005544715264,2026-08-13T14:54:47.146775
1715,4,65.83535925046961,2026-08-13T14:54:47.146775
1716,5,2.174158080131636,2026-08-13T14:54:47.146775
1717,6,1462.9981820667529,2026-08-13T14:54:47.146775
1718,7,75.07752793872544,2026-08-13T14:54:47.146775
1719,8,91.71460816845266,2026-08-13T14:54:47.146775
1720,9,69.25775597267905,2026-08-13T14:54:47.146775
1721,10,1.9696096645251737,2026-08-13T14:54:47.146775
1722,11,1519.4406696758733,2026-08-13T14:54:47.146775
1723,12,64.13686619604754,2026-08-13T14:54:47.146775
1724,13,2.0375424016650703,2026-08-13T14:54:47.146775
1725,14,1429.6252502480615,2026-08-13T14:54:47.146775
1726,15,70.45743284699164,2026-08-13T14:54:47.146775
1727,1,68.91968004512341,2026-08-13T14:54:49.168204
1728,2,2.0755288546908663,2026-08-13T14:54:49.168204
1729,3,1453.2034729177913,2026-08-13T14:54:49.168204
1730,4,73.05794841662248,2026-08-13T14:54:49.168204
1731,5,1.8397193338973514,2026-08-13T14:54:49.168204
1732,6,1524.879712356229,2026-08-13T14:54:49.168204
1733,7,74.94545799354627,2026-08-13T14:54:49.168204
1734,8,107.53143262058694,2026-08-13T14:54:49.168204
1735,9,66.7345121144751,2026-08-13T14:54:49.168204
1736,10,1.961440774743842,2026-08-13T14:54:49.168204
1737,11,1502.614173431153,2026-08-13T14:54:49.168204
1738,12,70.53027110522872,2026-08-13T14:54:49.168204
1739,13,1.9220067062188748,2026-08-13T14:54:49.168204
1740,14,1549.3076436006909,2026-08-13T14:54:49.168204
1741,15,67.2734481067477,2026-08-13T14:54:49.168204
1742,1,73.98940408392906,2026-08-13T14:54:51.175518
1743,2,2.07871398551598,2026-08-13T14:54:51.175518
1744,3,1369.397187005055,2026-08-13T14:54:51.175518
1745,4,65.13142063486788,2026-08-13T14:54:51.175518
1746,5,2.072573265343385,2026-08-13T14:54:51.175518
1747,6,1485.2710870328738,2026-08-13T14:54:51.175518
1748,7,68.83912139539824,2026-08-13T14:54:51.175518
1749,8,102.36406513766602,2026-08-13T14:54:51.175518
1750,9,68.36506588846535,2026-08-13T14:54:51.175518
1751,10,1.831545522959916,2026-08-13T14:54:51.175518
1752,11,1472.4932604077824,2026-08-13T14:54:51.175518
1753,12,70.11297703532142,2026-08-13T14:54:51.175518
1754,13,2.178103522783948,2026-08-13T14:54:51.175518
1755,14,1529.4804391194307,2026-08-13T14:54:51.175518
1756,15,73.40564802494121,2026-08-13T14:54:51.175518
1757,1,66.52785120905165,2026-08-13T14:54:53.196715
1758,2,2.0108886508126753,2026-08-13T14:54:53.196715
1759,3,1520.014234099302,2026-08-13T14:54:53.196715
1760,4,68.9039697231685,2026-08-13T14:54:53.196715
1761,5,2.0873994349273026,2026-08-13T14:54:53.196715
1762,6,1550.7604784777036,2026-08-13T14:54:53.196715
1763,7,75.05444874646554,2026-08-13T14:54:53.196715
1764,8,102.41867048046537,2026-08-13T14:54:53.196715
1765,9,71.61625000694922,2026-08-13T14:54:53.196715
1766,10,1.963337616247613,2026-08-13T14:54:53.196715
1767,11,1561.7010095524738,2026-08-13T14:54:53.196715
1768,12,69.46565744428217,2026-08-13T14:54:53.196715
1769,13,2.0196170455134728,2026-08-13T14:54:53.196715
1770,14,1630.3086964321485,2026-08-13T14:54:53.196715
1771,15,68.1579416978601,2026-08-13T14:54:53.196715
1772,1,71.5077075103768,2026-08-13T14:54:55.216182
1773,2,1.9165075958556284,2026-08-13T14:54:55.216182
1774,3,1642.2963498491772,2026-08-13T14:54:55.216182
1775,4,66.2237373664764,2026-08-13T14:54:55.216182
1776,5,1.8463602105667893,2026-08-13T14:54:55.216182
1777,6,1468.0009004779572,2026-08-13T14:54:55.216182
1778,7,68.5710149019785,2026-08-13T14:54:55.216182
1779,8,106.31180140995944,2026-08-13T14:54:55.216182
1780,9,70.64667644638888,2026-08-13T14:54:55.216182
1781,10,2.0311310407202425,2026-08-13T14:54:55.216182
1782,11,1630.0859221356902,2026-08-13T14:54:55.216182
1783,12,69.91480455108447,2026-08-13T14:54:55.216182
1784,13,2.040753020639278,2026-08-13T14:54:55.216182
1785,14,1384.6601750562465,2026-08-13T14:54:55.216182
1786,15,73.07989723575123,2026-08-13T14:54:55.216182
1787,1,71.42596959575289,2026-08-13T14:54:57.234129
1788,2,1.9775494732105185,2026-08-13T14:54:57.234129
1789,3,1509.0241557974034,2026-08-13T14:54:57.234129
1790,4,79.48556287492006,2026-08-13T14:54:57.234129
1791,5,2.084026662951997,2026-08-13T14:54:57.234129
1792,6,1636.818758421814,2026-08-13T14:54:57.234129
1793,7,66.81116117613674,2026-08-13T14:54:57.234129
1794,8,105.3910863320293,2026-08-13T14:54:57.234129
1795,9,70.77914772249397,2026-08-13T14:54:57.234129
1796,10,1.9024885741445565,2026-08-13T14:54:57.234129
1797,11,1476.5450079130565,2026-08-13T14:54:57.234129
1798,12,69.48697677036841,2026-08-13T14:54:57.234129
1799,13,2.010374763699874,2026-08-13T14:54:57.234129
1800,14,1430.6571164095626,2026-08-13T14:54:57.234129
1801,15,73.41035676790143,2026-08-13T14:54:57.234129
1802,1,65.75292719935806,2026-08-13T14:54:59.252622
1803,2,2.163100885134755,2026-08-13T14:54:59.252622
1804,3,1498.1098944938446,2026-08-13T14:54:59.252622
1805,4,70.77145257406103,2026-08-13T14:54:59.252622
1806,5,1.94249329381021,2026-08-13T14:54:59.252622
1807,6,1465.3944273872908,2026-08-13T14:54:59.252622
1808,7,70.14697617035043,2026-08-13T14:54:59.252622
1809,8,101.41101687373565,2026-08-13T14:54:59.252622
1810,9,66.74211747479828,2026-08-13T14:54:59.252622
1811,10,2.032945965514639,2026-08-13T14:54:59.252622
1812,11,1777.5315438240173,2026-08-13T14:54:59.252622
1813,12,80.59282223420804,2026-08-13T14:54:59.252622
1814,13,1.9056881638105092,2026-08-13T14:54:59.252622
1815,14,1571.668068798767,2026-08-13T14:54:59.252622
1816,15,75.75930952850538,2026-08-13T14:54:59.252622
1817,1,71.46406752282232,2026-08-13T14:55:01.261551
1818,2,2.1189057075848705,2026-08-13T14:55:01.261551
1819,3,1548.4187099798905,2026-08-13T14:55:01.261551
1820,4,74.70829119490625,2026-08-13T14:55:01.261551
1821,5,2.0740444081949474,2026-08-13T14:55:01.261551
1822,6,1530.4326696001992,2026-08-13T14:55:01.261551
1823,7,73.23983734867923,2026-08-13T14:55:01.261551
1824,8,101.4811287188628,2026-08-13T14:55:01.261551
1825,9,71.18056164955568,2026-08-13T14:55:01.261551
1826,10,1.8922993025337442,2026-08-13T14:55:01.261551
1827,11,1417.7334229506432,2026-08-13T14:55:01.261551
1828,12,71.89834091814839,2026-08-13T14:55:01.261551
1829,13,2.0616732654477383,2026-08-13T14:55:01.261551
1830,14,1505.6313708027787,2026-08-13T14:55:01.261551
1831,15,77.94498422317102,2026-08-13T14:55:01.261551
1832,1,73.29735399329037,2026-08-13T14:55:03.268064
1833,2,2.2067564940368856,2026-08-13T14:55:03.268064
1834,3,1379.3084474108502,2026-08-13T14:55:03.268064
1835,4,72.58251457678146,2026-08-13T14:55:03.268064
1836,5,2.2179893737332455,2026-08-13T14:55:03.268064
1837,6,1666.07129662731,2026-08-13T14:55:03.268064
1838,7,75.30353715409144,2026-08-13T14:55:03.268064
1839,8,97.07388043448242,2026-08-13T14:55:03.268064
1840,9,74.28960100854975,2026-08-13T14:55:03.268064
1841,10,2.2513995111752316,2026-08-13T14:55:03.268064
1842,11,1572.5751994999607,2026-08-13T14:55:03.268064
1843,12,63.858728312271644,2026-08-13T14:55:03.268064
1844,13,2.2028591503197723,2026-08-13T14:55:03.268064
1845,14,1462.2022624523731,2026-08-13T14:55:03.268064
1846,15,72.44567590527842,2026-08-13T14:55:03.268064
1847,1,63.33976491152074,2026-08-13T14:55:05.289443
1848,2,1.9322638593656092,2026-08-13T14:55:05.289443
1849,3,1517.9341734743125,2026-08-13T14:55:05.289443
1850,4,69.3661686398815,2026-08-13T14:55:05.289443
1851,5,2.1152443959215006,2026-08-13T14:55:05.289443
1852,6,1393.6875888588843,2026-08-13T14:55:05.289443
1853,7,74.77998185587073,2026-08-13T14:55:05.289443
1854,8,104.37986178478437,2026-08-13T14:55:05.289443
1855,9,72.68386442222769,2026-08-13T14:55:05.289443
1856,10,1.9567704212100367,2026-08-13T14:55:05.289443
1857,11,1494.625431927383,2026-08-13T14:55:05.289443
1858,12,70.0548192326926,2026-08-13T14:55:05.289443
1859,13,1.8682934271910174,2026-08-13T14:55:05.289443
1860,14,1450.7487987452298,2026-08-13T14:55:05.289443
1861,15,72.23986904344302,2026-08-13T14:55:05.289443
1862,1,75.64072491181182,2026-08-13T14:55:07.296815
1863,2,2.0021534929135227,2026-08-13T14:55:07.296815
1864,3,1607.957437841634,2026-08-13T14:55:07.296815
1865,4,70.189278139593,2026-08-13T14:55:07.296815
1866,5,1.8572897586875254,2026-08-13T14:55:07.296815
1867,6,1394.963432091018,2026-08-13T14:55:07.296815
1868,7,63.914305684186665,2026-08-13T14:55:07.296815
1869,8,101.4002639661817,2026-08-13T14:55:07.296815
1870,9,68.36458050693949,2026-08-13T14:55:07.296815
1871,10,1.9979154185844359,2026-08-13T14:55:07.296815
1872,11,1416.3465312204587,2026-08-13T14:55:07.296815
1873,12,72.80954346914884,2026-08-13T14:55:07.296815
1874,13,1.8433211498323623,2026-08-13T14:55:07.296815
1875,14,1457.7741256126765,2026-08-13T14:55:07.296815
1876,15,69.96426412985734,2026-08-13T14:55:07.296815
1877,1,64.00015014344754,2026-08-13T14:55:09.319043
1878,2,1.97454508018668,2026-08-13T14:55:09.319043
1879,3,1474.9335495719904,2026-08-13T14:55:09.319043
1880,4,71.13843569968903,2026-08-13T14:55:09.319043
1881,5,1.9767154531340194,2026-08-13T14:55:09.319043
1882,6,1521.18318326389,2026-08-13T14:55:09.319043
1883,7,68.1816274651744,2026-08-13T14:55:09.319043
1884,8,99.34596891975076,2026-08-13T14:55:09.319043
1885,9,68.0616729925755,2026-08-13T14:55:09.319043
1886,10,1.8776792086895038,2026-08-13T14:55:09.319043
1887,11,1570.0951489681506,2026-08-13T14:55:09.319043
1888,12,71.55737881935627,2026-08-13T14:55:09.319043
1889,13,2.1326968696590143,2026-08-13T14:55:09.319043
1890,14,1433.7945232443008,2026-08-13T14:55:09.319043
1891,15,62.26380808485234,2026-08-13T14:55:09.319043
1892,1,72.52820421448725,2026-08-13T14:55:11.325174
1893,2,2.0517223762966386,2026-08-13T14:55:11.325174
1894,3,1364.0908731571362,2026-08-13T14:55:11.325174
1895,4,75.07455556265818,2026-08-13T14:55:11.325174
1896,5,2.031298926292301,2026-08-13T14:55:11.325174
1897,6,1545.3762656594308,2026-08-13T14:55:11.325174
1898,7,69.23074642939594,2026-08-13T14:55:11.325174
1899,8,96.02074362133834,2026-08-13T14:55:11.325174
1900,9,75.52445482818861,2026-08-13T14:55:11.325174
1901,10,1.9914454260711896,2026-08-13T14:55:11.325174
1902,11,1399.551774497639,2026-08-13T14:55:11.325174
1903,12,72.34418326045954,2026-08-13T14:55:11.325174
1904,13,2.0194374437338833,2026-08-13T14:55:11.325174
1905,14,1612.2934117658435,2026-08-13T14:55:11.325174
1906,15,74.93349886122733,2026-08-13T14:55:11.325174
1907,1,68.23769183047702,2026-08-13T14:55:13.334809
1908,2,2.109903749307987,2026-08-13T14:55:13.334809
1909,3,1474.646210334542,2026-08-13T14:55:13.334809
1910,4,74.59198562900893,2026-08-13T14:55:13.334809
1911,5,1.9487720632104717,2026-08-13T14:55:13.334809
1912,6,1562.2037874204157,2026-08-13T14:55:13.334809
1913,7,73.28074109637173,2026-08-13T14:55:13.334809
1914,8,98.70134953669674,2026-08-13T14:55:13.334809
1915,9,67.14615021519651,2026-08-13T14:55:13.334809
1916,10,1.8871629029147685,2026-08-13T14:55:13.334809
1917,11,1446.9156718703916,2026-08-13T14:55:13.334809
1918,15,68.67494400944014,2026-08-13T14:55:13.334809
1919,1,68.89239970529815,2026-08-13T14:55:15.354386
1920,2,2.0475246672282243,2026-08-13T14:55:15.354386
1921,3,1501.150441301783,2026-08-13T14:55:15.354386
1922,4,65.66294084641655,2026-08-13T14:55:15.354386
1923,5,2.020821544294547,2026-08-13T14:55:15.354386
1924,6,1452.075695071893,2026-08-13T14:55:15.354386
1925,7,70.75453463615762,2026-08-13T14:55:15.354386
1926,8,98.36519086212292,2026-08-13T14:55:15.354386
1927,9,71.10180789564632,2026-08-13T14:55:15.354386
1928,10,2.016401108564047,2026-08-13T14:55:15.354386
1929,11,1390.0761990830545,2026-08-13T14:55:15.354386
1930,15,76.55056643272071,2026-08-13T14:55:15.354386
1931,1,65.43566732993514,2026-08-13T14:55:17.377221
1932,2,2.006601093932783,2026-08-13T14:55:17.377221
1933,3,1567.038771342451,2026-08-13T14:55:17.377221
1934,4,68.26955642133838,2026-08-13T14:55:17.377221
1935,5,2.010332284002727,2026-08-13T14:55:17.377221
1936,6,1595.4347358320465,2026-08-13T14:55:17.377221
1937,9,70.94533525081582,2026-08-13T14:55:17.377221
1938,10,2.064468326291377,2026-08-13T14:55:17.377221
1939,11,1474.9234561393257,2026-08-13T14:55:17.377221
1940,15,69.65131400155151,2026-08-13T14:55:17.377221
1941,1,72.92756349039476,2026-08-13T14:55:19.408965
1942,2,1.9033333007094755,2026-08-13T14:55:19.408965
1943,3,1415.8366779776795,2026-08-13T14:55:19.408965
1944,4,68.89910448387548,2026-08-13T14:55:19.408965
1945,5,1.995490458236922,2026-08-13T14:55:19.408965
1946,6,1567.3885531019528,2026-08-13T14:55:19.408965
1947,7,69.16302226733679,2026-08-13T14:55:19.408965
1948,8,94.38101819830113,2026-08-13T14:55:19.408965
1949,9,70.83825004131586,2026-08-13T14:55:19.408965
1950,10,2.163779400457824,2026-08-13T14:55:19.408965
1951,11,1484.132365068213,2026-08-13T14:55:19.408965
1952,1,73.53749897849184,2026-08-13T14:55:21.416698
1953,2,2.0917040677885645,2026-08-13T14:55:21.416698
1954,3,1434.1747426056884,2026-08-13T14:55:21.416698
1955,4,71.18035403622952,2026-08-13T14:55:21.416698
1956,5,1.9027852181309253,2026-08-13T14:55:21.416698
1957,6,1477.9498612177874,2026-08-13T14:55:21.416698
1958,7,72.25569355306176,2026-08-13T14:55:21.416698
1959,8,107.03563566328755,2026-08-13T14:55:21.416698
1960,9,69.24166032174442,2026-08-13T14:55:21.416698
1961,10,2.056248722775591,2026-08-13T14:55:21.416698
1962,11,1579.0540731294977,2026-08-13T14:55:21.416698
1963,15,67.77642140996949,2026-08-13T14:55:21.416698
1964,1,67.69502316736306,2026-08-13T14:55:23.435589
1965,2,2.0058578916042595,2026-08-13T14:55:23.435589
1966,3,1599.9215156207079,2026-08-13T14:55:23.435589
1967,4,72.24993224780061,2026-08-13T14:55:23.435589
1968,5,2.1110220253835164,2026-08-13T14:55:23.435589
1969,6,1489.1668548198643,2026-08-13T14:55:23.435589
1970,7,70.06890545931572,2026-08-13T14:55:23.435589
1971,8,92.95831914522213,2026-08-13T14:55:23.435589
1972,9,78.62117120369388,2026-08-13T14:55:23.435589
1973,10,2.051720976571724,2026-08-13T14:55:23.435589
1974,11,1533.0175126724778,2026-08-13T14:55:23.435589
1975,15,74.53120838013267,2026-08-13T14:55:23.435589
1976,1,69.04278783340776,2026-08-13T14:55:25.442312
1977,2,2.0822092919522834,2026-08-13T14:55:25.442312
1978,3,1639.686030511836,2026-08-13T14:55:25.442312
1979,4,69.0634467253509,2026-08-13T14:55:25.442312
1980,5,1.8767995064846081,2026-08-13T14:55:25.442312
1981,6,1520.8212856703208,2026-08-13T14:55:25.442312
1982,7,73.70729943698079,2026-08-13T14:55:25.442312
1983,8,97.25244373184547,2026-08-13T14:55:25.442312
1984,9,69.49284972480193,2026-08-13T14:55:25.442312
1985,10,1.9271391884861746,2026-08-13T14:55:25.442312
1986,11,1569.9567998902428,2026-08-13T14:55:25.442312
1987,15,71.13389084979387,2026-08-13T14:55:25.442312
1988,1,70.71043364669629,2026-08-13T14:55:27.470396
1989,2,2.1134774675874413,2026-08-13T14:55:27.470396
1990,3,1570.406191849929,2026-08-13T14:55:27.470396
1991,4,69.59766220339169,2026-08-13T14:55:27.470396
1992,5,1.95469742641395,2026-08-13T14:55:27.470396
1993,6,1464.6744701830412,2026-08-13T14:55:27.470396
1994,7,77.00800743413744,2026-08-13T14:55:27.470396
1995,8,102.46188150702628,2026-08-13T14:55:27.470396
1996,9,67.75276943173043,2026-08-13T14:55:27.470396
1997,10,1.8291283502924975,2026-08-13T14:55:27.470396
1998,11,1542.073528993985,2026-08-13T14:55:27.470396
1999,15,72.08558862347667,2026-08-13T14:55:27.470396
2000,1,69.1206360389643,2026-08-13T14:55:29.492453
2001,2,2.113255707434564,2026-08-13T14:55:29.492453
2002,3,1525.8090648820316,2026-08-13T14:55:29.492453
2003,4,68.32290907528818,2026-08-13T14:55:29.492453
2004,5,1.9855893308053814,2026-08-13T14:55:29.492453
2005,6,1514.0235184107746,2026-08-13T14:55:29.492453
2006,7,68.23156495335826,2026-08-13T14:55:29.492453
2007,8,97.0237342536471,2026-08-13T14:55:29.492453
2008,9,73.29249709288291,2026-08-13T14:55:29.492453
2009,10,2.1042324289217023,2026-08-13T14:55:29.492453
2010,11,1372.6005851253028,2026-08-13T14:55:29.492453
2011,12,66.37350454435322,2026-08-13T14:55:29.492453
2012,13,2.110224075602515,2026-08-13T14:55:29.492453
2013,14,1422.8073592337723,2026-08-13T14:55:29.492453
2014,15,67.57558441640603,2026-08-13T14:55:29.492453
2015,1,68.29789126684454,2026-08-13T14:55:31.514722
2016,2,2.015645725791033,2026-08-13T14:55:31.514722
2017,3,1410.3060908225957,2026-08-13T14:55:31.514722
2018,4,64.26587168064978,2026-08-13T14:55:31.514722
2019,5,1.9531802836579444,2026-08-13T14:55:31.514722
2020,6,1483.866330787778,2026-08-13T14:55:31.514722
2021,7,69.77959373050045,2026-08-13T14:55:31.514722
2022,8,106.31483819638811,2026-08-13T14:55:31.514722
2023,9,66.67250448535412,2026-08-13T14:55:31.514722
2024,10,2.036045580504314,2026-08-13T14:55:31.514722
2025,11,1415.7469521861915,2026-08-13T14:55:31.514722
2026,12,69.46900156391168,2026-08-13T14:55:31.514722
2027,13,1.921092100436431,2026-08-13T14:55:31.514722
2028,14,1540.1241782506984,2026-08-13T14:55:31.514722
2029,15,73.00410109087272,2026-08-13T14:55:31.514722
2030,1,68.60057076310538,2026-08-13T14:55:33.521846
2031,2,2.1187278088169377,2026-08-13T14:55:33.521846
2032,3,1352.5349037397011,2026-08-13T14:55:33.521846
2033,4,72.86770202738208,2026-08-13T14:55:33.521846
2034,5,1.9164110261641123,2026-08-13T14:55:33.521846
2035,6,1544.8564806791453,2026-08-13T14:55:33.521846
2036,7,72.5678342417997,2026-08-13T14:55:33.521846
2037,8,99.38740557172167,2026-08-13T14:55:33.521846
2038,9,74.10413733495045,2026-08-13T14:55:33.521846
2039,10,2.1241224830854932,2026-08-13T14:55:33.521846
2040,11,1512.6380469543083,2026-08-13T14:55:33.521846
2041,12,66.131812975878,2026-08-13T14:55:33.521846
2042,13,1.9113582951465786,2026-08-13T14:55:33.521846
2043,14,1423.002127948493,2026-08-13T14:55:33.521846
2044,15,68.00687285127033,2026-08-13T14:55:33.521846
2045,1,64.02667625832623,2026-08-13T14:55:35.542518
2046,2,1.9621503323981735,2026-08-13T14:55:35.542518
2047,3,1522.4528183789596,2026-08-13T14:55:35.542518
2048,4,68.49623740380257,2026-08-13T14:55:35.542518
2049,5,2.0280917608269355,2026-08-13T14:55:35.542518
2050,6,1561.4195230842504,2026-08-13T14:55:35.542518
2051,7,77.70884044063669,2026-08-13T14:55:35.542518
2052,8,106.08896371164631,2026-08-13T14:55:35.542518
2053,9,70.02270914914398,2026-08-13T14:55:35.542518
2054,10,2.0671263600236487,2026-08-13T14:55:35.542518
2055,11,1513.8550071301572,2026-08-13T14:55:35.542518
2056,12,71.45579536636582,2026-08-13T14:55:35.542518
2057,13,1.9565492037572234,2026-08-13T14:55:35.542518
2058,14,1357.4011405803035,2026-08-13T14:55:35.542518
2059,15,59.851261528182896,2026-08-13T14:55:35.542518
2060,1,69.58285820796421,2026-08-13T14:55:37.550428
2061,2,1.9695063308882894,2026-08-13T14:55:37.550428
2062,3,1509.2555456969737,2026-08-13T14:55:37.550428
2063,4,72.28401361583428,2026-08-13T14:55:37.550428
2064,5,2.0936817883888104,2026-08-13T14:55:37.550428
2065,6,1446.268183017669,2026-08-13T14:55:37.550428
2066,7,70.91763409851846,2026-08-13T14:55:37.550428
2067,8,102.12123812966288,2026-08-13T14:55:37.550428
2068,9,69.85157901549861,2026-08-13T14:55:37.550428
2069,10,1.944497969506986,2026-08-13T14:55:37.550428
2070,11,1496.095899975272,2026-08-13T14:55:37.550428
2071,12,62.159563977246826,2026-08-13T14:55:37.550428
2072,13,2.085993387576044,2026-08-13T14:55:37.550428
2073,14,1542.7588849524186,2026-08-13T14:55:37.550428
2074,15,69.99846553813897,2026-08-13T14:55:37.550428
2075,1,73.00823403203101,2026-08-13T14:55:39.570914
2076,2,1.8632854973711728,2026-08-13T14:55:39.570914
2077,3,1456.1320049897529,2026-08-13T14:55:39.570914
2078,4,71.90362384923911,2026-08-13T14:55:39.570914
2079,5,1.8567985952312285,2026-08-13T14:55:39.570914
2080,6,1419.7366188258698,2026-08-13T14:55:39.570914
2081,7,72.53722037181862,2026-08-13T14:55:39.570914
2082,8,108.0777887845313,2026-08-13T14:55:39.570914
2083,9,60.24274741945468,2026-08-13T14:55:39.570914
2084,10,1.9632210662434002,2026-08-13T14:55:39.570914
2085,11,1406.2819616883314,2026-08-13T14:55:39.570914
2086,12,68.73020763682386,2026-08-13T14:55:39.570914
2087,13,1.9777330298191218,2026-08-13T14:55:39.570914
2088,14,1483.3318095813438,2026-08-13T14:55:39.570914
2089,15,68.55660001101387,2026-08-13T14:55:39.570914
2090,1,72.45170001515855,2026-08-13T14:55:41.591123
2091,2,1.9255362372621068,2026-08-13T14:55:41.591123
2092,3,1449.0449574616352,2026-08-13T14:55:41.591123
2093,4,68.98273798559565,2026-08-13T14:55:41.591123
2094,5,1.9916348435658784,2026-08-13T14:55:41.591123
2095,6,1493.08602804602,2026-08-13T14:55:41.591123
2096,7,70.70304194829542,2026-08-13T14:55:41.591123
2097,8,109.57143672966518,2026-08-13T14:55:41.591123
2098,9,70.43105116805961,2026-08-13T14:55:41.591123
2099,10,2.05829157683363,2026-08-13T14:55:41.591123
2100,11,1450.3685669117865,2026-08-13T14:55:41.591123
2101,12,64.07359786462116,2026-08-13T14:55:41.591123
2102,13,2.08651664275423,2026-08-13T14:55:41.591123
2103,14,1474.318971436072,2026-08-13T14:55:41.591123
2104,15,71.09686791293545,2026-08-13T14:55:41.591123
2105,1,68.91604510349296,2026-08-13T14:55:43.624131
2106,2,2.1027220247554674,2026-08-13T14:55:43.624131
2107,3,1409.703642098881,2026-08-13T14:55:43.624131
2108,4,70.30258100316033,2026-08-13T14:55:43.624131
2109,5,2.1547478568819542,2026-08-13T14:55:43.624131
2110,6,1486.5421584376593,2026-08-13T14:55:43.624131
2111,7,73.5407094132041,2026-08-13T14:55:43.624131
2112,8,100.61074414652485,2026-08-13T14:55:43.624131
2113,9,69.18976031682395,2026-08-13T14:55:43.624131
2114,10,2.2307626637715625,2026-08-13T14:55:43.624131
2115,11,1343.0361702743949,2026-08-13T14:55:43.624131
2116,12,69.8349382333474,2026-08-13T14:55:43.624131
2117,13,2.1679124275754047,2026-08-13T14:55:43.624131
2118,14,1358.6664859488735,2026-08-13T14:55:43.624131
2119,15,73.97444265985987,2026-08-13T14:55:43.624131
2120,1,70.39473573804746,2026-08-13T14:55:45.646893
2121,2,2.0786225936888942,2026-08-13T14:55:45.646893
2122,3,1543.0748203059954,2026-08-13T14:55:45.646893
2123,4,72.23995716253535,2026-08-13T14:55:45.646893
2124,5,1.8222067000403561,2026-08-13T14:55:45.646893
2125,6,1437.5023911278583,2026-08-13T14:55:45.646893
2126,7,71.62711189901468,2026-08-13T14:55:45.646893
2127,8,101.54978915503006,2026-08-13T14:55:45.646893
2128,9,64.24822806232844,2026-08-13T14:55:45.646893
2129,10,1.8865450990891885,2026-08-13T14:55:45.646893
2130,11,1534.132565898288,2026-08-13T14:55:45.646893
2131,12,68.16811996361349,2026-08-13T14:55:45.646893
2132,13,1.9577196010288973,2026-08-13T14:55:45.646893
2133,14,1441.911059363985,2026-08-13T14:55:45.646893
2134,15,68.18552399960369,2026-08-13T14:55:45.646893
2135,1,68.65847817496817,2026-08-13T14:55:47.667069
2136,2,2.1115418360995886,2026-08-13T14:55:47.667069
2137,3,1518.8941448502721,2026-08-13T14:55:47.667069
2138,4,72.0495565388419,2026-08-13T14:55:47.667069
2139,5,1.9366618099666442,2026-08-13T14:55:47.667069
2140,6,1503.819861246421,2026-08-13T14:55:47.667069
2141,7,67.56777529523563,2026-08-13T14:55:47.667069
2142,8,99.56315509391075,2026-08-13T14:55:47.667069
2143,9,68.50398574282272,2026-08-13T14:55:47.667069
2144,10,2.2526854794111335,2026-08-13T14:55:47.667069
2145,11,1530.2923115480892,2026-08-13T14:55:47.667069
2146,12,70.68565498344884,2026-08-13T14:55:47.667069
2147,13,2.09849087967006,2026-08-13T14:55:47.667069
2148,14,1469.911931320663,2026-08-13T14:55:47.667069
2149,15,70.85816994387876,2026-08-13T14:55:47.667069
2150,1,76.83464070084713,2026-08-13T14:55:49.688632
2151,2,1.923140961348473,2026-08-13T14:55:49.688632
2152,3,1442.0082716906882,2026-08-13T14:55:49.688632
2153,4,70.99848685253332,2026-08-13T14:55:49.688632
2154,5,1.8086651086544965,2026-08-13T14:55:49.688632
2155,6,1389.7983001679333,2026-08-13T14:55:49.688632
2156,7,68.16307871911275,2026-08-13T14:55:49.688632
2157,8,102.40342790775927,2026-08-13T14:55:49.688632
2158,12,69.59608468210591,2026-08-13T14:55:49.688632
2159,13,1.9955884626294915,2026-08-13T14:55:49.688632
2160,14,1395.615566594799,2026-08-13T14:55:49.688632
2161,15,69.40492663063047,2026-08-13T14:55:49.688632
2162,4,68.25370062280544,2026-08-13T14:55:51.721971
2163,5,1.9736032716794982,2026-08-13T14:55:51.721971
2164,6,1563.562334030681,2026-08-13T14:55:51.721971
2165,7,70.61119024878076,2026-08-13T14:55:51.721971
2166,8,97.86001919779622,2026-08-13T14:55:51.721971
2167,12,67.4181946662328,2026-08-13T14:55:51.721971
2168,13,2.104220388381076,2026-08-13T14:55:51.721971
2169,14,1633.0560568892668,2026-08-13T14:55:51.721971
2170,15,72.87997591625559,2026-08-13T14:55:51.721971
2171,4,67.79510836660863,2026-08-13T14:55:53.728883
2172,5,1.9834468058119121,2026-08-13T14:55:53.728883
2173,6,1551.1747001657527,2026-08-13T14:55:53.728883
2174,7,67.90860505979462,2026-08-13T14:55:53.728883
2175,8,110.48894479326717,2026-08-13T14:55:53.728883
2176,12,73.26184928043403,2026-08-13T14:55:53.728883
2177,13,2.152727464012978,2026-08-13T14:55:53.728883
2178,14,1498.7917059547015,2026-08-13T14:55:53.728883
2179,15,67.54987916773692,2026-08-13T14:55:53.728883
2180,4,72.09491368015205,2026-08-13T14:55:55.749087
2181,5,2.2053191900198494,2026-08-13T14:55:55.749087
2182,6,1579.6088975920452,2026-08-13T14:55:55.749087
2183,7,66.82025262480481,2026-08-13T14:55:55.749087
2184,8,101.29017707921062,2026-08-13T14:55:55.749087
2185,12,65.28404657728717,2026-08-13T14:55:55.749087
2186,13,2.111224482410263,2026-08-13T14:55:55.749087
2187,14,1484.664616372164,2026-08-13T14:55:55.749087
2188,15,67.90581074421526,2026-08-13T14:55:55.749087
2189,7,66.56758458386034,2026-08-13T14:55:57.757632
2190,8,114.92151443634013,2026-08-13T14:55:57.757632
2191,12,75.10610872336059,2026-08-13T14:55:57.757632
2192,13,1.821825269347713,2026-08-13T14:55:57.757632
2193,14,1392.5645640064295,2026-08-13T14:55:57.757632
2194,15,72.8282080264744,2026-08-13T14:55:57.757632
2195,7,69.44415031032106,2026-08-13T14:55:59.779953
2196,8,96.28028664535952,2026-08-13T14:55:59.779953
2197,12,67.8813954881704,2026-08-13T14:55:59.779953
2198,13,2.0669133679812735,2026-08-13T14:55:59.779953
2199,14,1493.8558453476812,2026-08-13T14:55:59.779953
2200,15,73.75766105742576,2026-08-13T14:55:59.779953
2201,7,72.57203652196817,2026-08-13T14:56:01.788607
2202,8,98.98434655707776,2026-08-13T14:56:01.788607
2203,12,65.87242951846024,2026-08-13T14:56:01.788607
2204,13,2.138166650951205,2026-08-13T14:56:01.788607
2205,14,1484.9786868656886,2026-08-13T14:56:01.788607
2206,15,69.95649367011248,2026-08-13T14:56:01.788607
2207,7,69.59457491323809,2026-08-13T14:56:03.811141
2208,8,95.79433179073547,2026-08-13T14:56:03.811141
2209,12,69.20224649459611,2026-08-13T14:56:03.811141
2210,13,1.8239028835327633,2026-08-13T14:56:03.811141
2211,14,1458.6434313695438,2026-08-13T14:56:03.811141
2212,15,73.06898391298633,2026-08-13T14:56:03.811141
2213,7,75.45526517654123,2026-08-13T14:56:05.819057
2214,8,99.76234281498355,2026-08-13T14:56:05.819057
2215,12,70.5511643922264,2026-08-13T14:56:05.819057
2216,13,1.9858217080627294,2026-08-13T14:56:05.819057
2217,14,1525.0672091089828,2026-08-13T14:56:05.819057
2218,15,73.44819114872077,2026-08-13T14:56:05.819057
2219,7,70.34323452355407,2026-08-13T14:56:07.838853
2220,8,94.4126754131158,2026-08-13T14:56:07.838853
2221,12,66.63274803126555,2026-08-13T14:56:07.838853
2222,13,2.0319413648628433,2026-08-13T14:56:07.838853
2223,14,1406.8919916894363,2026-08-13T14:56:07.838853
2224,15,67.74124976785944,2026-08-13T14:56:07.838853
2225,7,70.3090398077874,2026-08-13T14:56:09.869077
2226,8,98.94207565573525,2026-08-13T14:56:09.869077
2227,12,65.59683320325877,2026-08-13T14:56:09.869077
2228,13,1.9075848897005887,2026-08-13T14:56:09.869077
2229,14,1462.7131977604242,2026-08-13T14:56:09.869077
2230,15,71.39326359031315,2026-08-13T14:56:09.869077
2231,7,66.36686198556569,2026-08-13T14:56:11.890492
2232,8,97.84562911688413,2026-08-13T14:56:11.890492
2233,12,76.36413498440561,2026-08-13T14:56:11.890492
2234,13,2.0515426077420975,2026-08-13T14:56:11.890492
2235,14,1445.2219169914101,2026-08-13T14:56:11.890492
2236,15,75.8173281538761,2026-08-13T14:56:11.890492
2237,4,70.03424269843853,2026-08-13T14:56:13.897815
2238,5,2.1381200358429626,2026-08-13T14:56:13.897815
2239,6,1542.0635913204674,2026-08-13T14:56:13.897815
2240,7,68.11271700814035,2026-08-13T14:56:13.897815
2241,8,109.69465897555065,2026-08-13T14:56:13.897815
2242,9,62.40886169545147,2026-08-13T14:56:13.897815
2243,10,1.8911516890410114,2026-08-13T14:56:13.897815
2244,11,1525.8198386797637,2026-08-13T14:56:13.897815
2245,12,72.1811164727346,2026-08-13T14:56:13.897815
2246,13,1.9301278908030077,2026-08-13T14:56:13.897815
2247,14,1469.76546521034,2026-08-13T14:56:13.897815
2248,15,78.04665241551047,2026-08-13T14:56:13.897815
2249,4,69.47070509547162,2026-08-13T14:56:15.919383
2250,5,2.128294724711031,2026-08-13T14:56:15.919383
2251,6,1465.4574060422221,2026-08-13T14:56:15.919383
2252,7,72.93941144529354,2026-08-13T14:56:15.919383
2253,8,105.16017282720645,2026-08-13T14:56:15.919383
2254,9,71.84168722028055,2026-08-13T14:56:15.919383
2255,10,1.9667871688351934,2026-08-13T14:56:15.919383
2256,11,1366.1230983066778,2026-08-13T14:56:15.919383
2257,12,65.56355566764677,2026-08-13T14:56:15.919383
2258,13,1.9943511009155248,2026-08-13T14:56:15.919383
2259,14,1525.019824406657,2026-08-13T14:56:15.919383
2260,15,68.01319370657413,2026-08-13T14:56:15.919383
2261,1,72.2892031932525,2026-08-13T14:56:17.940756
2262,2,2.216027733060559,2026-08-13T14:56:17.940756
2263,3,1492.1625164525926,2026-08-13T14:56:17.940756
2264,4,70.37347542274543,2026-08-13T14:56:17.940756
2265,5,1.9709120006257987,2026-08-13T14:56:17.940756
2266,6,1485.7092584959387,2026-08-13T14:56:17.940756
2267,7,74.34362922335346,2026-08-13T14:56:17.940756
2268,8,99.51789176347991,2026-08-13T14:56:17.940756
2269,9,72.79301282849464,2026-08-13T14:56:17.940756
2270,10,2.0288217683483354,2026-08-13T14:56:17.940756
2271,11,1509.8997241328736,2026-08-13T14:56:17.940756
2272,12,69.22129003489644,2026-08-13T14:56:17.940756
2273,13,2.034123981937732,2026-08-13T14:56:17.940756
2274,14,1459.8886876062918,2026-08-13T14:56:17.940756
2275,15,73.41705446778104,2026-08-13T14:56:17.940756
2276,1,71.41329582265081,2026-08-13T14:56:19.965329
2277,2,2.0012633787519203,2026-08-13T14:56:19.965329
2278,3,1459.2478433806862,2026-08-13T14:56:19.965329
2279,4,76.279895977931,2026-08-13T14:56:19.965329
2280,5,1.9191241122180822,2026-08-13T14:56:19.965329
2281,6,1481.8722836007512,2026-08-13T14:56:19.965329
2282,7,74.2374648816867,2026-08-13T14:56:19.965329
2283,8,97.70208456398333,2026-08-13T14:56:19.965329
2284,9,66.29473428867598,2026-08-13T14:56:19.965329
2285,10,2.198194049347086,2026-08-13T14:56:19.965329
2286,11,1570.7610587453473,2026-08-13T14:56:19.965329
2287,12,68.54235022630449,2026-08-13T14:56:19.965329
2288,13,2.126283373379778,2026-08-13T14:56:19.965329
2289,14,1520.1961711485533,2026-08-13T14:56:19.965329
2290,15,73.04010176811664,2026-08-13T14:56:19.965329
2291,1,71.02755946951936,2026-08-13T14:56:21.996462
2292,2,1.8626722741349433,2026-08-13T14:56:21.996462
2293,3,1522.826095474323,2026-08-13T14:56:21.996462
2294,4,76.91969927666018,2026-08-13T14:56:21.996462
2295,5,2.006253770138242,2026-08-13T14:56:21.996462
2296,6,1457.4066257479828,2026-08-13T14:56:21.996462
2297,7,69.12370799317189,2026-08-13T14:56:21.996462
2298,8,93.97443288039071,2026-08-13T14:56:21.996462
2299,9,72.2102330286783,2026-08-13T14:56:21.996462
2300,10,1.9207804438585478,2026-08-13T14:56:21.996462
2301,11,1493.9115895323928,2026-08-13T14:56:21.996462
2302,12,72.83779642771843,2026-08-13T14:56:21.996462
2303,13,2.061286375380694,2026-08-13T14:56:21.996462
2304,14,1519.475600901917,2026-08-13T14:56:21.996462
2305,15,73.17103591547095,2026-08-13T14:56:21.996462
2306,1,62.401477071789856,2026-08-13T14:56:24.004387
2307,2,2.0625467029070257,2026-08-13T14:56:24.004387
2308,3,1387.0902821003583,2026-08-13T14:56:24.004387
2309,4,68.41840130794048,2026-08-13T14:56:24.004387
2310,5,2.058023561713425,2026-08-13T14:56:24.004387
2311,6,1632.0888087493147,2026-08-13T14:56:24.004387
2312,7,64.2051943196376,2026-08-13T14:56:24.004387
2313,8,104.9474267652827,2026-08-13T14:56:24.004387
2314,9,75.57198199468264,2026-08-13T14:56:24.004387
2315,10,2.1029301616700957,2026-08-13T14:56:24.004387
2316,11,1405.269960875928,2026-08-13T14:56:24.004387
2317,12,67.46481839651815,2026-08-13T14:56:24.004387
2318,13,1.9487317254819225,2026-08-13T14:56:24.004387
2319,14,1537.0887280190013,2026-08-13T14:56:24.004387
2320,15,73.89308788958937,2026-08-13T14:56:24.004387
2321,1,68.88505039243707,2026-08-13T14:56:26.011823
2322,2,1.8856827473636724,2026-08-13T14:56:26.011823
2323,3,1439.8091105671863,2026-08-13T14:56:26.011823
2324,4,75.99747892830796,2026-08-13T14:56:26.011823
2325,5,1.8021194435229333,2026-08-13T14:56:26.011823
2326,6,1537.4538834781679,2026-08-13T14:56:26.011823
2327,7,76.09489374980816,2026-08-13T14:56:26.011823
2328,8,102.13585276029737,2026-08-13T14:56:26.011823
2329,9,69.50081638666997,2026-08-13T14:56:26.011823
2330,10,1.9585886765452027,2026-08-13T14:56:26.011823
2331,11,1503.8594143012856,2026-08-13T14:56:26.011823
2332,12,69.38325377372709,2026-08-13T14:56:26.011823
2333,13,1.9275830124484399,2026-08-13T14:56:26.011823
2334,14,1615.8937383859093,2026-08-13T14:56:26.011823
2335,15,68.25923216898573,2026-08-13T14:56:26.011823
2336,1,66.15089880332822,2026-08-13T14:56:28.034241
2337,2,2.0991906019760513,2026-08-13T14:56:28.034241
2338,3,1489.550009580868,2026-08-13T14:56:28.034241
2339,4,68.38947332584472,2026-08-13T14:56:28.034241
2340,5,1.9544657825549792,2026-08-13T14:56:28.034241
2341,6,1471.1062432243687,2026-08-13T14:56:28.034241
2342,7,72.89777651024268,2026-08-13T14:56:28.034241
2343,8,93.05585445873533,2026-08-13T14:56:28.034241
2344,9,76.69898790404451,2026-08-13T14:56:28.034241
2345,10,2.000575689493535,2026-08-13T14:56:28.034241
2346,11,1465.0451692084341,2026-08-13T14:56:28.034241
2347,12,70.94074026851027,2026-08-13T14:56:28.034241
2348,13,1.97432186642779,2026-08-13T14:56:28.034241
2349,14,1474.7652641598875,2026-08-13T14:56:28.034241
2350,15,76.68953964224748,2026-08-13T14:56:28.034241
2351,1,69.07479750383256,2026-08-13T14:56:30.042118
2352,2,2.021761730501425,2026-08-13T14:56:30.042118
2353,3,1595.8892215756005,2026-08-13T14:56:30.042118
2354,4,70.92584144144614,2026-08-13T14:56:30.042118
2355,5,2.0606653281878407,2026-08-13T14:56:30.042118
2356,6,1505.908438988318,2026-08-13T14:56:30.042118
2357,7,72.88253667612588,2026-08-13T14:56:30.042118
2358,8,86.94415550149652,2026-08-13T14:56:30.042118
2359,9,78.17307083235536,2026-08-13T14:56:30.042118
2360,10,2.0070417429772887,2026-08-13T14:56:30.042118
2361,11,1565.0207232643866,2026-08-13T14:56:30.042118
2362,12,75.18947799893867,2026-08-13T14:56:30.042118
2363,13,1.8809293867596892,2026-08-13T14:56:30.042118
2364,14,1512.2780246267737,2026-08-13T14:56:30.042118
2365,15,63.59879328225393,2026-08-13T14:56:30.042118
2366,1,68.60130670539523,2026-08-13T14:56:32.068614
2367,2,1.9132562354165366,2026-08-13T14:56:32.068614
2368,3,1539.8098034215363,2026-08-13T14:56:32.068614
2369,4,76.83177852295653,2026-08-13T14:56:32.068614
2370,5,1.9956101989001975,2026-08-13T14:56:32.068614
2371,6,1366.5923101006285,2026-08-13T14:56:32.068614
2372,7,73.42298533413357,2026-08-13T14:56:32.068614
2373,8,99.43493894725346,2026-08-13T14:56:32.068614
2374,9,68.20305602487348,2026-08-13T14:56:32.068614
2375,10,2.0995289643545307,2026-08-13T14:56:32.068614
2376,11,1483.5719124386064,2026-08-13T14:56:32.068614
2377,12,71.61201633016125,2026-08-13T14:56:32.068614
2378,13,1.939957016608753,2026-08-13T14:56:32.068614
2379,14,1647.0957081124584,2026-08-13T14:56:32.068614
2380,15,72.90873898217687,2026-08-13T14:56:32.068614
2381,1,73.11236303636397,2026-08-13T14:56:34.080991
2382,2,2.001185161067142,2026-08-13T14:56:34.080991
2383,3,1544.710070887391,2026-08-13T14:56:34.080991
2384,4,67.35593830093627,2026-08-13T14:56:34.080991
2385,5,2.0511655044926655,2026-08-13T14:56:34.080991
2386,6,1445.7702613493861,2026-08-13T14:56:34.080991
2387,7,69.32920456900432,2026-08-13T14:56:34.080991
2388,8,102.41621204699105,2026-08-13T14:56:34.080991
2389,9,69.8641829415814,2026-08-13T14:56:34.080991
2390,10,1.7849477444225081,2026-08-13T14:56:34.080991
2391,11,1487.5130263509277,2026-08-13T14:56:34.080991
2392,12,67.78798195167482,2026-08-13T14:56:34.080991
2393,13,1.937764935740499,2026-08-13T14:56:34.080991
2394,14,1549.0712507391727,2026-08-13T14:56:34.080991
2395,15,71.53876239705704,2026-08-13T14:56:34.080991
2396,1,73.00281679555142,2026-08-13T14:56:36.086984
2397,2,2.0633279522094368,2026-08-13T14:56:36.086984
2398,3,1548.8581056971088,2026-08-13T14:56:36.086984
2399,4,64.93461657015227,2026-08-13T14:56:36.086984
2400,5,2.1169970174591786,2026-08-13T14:56:36.086984
2401,6,1586.0448698056248,2026-08-13T14:56:36.086984
2402,7,71.92012171971689,2026-08-13T14:56:36.086984
2403,8,100.2750256340583,2026-08-13T14:56:36.086984
2404,9,67.88472239735155,2026-08-13T14:56:36.086984
2405,10,2.048727209995041,2026-08-13T14:56:36.086984
2406,11,1462.6740371544809,2026-08-13T14:56:36.086984
2407,12,71.42383427921278,2026-08-13T14:56:36.086984
2408,13,2.034896127561329,2026-08-13T14:56:36.086984
2409,14,1550.6435848691128,2026-08-13T14:56:36.086984
2410,15,74.27074927432982,2026-08-13T14:56:36.086984
2411,1,68.57047657040819,2026-08-13T14:56:38.108769
2412,2,1.9793275033272861,2026-08-13T14:56:38.108769
2413,3,1469.721223238134,2026-08-13T14:56:38.108769
2414,4,68.80924683356545,2026-08-13T14:56:38.108769
2415,5,1.9784576877304325,2026-08-13T14:56:38.108769
2416,6,1412.6367434591598,2026-08-13T14:56:38.108769
2417,7,67.12570314887591,2026-08-13T14:56:38.108769
2418,8,91.59540797342096,2026-08-13T14:56:38.108769
2419,9,73.01157815072524,2026-08-13T14:56:38.108769
2420,10,2.06275821501118,2026-08-13T14:56:38.108769
2421,11,1586.5009046001742,2026-08-13T14:56:38.108769
2422,12,69.24054517937402,2026-08-13T14:56:38.108769
2423,13,1.9798379875130263,2026-08-13T14:56:38.108769
2424,14,1453.5638814692154,2026-08-13T14:56:38.108769
2425,15,65.98628548895843,2026-08-13T14:56:38.108769
2426,1,65.85122135762211,2026-08-13T14:56:40.133285
2427,2,2.119025267002684,2026-08-13T14:56:40.133285
2428,3,1428.3431025768898,2026-08-13T14:56:40.133285
2429,4,70.10224214684294,2026-08-13T14:56:40.133285
2430,5,1.94465328303381,2026-08-13T14:56:40.133285
2431,6,1475.7000724861562,2026-08-13T14:56:40.133285
2432,9,64.75251749028918,2026-08-13T14:56:40.133285
2433,10,2.058582296381942,2026-08-13T14:56:40.133285
2434,11,1665.2033030450514,2026-08-13T14:56:40.133285
2435,12,70.36972872928938,2026-08-13T14:56:40.133285
2436,13,2.1306463753262577,2026-08-13T14:56:40.133285
2437,14,1458.36282277698,2026-08-13T14:56:40.133285
2438,1,74.4057871473535,2026-08-13T14:56:42.151752
2439,2,1.8250705650909593,2026-08-13T14:56:42.151752
2440,3,1572.6379343271021,2026-08-13T14:56:42.151752
2441,4,73.26142462895771,2026-08-13T14:56:42.151752
2442,5,1.7756144244017693,2026-08-13T14:56:42.151752
2443,6,1457.7904051878716,2026-08-13T14:56:42.151752
2444,9,69.28010123039614,2026-08-13T14:56:42.151752
2445,10,1.9026623420381235,2026-08-13T14:56:42.151752
2446,11,1465.34151577776,2026-08-13T14:56:42.151752
2447,12,68.43841657633605,2026-08-13T14:56:42.151752
2448,13,1.94436337932806,2026-08-13T14:56:42.151752
2449,14,1648.8805145067872,2026-08-13T14:56:42.151752
2450,1,74.92879318465263,2026-08-13T14:56:44.158862
2451,2,1.9311654567812453,2026-08-13T14:56:44.158862
2452,3,1377.1055679069757,2026-08-13T14:56:44.158862
2453,4,69.4393164778296,2026-08-13T14:56:44.158862
2454,5,1.8042714594415317,2026-08-13T14:56:44.158862
2455,6,1523.9280880796052,2026-08-13T14:56:44.158862
2456,9,74.57690013133228,2026-08-13T14:56:44.158862
2457,10,2.06287950005733,2026-08-13T14:56:44.158862
2458,11,1549.5981548056106,2026-08-13T14:56:44.158862
2459,12,69.51611778558345,2026-08-13T14:56:44.158862
2460,13,1.9163630487386214,2026-08-13T14:56:44.158862
2461,14,1465.991020442941,2026-08-13T14:56:44.158862
2462,1,67.6423695809381,2026-08-13T14:56:46.179163
2463,2,2.04110182584665,2026-08-13T14:56:46.179163
2464,3,1434.3311544833425,2026-08-13T14:56:46.179163
2465,4,67.12768446466941,2026-08-13T14:56:46.179163
2466,5,1.9440159021511878,2026-08-13T14:56:46.179163
2467,6,1373.1349670735722,2026-08-13T14:56:46.179163
2468,9,70.49403573422452,2026-08-13T14:56:46.179163
2469,10,1.871246667121432,2026-08-13T14:56:46.179163
2470,11,1669.137783100156,2026-08-13T14:56:46.179163
2471,12,69.06101077750107,2026-08-13T14:56:46.179163
2472,13,2.0040695785502565,2026-08-13T14:56:46.179163
2473,14,1587.3635153974308,2026-08-13T14:56:46.179163
2474,1,64.66736711077897,2026-08-13T14:56:48.187762
2475,2,1.803239655584525,2026-08-13T14:56:48.187762
2476,3,1532.5738202772104,2026-08-13T14:56:48.187762
2477,4,70.90254199575648,2026-08-13T14:56:48.187762
2478,5,1.924460800672987,2026-08-13T14:56:48.187762
2479,6,1447.5345920199034,2026-08-13T14:56:48.187762
2480,9,72.46877748257906,2026-08-13T14:56:48.187762
2481,10,1.9021635343079255,2026-08-13T14:56:48.187762
2482,11,1344.014114904048,2026-08-13T14:56:48.187762
2483,1,70.67537331465404,2026-08-13T14:56:50.195433
2484,2,1.8715320886843712,2026-08-13T14:56:50.195433
2485,3,1511.0595639988017,2026-08-13T14:56:50.195433
2486,4,69.81772309585128,2026-08-13T14:56:50.195433
2487,5,2.0081029642620036,2026-08-13T14:56:50.195433
2488,6,1532.0526713579793,2026-08-13T14:56:50.195433
2489,7,66.92178338906236,2026-08-13T14:56:50.195433
2490,8,112.70840328976257,2026-08-13T14:56:50.195433
2491,9,71.71295638732146,2026-08-13T14:56:50.195433
2492,10,2.0138878123054296,2026-08-13T14:56:50.195433
2493,11,1465.4962323162813,2026-08-13T14:56:50.195433
2494,1,74.32755315172116,2026-08-13T14:56:52.204708
2495,2,2.1069249013523845,2026-08-13T14:56:52.204708
2496,3,1489.960831342628,2026-08-13T14:56:52.204708
2497,4,70.92436421057616,2026-08-13T14:56:52.204708
2498,5,2.210081104613071,2026-08-13T14:56:52.204708
2499,6,1616.086991621354,2026-08-13T14:56:52.204708
2500,7,71.1633921902762,2026-08-13T14:56:52.204708
2501,8,105.19761761221055,2026-08-13T14:56:52.204708
2502,9,78.93108857045183,2026-08-13T14:56:52.204708
2503,10,1.8695322183097862,2026-08-13T14:56:52.204708
2504,11,1502.945131868439,2026-08-13T14:56:52.204708
2505,1,65.88665117752046,2026-08-13T14:56:54.226090
2506,2,2.0487077169279018,2026-08-13T14:56:54.226090
2507,3,1529.8464609635337,2026-08-13T14:56:54.226090
2508,4,61.47396778806883,2026-08-13T14:56:54.226090
2509,5,1.8958375167944155,2026-08-13T14:56:54.226090
2510,6,1536.1768016655374,2026-08-13T14:56:54.226090
2511,7,64.99564979886442,2026-08-13T14:56:54.226090
2512,8,108.61219595251767,2026-08-13T14:56:54.226090
2513,9,75.18149003746308,2026-08-13T14:56:54.226090
2514,10,1.925093746306723,2026-08-13T14:56:54.226090
2515,11,1493.6065124976278,2026-08-13T14:56:54.226090
2516,1,70.04803141252098,2026-08-13T14:56:56.251319
2517,2,2.0444174383869935,2026-08-13T14:56:56.251319
2518,3,1628.4598156811926,2026-08-13T14:56:56.251319
2519,4,68.73296344941211,2026-08-13T14:56:56.251319
2520,5,1.976384614439076,2026-08-13T14:56:56.251319
2521,6,1534.903806308573,2026-08-13T14:56:56.251319
2522,7,70.7420864114352,2026-08-13T14:56:56.251319
2523,8,93.29438154358209,2026-08-13T14:56:56.251319
2524,9,69.98337757194105,2026-08-13T14:56:56.251319
2525,10,1.8720710150543087,2026-08-13T14:56:56.251319
2526,11,1565.2560123644885,2026-08-13T14:56:56.251319
2527,1,68.26734334097274,2026-08-13T14:56:58.260105
2528,2,2.0483468432693974,2026-08-13T14:56:58.260105
2529,3,1368.2363444828839,2026-08-13T14:56:58.260105
2530,4,67.51780076580793,2026-08-13T14:56:58.260105
2531,5,2.112595750678533,2026-08-13T14:56:58.260105
2532,6,1530.3415949163414,2026-08-13T14:56:58.260105
2533,7,74.45146664530205,2026-08-13T14:56:58.260105
2534,8,96.67090180802583,2026-08-13T14:56:58.260105
2535,9,72.79535278647256,2026-08-13T14:56:58.260105
2536,10,1.9953005881699684,2026-08-13T14:56:58.260105
2537,11,1434.610896381369,2026-08-13T14:56:58.260105
2538,1,64.07762736813578,2026-08-13T14:57:00.284994
2539,2,1.9520950662300396,2026-08-13T14:57:00.284994
2540,3,1395.5956569986404,2026-08-13T14:57:00.284994
2541,4,65.33551675796579,2026-08-13T14:57:00.284994
2542,5,1.9499172344950746,2026-08-13T14:57:00.284994
2543,6,1524.624006668179,2026-08-13T14:57:00.284994
2544,7,74.3451542076534,2026-08-13T14:57:00.284994
2545,8,103.71567978074398,2026-08-13T14:57:00.284994
2546,9,69.15490315111964,2026-08-13T14:57:00.284994
2547,10,2.0304361744728032,2026-08-13T14:57:00.284994
2548,11,1532.8200684950161,2026-08-13T14:57:00.284994
2549,1,70.92454110387466,2026-08-13T14:57:02.305265
2550,2,1.9528860792787976,2026-08-13T14:57:02.305265
2551,3,1481.173973963202,2026-08-13T14:57:02.305265
2552,4,70.07498300967747,2026-08-13T14:57:02.305265
2553,5,1.951031818203661,2026-08-13T14:57:02.305265
2554,6,1500.9448584711815,2026-08-13T14:57:02.305265
2555,7,67.327509470711,2026-08-13T14:57:02.305265
2556,8,110.84866771137123,2026-08-13T14:57:02.305265
2557,9,72.7151954898382,2026-08-13T14:57:02.305265
2558,10,1.874878116189261,2026-08-13T14:57:02.305265
2559,11,1563.9047749782687,2026-08-13T14:57:02.305265
2560,1,69.9994886984187,2026-08-13T14:57:04.327524
2561,2,1.9870178787524972,2026-08-13T14:57:04.327524
2562,3,1387.654349827183,2026-08-13T14:57:04.327524
2563,4,70.42318217593882,2026-08-13T14:57:04.327524
2564,5,2.197258458104859,2026-08-13T14:57:04.327524
2565,6,1695.8699393050856,2026-08-13T14:57:04.327524
2566,7,70.97097713013659,2026-08-13T14:57:04.327524
2567,8,100.31138705346734,2026-08-13T14:57:04.327524
2568,9,68.5747979105434,2026-08-13T14:57:04.327524
2569,10,2.0605311107347903,2026-08-13T14:57:04.327524
2570,11,1404.3639896656052,2026-08-13T14:57:04.327524
2571,1,73.14642504417391,2026-08-13T14:57:06.348103
2572,2,1.8797766134710368,2026-08-13T14:57:06.348103
2573,3,1465.1279599386773,2026-08-13T14:57:06.348103
2574,4,67.10987302616454,2026-08-13T14:57:06.348103
2575,5,1.7288036075746418,2026-08-13T14:57:06.348103
2576,6,1491.6027878397804,2026-08-13T14:57:06.348103
2577,7,71.63675682786631,2026-08-13T14:57:06.348103
2578,8,92.7911828793237,2026-08-13T14:57:06.348103
2579,9,74.10977300682777,2026-08-13T14:57:06.348103
2580,10,1.8166906847093292,2026-08-13T14:57:06.348103
2581,11,1508.105603982987,2026-08-13T14:57:06.348103
2582,1,68.15978734074103,2026-08-13T14:57:08.355640
2583,2,2.0329043360800467,2026-08-13T14:57:08.355640
2584,3,1438.501975329488,2026-08-13T14:57:08.355640
2585,4,69.10323284259518,2026-08-13T14:57:08.355640
2586,5,1.8359456958848024,2026-08-13T14:57:08.355640
2587,6,1426.347547311335,2026-08-13T14:57:08.355640
2588,7,70.16585750922786,2026-08-13T14:57:08.355640
2589,8,104.54751381344933,2026-08-13T14:57:08.355640
2590,9,70.86387697809458,2026-08-13T14:57:08.355640
2591,10,2.344260888619393,2026-08-13T14:57:08.355640
2592,11,1476.1156670660105,2026-08-13T14:57:08.355640
2593,1,67.53737902977713,2026-08-13T14:57:10.378221
2594,2,2.0529127127817257,2026-08-13T14:57:10.378221
2595,3,1463.8734347355417,2026-08-13T14:57:10.378221
2596,4,70.22785172201561,2026-08-13T14:57:10.378221
2597,5,2.005571304752766,2026-08-13T14:57:10.378221
2598,6,1490.0712561358698,2026-08-13T14:57:10.378221
2599,7,70.79408512043491,2026-08-13T14:57:10.378221
2600,8,110.54089934608847,2026-08-13T14:57:10.378221
2601,9,68.31405539579352,2026-08-13T14:57:10.378221
2602,10,1.6908395401532772,2026-08-13T14:57:10.378221
2603,11,1516.7407534138838,2026-08-13T14:57:10.378221
2604,1,73.75488270724641,2026-08-13T14:57:12.397923
2605,2,2.2662677130158246,2026-08-13T14:57:12.397923
2606,3,1498.149708387783,2026-08-13T14:57:12.397923
2607,4,69.14239872687735,2026-08-13T14:57:12.397923
2608,5,1.8056849192911688,2026-08-13T14:57:12.397923
2609,6,1575.261751999196,2026-08-13T14:57:12.397923
2610,7,70.02076800980913,2026-08-13T14:57:12.397923
2611,8,103.29996724852832,2026-08-13T14:57:12.397923
2612,9,64.7988075813511,2026-08-13T14:57:12.397923
2613,10,2.206500521257091,2026-08-13T14:57:12.397923
2614,11,1600.3076014545923,2026-08-13T14:57:12.397923
2615,1,69.90822853621145,2026-08-13T14:57:14.419686
2616,2,2.113873673968966,2026-08-13T14:57:14.419686
2617,3,1508.9383193888732,2026-08-13T14:57:14.419686
2618,4,69.28313331525365,2026-08-13T14:57:14.419686
2619,5,1.9438857452293503,2026-08-13T14:57:14.419686
2620,6,1345.4377420461565,2026-08-13T14:57:14.419686
2621,7,69.6739587003865,2026-08-13T14:57:14.419686
2622,8,104.2145166917577,2026-08-13T14:57:14.419686
2623,9,64.31191180307171,2026-08-13T14:57:14.419686
2624,10,2.022174052637383,2026-08-13T14:57:14.419686
2625,11,1432.8349004717215,2026-08-13T14:57:14.419686
2626,1,66.80220408974341,2026-08-13T14:57:16.440379
2627,2,1.8191853471143737,2026-08-13T14:57:16.440379
2628,3,1339.0663300265592,2026-08-13T14:57:16.440379
2629,4,67.80672761247152,2026-08-13T14:57:16.440379
2630,5,2.007691369822712,2026-08-13T14:57:16.440379
2631,6,1409.4923624202922,2026-08-13T14:57:16.440379
2632,7,68.39871026242655,2026-08-13T14:57:16.440379
2633,8,100.4913667158026,2026-08-13T14:57:16.440379
2634,9,64.681604419428,2026-08-13T14:57:16.440379
2635,10,1.9632362803548395,2026-08-13T14:57:16.440379
2636,11,1476.6103370113394,2026-08-13T14:57:16.440379
2637,1,71.30736473951582,2026-08-13T14:57:18.460914
2638,2,1.987094088753127,2026-08-13T14:57:18.460914
2639,3,1304.1680313835664,2026-08-13T14:57:18.460914
2640,4,66.45080036290355,2026-08-13T14:57:18.460914
2641,5,1.992709554363944,2026-08-13T14:57:18.460914
2642,6,1483.9514236695236,2026-08-13T14:57:18.460914
2643,7,75.83629491446946,2026-08-13T14:57:18.460914
2644,8,97.44711852238304,2026-08-13T14:57:18.460914
2645,9,65.0456592171893,2026-08-13T14:57:18.460914
2646,10,1.961810967848223,2026-08-13T14:57:18.460914
2647,11,1386.2130489383042,2026-08-13T14:57:18.460914
2648,1,68.47479097618269,2026-08-13T14:57:20.469708
2649,2,1.9244508975351293,2026-08-13T14:57:20.469708
2650,3,1525.632861199541,2026-08-13T14:57:20.469708
2651,4,75.2880842579506,2026-08-13T14:57:20.469708
2652,5,2.1404993139554382,2026-08-13T14:57:20.469708
2653,6,1458.7406674701083,2026-08-13T14:57:20.469708
2654,7,68.69651539503865,2026-08-13T14:57:20.469708
2655,8,97.8718430766882,2026-08-13T14:57:20.469708
2656,9,68.38181573076193,2026-08-13T14:57:20.469708
2657,10,1.9768821228330729,2026-08-13T14:57:20.469708
2658,11,1650.8164615057706,2026-08-13T14:57:20.469708
2659,1,63.8343309733079,2026-08-13T14:57:22.492392
2660,2,2.0222766170828628,2026-08-13T14:57:22.492392
2661,3,1398.252553559542,2026-08-13T14:57:22.492392
2662,4,77.05273522064297,2026-08-13T14:57:22.492392
2663,5,2.0492399232308385,2026-08-13T14:57:22.492392
2664,6,1345.0328833024118,2026-08-13T14:57:22.492392
2665,7,73.71431605367643,2026-08-13T14:57:22.492392
2666,8,101.14907007205183,2026-08-13T14:57:22.492392
2667,9,66.0793136936618,2026-08-13T14:57:22.492392
2668,10,1.9364478137860628,2026-08-13T14:57:22.492392
2669,11,1676.316939871924,2026-08-13T14:57:22.492392
2670,1,63.892488023261535,2026-08-13T14:57:24.527940
2671,2,1.8787310602605185,2026-08-13T14:57:24.527940
2672,3,1464.7059291282267,2026-08-13T14:57:24.527940
2673,4,72.87983508795871,2026-08-13T14:57:24.527940
2674,5,2.0398038433941865,2026-08-13T14:57:24.527940
2675,6,1551.5608877865955,2026-08-13T14:57:24.527940
2676,7,75.25397493470297,2026-08-13T14:57:24.527940
2677,8,105.52327172361616,2026-08-13T14:57:24.527940
2678,9,69.53733452081005,2026-08-13T14:57:24.527940
2679,10,1.9887919708808586,2026-08-13T14:57:24.527940
2680,11,1451.5627034777729,2026-08-13T14:57:24.527940
2681,4,67.05680479010051,2026-08-13T14:57:26.549881
2682,5,1.9820826326092158,2026-08-13T14:57:26.549881
2683,6,1375.5391721930757,2026-08-13T14:57:26.549881
2684,7,67.83973843770232,2026-08-13T14:57:26.549881
2685,8,99.12766120275933,2026-08-13T14:57:26.549881
2686,9,73.78110602413972,2026-08-13T14:57:26.549881
2687,10,1.952453149517784,2026-08-13T14:57:26.549881
2688,11,1462.3888482564666,2026-08-13T14:57:26.549881
2689,4,71.09241309002086,2026-08-13T14:57:28.569651
2690,5,2.0797636754230844,2026-08-13T14:57:28.569651
2691,6,1442.8257406766463,2026-08-13T14:57:28.569651
2692,7,73.29479775463986,2026-08-13T14:57:28.569651
2693,8,101.96443679483328,2026-08-13T14:57:28.569651
2694,9,63.39099931646665,2026-08-13T14:57:28.569651
2695,10,2.1211540037173253,2026-08-13T14:57:28.569651
2696,11,1484.7150926971706,2026-08-13T14:57:28.569651
2697,4,71.03285601255828,2026-08-13T14:57:30.590857
2698,5,2.153711107682508,2026-08-13T14:57:30.590857
2699,6,1533.6255352604635,2026-08-13T14:57:30.590857
2700,7,69.83705755022712,2026-08-13T14:57:30.590857
2701,8,98.38333888160865,2026-08-13T14:57:30.590857
2702,1,63.600847812409455,2026-08-13T14:57:32.617216
2703,2,2.0892757149009458,2026-08-13T14:57:32.617216
2704,3,1483.834502374949,2026-08-13T14:57:32.617216
2705,7,70.38460710268382,2026-08-13T14:57:32.617216
2706,8,99.2826814968662,2026-08-13T14:57:32.617216
2707,15,62.92282862306193,2026-08-13T14:57:32.617216
2708,1,71.1652571910929,2026-08-13T14:57:34.623617
2709,2,1.9998949031547235,2026-08-13T14:57:34.623617
2710,3,1447.688269240737,2026-08-13T14:57:34.623617
2711,7,69.11798911578556,2026-08-13T14:57:34.623617
2712,8,98.23007981455723,2026-08-13T14:57:34.623617
2713,15,73.68388158913388,2026-08-13T14:57:34.623617
2714,1,73.43313991919098,2026-08-13T14:57:36.631143
2715,2,2.089834908533833,2026-08-13T14:57:36.631143
2716,3,1626.5194284913414,2026-08-13T14:57:36.631143
2717,7,70.75042628657457,2026-08-13T14:57:36.631143
2718,8,91.10672990038789,2026-08-13T14:57:36.631143
2719,15,68.23291104912758,2026-08-13T14:57:36.631143
2720,1,70.01591527299834,2026-08-13T14:57:38.641026
2721,2,2.1063291547560623,2026-08-13T14:57:38.641026
2722,3,1644.355342236012,2026-08-13T14:57:38.641026
2723,7,63.462744759734385,2026-08-13T14:57:38.641026
2724,8,107.24974456426115,2026-08-13T14:57:38.641026
2725,15,70.28368036444921,2026-08-13T14:57:38.641026
2726,1,72.8651422355946,2026-08-13T14:57:40.661715
2727,2,2.1947864446648357,2026-08-13T14:57:40.661715
2728,3,1508.2812668043484,2026-08-13T14:57:40.661715
2729,4,76.62078076501166,2026-08-13T14:57:40.661715
2730,5,2.1336476122381374,2026-08-13T14:57:40.661715
2731,6,1536.132473057956,2026-08-13T14:57:40.661715
2732,7,67.30675827322179,2026-08-13T14:57:40.661715
2733,8,110.82272440362689,2026-08-13T14:57:40.661715
2734,15,72.0983588122793,2026-08-13T14:57:40.661715
2735,1,70.09648006452348,2026-08-13T14:57:42.669226
2736,2,1.9270670370474268,2026-08-13T14:57:42.669226
2737,3,1551.15654199919,2026-08-13T14:57:42.669226
2738,4,73.18058873796376,2026-08-13T14:57:42.669226
2739,5,2.2383132134237247,2026-08-13T14:57:42.669226
2740,6,1526.9742475499659,2026-08-13T14:57:42.669226
2741,7,70.92332476487914,2026-08-13T14:57:42.669226
2742,8,97.03722673513927,2026-08-13T14:57:42.669226
2743,15,67.87429300794437,2026-08-13T14:57:42.669226
2744,1,67.924495767205,2026-08-13T14:57:44.689228
2745,2,2.0007207262810236,2026-08-13T14:57:44.689228
2746,3,1516.3860617045218,2026-08-13T14:57:44.689228
2747,4,73.93990796778219,2026-08-13T14:57:44.689228
2748,5,2.026281216697662,2026-08-13T14:57:44.689228
2749,6,1388.3326806649457,2026-08-13T14:57:44.689228
2750,7,77.54115583699445,2026-08-13T14:57:44.689228
2751,8,94.02193806362376,2026-08-13T14:57:44.689228
2752,15,70.46651253968933,2026-08-13T14:57:44.689228
2753,1,74.07266040470272,2026-08-13T14:57:46.696791
2754,2,1.9492728599837206,2026-08-13T14:57:46.696791
2755,3,1586.4422794335264,2026-08-13T14:57:46.696791
2756,4,66.82178021762856,2026-08-13T14:57:46.696791
2757,5,1.9258281959741395,2026-08-13T14:57:46.696791
2758,6,1595.9264513000014,2026-08-13T14:57:46.696791
2759,7,66.45764017599411,2026-08-13T14:57:46.696791
2760,8,105.50388317902286,2026-08-13T14:57:46.696791
2761,15,71.3757432586419,2026-08-13T14:57:46.696791
2762,1,67.85484174977377,2026-08-13T14:57:48.718042
2763,2,2.0414708587927675,2026-08-13T14:57:48.718042
2764,3,1541.170257032756,2026-08-13T14:57:48.718042
2765,4,68.51362089282141,2026-08-13T14:57:48.718042
2766,5,1.9773551008327286,2026-08-13T14:57:48.718042
2767,6,1574.9606870515302,2026-08-13T14:57:48.718042
2768,7,69.18621986441035,2026-08-13T14:57:48.718042
2769,8,98.75124334576583,2026-08-13T14:57:48.718042
2770,15,74.25532749567053,2026-08-13T14:57:48.718042
2771,1,72.8492162171818,2026-08-13T14:57:50.751199
2772,2,2.0450450481745395,2026-08-13T14:57:50.751199
2773,3,1705.966590866376,2026-08-13T14:57:50.751199
2774,4,66.36199342019634,2026-08-13T14:57:50.751199
2775,5,2.0196130324521415,2026-08-13T14:57:50.751199
2776,6,1601.9854670392374,2026-08-13T14:57:50.751199
2777,7,80.98462687977528,2026-08-13T14:57:50.751199
2778,8,97.200051625677,2026-08-13T14:57:50.751199
2779,15,71.77925069061055,2026-08-13T14:57:50.751199
2780,1,66.62896864311304,2026-08-13T15:13:59.611137
2781,2,1.7972254361797038,2026-08-13T15:13:59.611137
2782,3,1474.0502541004114,2026-08-13T15:13:59.611137
2783,4,73.57724048600602,2026-08-13T15:13:59.611137
2784,5,2.241793965446488,2026-08-13T15:13:59.611137
2785,6,1455.067213433045,2026-08-13T15:13:59.611137
2786,7,68.05280335104527,2026-08-13T15:13:59.611137
2787,8,109.56054100727624,2026-08-13T15:13:59.611137
2788,15,72.88573304795243,2026-08-13T15:13:59.611137
2789,1,70.88485497972238,2026-08-13T15:23:37.796039
2790,2,1.87659767971361,2026-08-13T15:23:37.796039
2791,3,1577.3180798074202,2026-08-13T15:23:37.796039
2792,4,74.01904165078713,2026-08-13T15:23:37.796039
2793,5,1.9470314636311217,2026-08-13T15:23:37.796039
2794,6,1401.6746611123108,2026-08-13T15:23:37.796039
2795,15,67.4137443666298,2026-08-13T15:23:37.796039
2796,1,70.01809834477143,2026-08-13T15:23:40.344671
2797,2,1.9700794944122983,2026-08-13T15:23:40.344671
2798,3,1520.916384049952,2026-08-13T15:23:40.344671
2799,4,64.92405836508757,2026-08-13T15:23:40.344671
2800,5,1.8641870164738439,2026-08-13T15:23:40.344671
2801,6,1494.0725191127376,2026-08-13T15:23:40.344671
2802,9,66.20888633883939,2026-08-13T15:23:40.344671
2803,10,1.9384610989006075,2026-08-13T15:23:40.344671
2804,11,1479.4619274195131,2026-08-13T15:23:40.344671
2805,15,70.6291653788909,2026-08-13T15:23:40.344671
2806,1,71.2493268907979,2026-08-13T15:23:42.370854
2807,2,2.0237902117130813,2026-08-13T15:23:42.370854
2808,3,1511.4148480207305,2026-08-13T15:23:42.370854
2809,4,71.87947236749538,2026-08-13T15:23:42.370854
2810,5,2.0701009009183315,2026-08-13T15:23:42.370854
2811,6,1606.9890674713554,2026-08-13T15:23:42.370854
2812,9,71.11906842541075,2026-08-13T15:23:42.370854
2813,10,2.128310844694896,2026-08-13T15:23:42.370854
2814,11,1553.0906086102098,2026-08-13T15:23:42.370854
2815,15,78.8833168604804,2026-08-13T15:23:42.370854
2816,1,70.88999726633074,2026-08-13T15:33:31.156045
2817,2,1.9488016808639645,2026-08-13T15:33:31.156045
2818,3,1520.203534491469,2026-08-13T15:33:31.156045
2819,4,74.93942770654945,2026-08-13T15:33:31.156045
2820,5,2.0815531194092918,2026-08-13T15:33:31.156045
2821,6,1518.2417740373,2026-08-13T15:33:31.156045
2822,9,74.02229693430507,2026-08-13T15:33:31.156045
2823,10,2.0212668642091702,2026-08-13T15:33:31.156045
2824,11,1650.2529952703537,2026-08-13T15:33:31.156045
2825,15,66.32331004302135,2026-08-13T15:33:31.156045
2826,1,74.2890841204314,2026-08-13T15:33:33.215403
2827,2,1.960782248527598,2026-08-13T15:33:33.215403
2828,3,1459.7365357448373,2026-08-13T15:33:33.215403
2829,4,65.75537751080967,2026-08-13T15:33:33.215403
2830,5,1.9991217668140757,2026-08-13T15:33:33.215403
2831,6,1580.9914250263755,2026-08-13T15:33:33.215403
2832,9,68.25029356249425,2026-08-13T15:33:33.215403
2833,10,2.0696010531180034,2026-08-13T15:33:33.215403
2834,11,1475.6811206794312,2026-08-13T15:33:33.215403
2835,15,74.15476918706386,2026-08-13T15:33:33.215403
2836,1,75.10546969994223,2026-08-13T15:33:35.228956
2837,2,2.1002037803893736,2026-08-13T15:33:35.228956
2838,3,1529.598975471734,2026-08-13T15:33:35.228956
2839,4,68.53037172446872,2026-08-13T15:33:35.228956
2840,5,1.9180814400493633,2026-08-13T15:33:35.228956
2841,6,1446.2143272358803,2026-08-13T15:33:35.228956
2842,9,69.04265730360603,2026-08-13T15:33:35.228956
2843,10,1.9522652820943314,2026-08-13T15:33:35.228956
2844,11,1488.6773349433481,2026-08-13T15:33:35.228956
2845,15,65.66623136993223,2026-08-13T15:33:35.228956
2846,1,75.55001690561706,2026-08-13T15:33:37.785554
2847,2,1.8842910604250027,2026-08-13T15:33:37.785554
2848,3,1419.5181556759514,2026-08-13T15:33:37.785554
2849,4,60.19474867534346,2026-08-13T15:33:37.785554
2850,5,2.0163271145011095,2026-08-13T15:33:37.785554
2851,6,1438.3323211359907,2026-08-13T15:33:37.785554
2852,9,68.33161410364912,2026-08-13T15:33:37.785554
2853,10,1.901341640296235,2026-08-13T15:33:37.785554
2854,11,1490.8334562187372,2026-08-13T15:33:37.785554
2855,12,68.09209212704975,2026-08-13T15:33:37.785554
2856,13,2.090634586020026,2026-08-13T15:33:37.785554
2857,14,1357.5768801634022,2026-08-13T15:33:37.785554
2858,15,70.88744795312336,2026-08-13T15:33:37.785554
2859,1,76.65642971795454,2026-08-13T15:33:39.806974
2860,2,1.9482173957120188,2026-08-13T15:33:39.806974
2861,3,1512.5527711295358,2026-08-13T15:33:39.806974
2862,4,70.81812618154459,2026-08-13T15:33:39.806974
2863,5,2.0663216925572394,2026-08-13T15:33:39.806974
2864,6,1478.3616956968622,2026-08-13T15:33:39.806974
2865,9,75.87411536337211,2026-08-13T15:33:39.806974
2866,10,2.00416549654253,2026-08-13T15:33:39.806974
2867,11,1567.5382519911045,2026-08-13T15:33:39.806974
2868,12,69.6822371906284,2026-08-13T15:33:39.806974
2869,13,2.127381424082228,2026-08-13T15:33:39.806974
2870,14,1391.5591102202993,2026-08-13T15:33:39.806974
2871,15,69.65472824581636,2026-08-13T15:33:39.806974
2872,1,70.83647325473731,2026-08-13T15:33:41.990100
2873,2,2.1876406536849973,2026-08-13T15:33:41.990100
2874,3,1556.2391249383022,2026-08-13T15:33:41.990100
2875,4,70.94896644458964,2026-08-13T15:33:41.990100
2876,5,2.0260972163788487,2026-08-13T15:33:41.990100
2877,6,1429.4803946392656,2026-08-13T15:33:41.990100
2878,9,68.00437646829015,2026-08-13T15:33:41.990100
2879,10,2.014960211666666,2026-08-13T15:33:41.990100
2880,11,1532.9207992711656,2026-08-13T15:33:41.990100
2881,12,65.74351380478309,2026-08-13T15:33:41.990100
2882,13,1.9276819637535205,2026-08-13T15:33:41.990100
2883,14,1500.2738142638354,2026-08-13T15:33:41.990100
2884,15,72.18471781382577,2026-08-13T15:33:41.990100
2885,1,73.16391138786007,2026-08-13T15:33:44.013282
2886,2,2.0035701623031668,2026-08-13T15:33:44.013282
2887,3,1443.7910918713883,2026-08-13T15:33:44.013282
2888,4,66.23341999432643,2026-08-13T15:33:44.013282
2889,5,2.0547687582664005,2026-08-13T15:33:44.013282
2890,6,1634.6518371229913,2026-08-13T15:33:44.013282
2891,9,70.71096213558731,2026-08-13T15:33:44.013282
2892,10,1.9433236061498846,2026-08-13T15:33:44.013282
2893,11,1543.2643552671266,2026-08-13T15:33:44.013282
2894,12,69.98311815187584,2026-08-13T15:33:44.013282
2895,13,2.0381284295272475,2026-08-13T15:33:44.013282
2896,14,1481.1991697637743,2026-08-13T15:33:44.013282
2897,15,79.16941175098397,2026-08-13T15:33:44.013282
2898,1,73.67707515597007,2026-08-13T15:33:46.045341
2899,2,2.1064330534819327,2026-08-13T15:33:46.045341
2900,3,1619.506939424893,2026-08-13T15:33:46.045341
2901,4,68.07854203022302,2026-08-13T15:33:46.045341
2902,5,2.1553029937606785,2026-08-13T15:33:46.045341
2903,6,1552.6805746527994,2026-08-13T15:33:46.045341
2904,7,70.71901518231766,2026-08-13T15:33:46.045341
2905,8,99.23862886111183,2026-08-13T15:33:46.045341
2906,9,68.50216635989513,2026-08-13T15:33:46.045341
2907,10,2.114757186341499,2026-08-13T15:33:46.045341
2908,11,1584.1949733574988,2026-08-13T15:33:46.045341
2909,12,67.63066265138181,2026-08-13T15:33:46.045341
2910,13,1.9949529957037757,2026-08-13T15:33:46.045341
2911,14,1394.9570465063596,2026-08-13T15:33:46.045341
2912,15,64.19961708487207,2026-08-13T15:33:46.045341
2913,1,73.04298986526254,2026-08-13T15:33:48.072612
2914,2,1.9590167882116232,2026-08-13T15:33:48.072612
2915,3,1454.08335044091,2026-08-13T15:33:48.072612
2916,4,73.62639616459258,2026-08-13T15:33:48.072612
2917,5,1.972390437176897,2026-08-13T15:33:48.072612
2918,6,1587.894127822626,2026-08-13T15:33:48.072612
2919,7,68.3059315590541,2026-08-13T15:33:48.072612
2920,8,100.98546092988671,2026-08-13T15:33:48.072612
2921,9,63.75756881019666,2026-08-13T15:33:48.072612
2922,10,1.9908498347418973,2026-08-13T15:33:48.072612
2923,11,1517.1429426610325,2026-08-13T15:33:48.072612
2924,12,66.36883554396795,2026-08-13T15:33:48.072612
2925,13,2.0362878314791635,2026-08-13T15:33:48.072612
2926,14,1437.3164515926126,2026-08-13T15:33:48.072612
2927,15,73.61324982873793,2026-08-13T15:33:48.072612
2928,1,70.19362502134531,2026-08-13T15:33:50.103957
2929,2,1.8607866390027135,2026-08-13T15:33:50.103957
2930,3,1443.9290579019994,2026-08-13T15:33:50.103957
2931,4,73.9233579981603,2026-08-13T15:33:50.103957
2932,5,2.0404421380459663,2026-08-13T15:33:50.103957
2933,6,1455.7342290141682,2026-08-13T15:33:50.103957
2934,7,78.68303179000308,2026-08-13T15:33:50.103957
2935,8,103.89548678601321,2026-08-13T15:33:50.103957
2936,9,70.32607969498926,2026-08-13T15:33:50.103957
2937,10,2.1085451500576258,2026-08-13T15:33:50.103957
2938,11,1591.8777757892672,2026-08-13T15:33:50.103957
2939,12,69.30662931334328,2026-08-13T15:33:50.103957
2940,13,2.1256640719307174,2026-08-13T15:33:50.103957
2941,14,1480.00420472994,2026-08-13T15:33:50.103957
2942,15,64.7619580170605,2026-08-13T15:33:50.103957
2943,1,73.2269821227666,2026-08-13T15:33:52.112224
2944,2,2.0297526539094517,2026-08-13T15:33:52.112224
2945,3,1421.7873695039539,2026-08-13T15:33:52.112224
2946,4,71.31458313156568,2026-08-13T15:33:52.112224
2947,5,2.008320551141867,2026-08-13T15:33:52.112224
2948,6,1471.4435072182723,2026-08-13T15:33:52.112224
2949,7,65.839717577058,2026-08-13T15:33:52.112224
2950,8,91.9120319692932,2026-08-13T15:33:52.112224
2951,9,72.97703921541897,2026-08-13T15:33:52.112224
2952,10,1.9808851251071542,2026-08-13T15:33:52.112224
2953,11,1461.840409587096,2026-08-13T15:33:52.112224
2954,12,76.88708488625358,2026-08-13T15:33:52.112224
2955,13,1.7987958737984737,2026-08-13T15:33:52.112224
2956,14,1534.547397491186,2026-08-13T15:33:52.112224
2957,15,71.86437118578539,2026-08-13T15:33:52.112224
2958,1,70.12528337375839,2026-08-13T15:33:54.137222
2959,2,1.965666007772687,2026-08-13T15:33:54.137222
2960,3,1515.6564162354532,2026-08-13T15:33:54.137222
2961,4,70.19226249328182,2026-08-13T15:33:54.137222
2962,5,1.9377619359999056,2026-08-13T15:33:54.137222
2963,6,1481.584923804338,2026-08-13T15:33:54.137222
2964,7,71.62359382720942,2026-08-13T15:33:54.137222
2965,8,107.03407990974232,2026-08-13T15:33:54.137222
2966,9,63.28866222389921,2026-08-13T15:33:54.137222
2967,10,2.146796072675497,2026-08-13T15:33:54.137222
2968,11,1442.783899809226,2026-08-13T15:33:54.137222
2969,12,76.64523825558089,2026-08-13T15:33:54.137222
2970,13,2.035833743175311,2026-08-13T15:33:54.137222
2971,14,1386.6197793649173,2026-08-13T15:33:54.137222
2972,15,71.92074154835576,2026-08-13T15:33:54.137222
2973,1,69.33783290940109,2026-08-13T15:33:56.191202
2974,2,1.9428665977288462,2026-08-13T15:33:56.191202
2975,3,1455.2384798376893,2026-08-13T15:33:56.191202
2976,4,67.99198993309516,2026-08-13T15:33:56.191202
2977,5,1.9718823864506838,2026-08-13T15:33:56.191202
2978,6,1550.029703086266,2026-08-13T15:33:56.191202
2979,7,71.31869163757545,2026-08-13T15:33:56.191202
2980,8,95.99864062632194,2026-08-13T15:33:56.191202
2981,9,66.98803374961928,2026-08-13T15:33:56.191202
2982,10,1.8990976856293045,2026-08-13T15:33:56.191202
2983,11,1608.2714534165038,2026-08-13T15:33:56.191202
2984,12,71.99870594767883,2026-08-13T15:33:56.191202
2985,13,1.913808836210829,2026-08-13T15:33:56.191202
2986,14,1700.9420191138938,2026-08-13T15:33:56.191202
2987,15,68.05388657369116,2026-08-13T15:33:56.191202
2988,1,70.7807154020347,2026-08-13T15:33:58.216511
2989,2,1.7606756684288174,2026-08-13T15:33:58.216511
2990,3,1436.0230359770649,2026-08-13T15:33:58.216511
2991,4,65.98442982778244,2026-08-13T15:33:58.216511
2992,5,1.9387118265122938,2026-08-13T15:33:58.216511
2993,6,1482.3671525905386,2026-08-13T15:33:58.216511
2994,7,68.50998172656713,2026-08-13T15:33:58.216511
2995,8,98.4260890048318,2026-08-13T15:33:58.216511
2996,9,69.46454734411425,2026-08-13T15:33:58.216511
2997,10,1.951802478891569,2026-08-13T15:33:58.216511
2998,11,1582.5784005007536,2026-08-13T15:33:58.216511
2999,12,65.7944420985735,2026-08-13T15:33:58.216511
3000,13,2.088759927278483,2026-08-13T15:33:58.216511
3001,14,1451.238796401646,2026-08-13T15:33:58.216511
3002,15,69.2126819819028,2026-08-13T15:33:58.216511
3003,1,70.75528110794203,2026-08-13T15:34:00.243408
3004,2,2.0630734440732215,2026-08-13T15:34:00.243408
3005,3,1475.6233935313367,2026-08-13T15:34:00.243408
3006,4,72.2701688735784,2026-08-13T15:34:00.243408
3007,5,2.008083875193446,2026-08-13T15:34:00.243408
3008,6,1439.9756052469509,2026-08-13T15:34:00.243408
3009,7,68.37692454736131,2026-08-13T15:34:00.243408
3010,8,97.25823006709984,2026-08-13T15:34:00.243408
3011,9,71.27270480349661,2026-08-13T15:34:00.243408
3012,10,1.9354681609632238,2026-08-13T15:34:00.243408
3013,11,1539.2167943723532,2026-08-13T15:34:00.243408
3014,12,65.9086426355349,2026-08-13T15:34:00.243408
3015,13,2.0456588832420515,2026-08-13T15:34:00.243408
3016,14,1579.0996588475723,2026-08-13T15:34:00.243408
3017,15,73.32886690915426,2026-08-13T15:34:00.243408
3018,1,72.40087510238558,2026-08-13T15:34:02.267923
3019,2,2.0715765800655084,2026-08-13T15:34:02.267923
3020,3,1579.3059978972622,2026-08-13T15:34:02.267923
3021,4,70.3176172106721,2026-08-13T15:34:02.267923
3022,5,1.9047712185558403,2026-08-13T15:34:02.267923
3023,6,1343.5279756370255,2026-08-13T15:34:02.267923
3024,7,71.18518174906598,2026-08-13T15:34:02.267923
3025,8,100.52900157624701,2026-08-13T15:34:02.267923
3026,9,68.20452972170094,2026-08-13T15:34:02.267923
3027,10,1.9360579092613597,2026-08-13T15:34:02.267923
3028,11,1465.694496455835,2026-08-13T15:34:02.267923
3029,12,70.9890489517612,2026-08-13T15:34:02.267923
3030,13,2.1578111169379897,2026-08-13T15:34:02.267923
3031,14,1477.9429553079176,2026-08-13T15:34:02.267923
3032,15,70.11279204957837,2026-08-13T15:34:02.267923
3033,1,64.86365960943365,2026-08-13T15:34:04.279674
3034,2,2.1040639212271373,2026-08-13T15:34:04.279674
3035,3,1348.87915705681,2026-08-13T15:34:04.279674
3036,4,70.3110523030496,2026-08-13T15:34:04.279674
3037,5,1.9784010414978568,2026-08-13T15:34:04.279674
3038,6,1454.5814501269228,2026-08-13T15:34:04.279674
3039,7,64.87079112178901,2026-08-13T15:34:04.279674
3040,8,103.43900402951316,2026-08-13T15:34:04.279674
3041,9,69.25801065972234,2026-08-13T15:34:04.279674
3042,10,2.0978051961464557,2026-08-13T15:34:04.279674
3043,11,1559.7874110894813,2026-08-13T15:34:04.279674
3044,12,66.97677453995823,2026-08-13T15:34:04.279674
3045,13,1.9913434153218021,2026-08-13T15:34:04.279674
3046,14,1627.7806256401582,2026-08-13T15:34:04.279674
3047,15,67.89430885512115,2026-08-13T15:34:04.279674
3048,1,72.01394075896822,2026-08-13T15:34:06.287718
3049,2,2.0191284105097824,2026-08-13T15:34:06.287718
3050,3,1427.6769596561385,2026-08-13T15:34:06.287718
3051,4,63.36308227679004,2026-08-13T15:34:06.287718
3052,5,2.090603009014758,2026-08-13T15:34:06.287718
3053,6,1500.672192775329,2026-08-13T15:34:06.287718
3054,7,63.62999803077722,2026-08-13T15:34:06.287718
3055,8,100.15963952042526,2026-08-13T15:34:06.287718
3056,9,63.08989718445561,2026-08-13T15:34:06.287718
3057,10,2.1993775736842895,2026-08-13T15:34:06.287718
3058,11,1334.9770059183575,2026-08-13T15:34:06.287718
3059,12,66.60875031230364,2026-08-13T15:34:06.287718
3060,13,2.0236456094918984,2026-08-13T15:34:06.287718
3061,14,1450.7758582602069,2026-08-13T15:34:06.287718
3062,15,69.1026249061769,2026-08-13T15:34:06.287718
3063,1,73.4397678822118,2026-08-13T15:34:08.310866
3064,2,2.1264514580110103,2026-08-13T15:34:08.310866
3065,3,1277.9237597944352,2026-08-13T15:34:08.310866
3066,4,68.04400461521992,2026-08-13T15:34:08.310866
3067,5,2.0836138040607053,2026-08-13T15:34:08.310866
3068,6,1579.5284142867329,2026-08-13T15:34:08.310866
3069,7,63.99505929384774,2026-08-13T15:34:08.310866
3070,8,98.1356515510534,2026-08-13T15:34:08.310866
3071,9,72.29315023924187,2026-08-13T15:34:08.310866
3072,10,2.086907021504519,2026-08-13T15:34:08.310866
3073,11,1470.328766246162,2026-08-13T15:34:08.310866
3074,12,72.95419346051008,2026-08-13T15:34:08.310866
3075,13,1.8890725429601578,2026-08-13T15:34:08.310866
3076,14,1420.2705378475043,2026-08-13T15:34:08.310866
3077,15,69.32151775941615,2026-08-13T15:34:08.310866
3078,1,71.9454060868178,2026-08-13T15:34:10.333565
3079,2,2.0598586658915696,2026-08-13T15:34:10.333565
3080,3,1556.6000887922887,2026-08-13T15:34:10.333565
3081,4,73.4642062877654,2026-08-13T15:34:10.333565
3082,5,1.944837841193901,2026-08-13T15:34:10.333565
3083,6,1463.991951743881,2026-08-13T15:34:10.333565
3084,7,63.7359307576878,2026-08-13T15:34:10.333565
3085,8,107.50359370409389,2026-08-13T15:34:10.333565
3086,9,64.65215445018612,2026-08-13T15:34:10.333565
3087,10,2.1168121159130346,2026-08-13T15:34:10.333565
3088,11,1467.0404354318848,2026-08-13T15:34:10.333565
3089,12,68.38949291984002,2026-08-13T15:34:10.333565
3090,13,2.0734695319510976,2026-08-13T15:34:10.333565
3091,14,1386.8637128364956,2026-08-13T15:34:10.333565
3092,15,69.43156597459226,2026-08-13T15:34:10.333565
3093,4,68.8985466940184,2026-08-13T15:34:12.350891
3094,5,2.232781945101412,2026-08-13T15:34:12.350891
3095,6,1500.1624963402076,2026-08-13T15:34:12.350891
3096,7,67.75882717003813,2026-08-13T15:34:12.350891
3097,8,92.66641093683226,2026-08-13T15:34:12.350891
3098,9,71.24471824528254,2026-08-13T15:34:12.350891
3099,10,2.1483092963228407,2026-08-13T15:34:12.350891
3100,11,1445.785969211575,2026-08-13T15:34:12.350891
3101,12,66.20528568246966,2026-08-13T15:34:12.350891
3102,13,1.9419647335475918,2026-08-13T15:34:12.350891
3103,14,1621.9384454766287,2026-08-13T15:34:12.350891
3104,15,61.891173563187124,2026-08-13T15:34:12.350891
3105,4,65.88458580371346,2026-08-13T15:34:14.368114
3106,5,2.1688593872155626,2026-08-13T15:34:14.368114
3107,6,1568.6561325493697,2026-08-13T15:34:14.368114
3108,7,72.69575209639495,2026-08-13T15:34:14.368114
3109,8,101.40981588447632,2026-08-13T15:34:14.368114
3110,9,64.7891830356073,2026-08-13T15:34:14.368114
3111,10,2.030646414311011,2026-08-13T15:34:14.368114
3112,11,1559.0104606259079,2026-08-13T15:34:14.368114
3113,12,62.91949506422123,2026-08-13T15:34:14.368114
3114,13,1.8700816178795578,2026-08-13T15:34:14.368114
3115,14,1486.545647296321,2026-08-13T15:34:14.368114
3116,4,73.68003929072219,2026-08-13T15:34:16.394004
3117,5,2.043461803937047,2026-08-13T15:34:16.394004
3118,6,1427.2568376861402,2026-08-13T15:34:16.394004
3119,7,70.33684275015902,2026-08-13T15:34:16.394004
3120,8,101.15921455494825,2026-08-13T15:34:16.394004
3121,9,77.20653348329498,2026-08-13T15:34:16.394004
3122,10,1.8194156783872175,2026-08-13T15:34:16.394004
3123,11,1638.741026713691,2026-08-13T15:34:16.394004
3124,12,74.04696912818956,2026-08-13T15:34:16.394004
3125,13,2.0806524359939362,2026-08-13T15:34:16.394004
3126,14,1497.2589575445215,2026-08-13T15:34:16.394004
3127,1,68.85930938617152,2026-08-13T15:34:18.404203
3128,2,2.1231324341164615,2026-08-13T15:34:18.404203
3129,3,1457.5101595144945,2026-08-13T15:34:18.404203
3130,4,65.24466777770262,2026-08-13T15:34:18.404203
3131,5,1.973053001182597,2026-08-13T15:34:18.404203
3132,6,1501.5333319838717,2026-08-13T15:34:18.404203
3133,7,68.5764835028842,2026-08-13T15:34:18.404203
3134,8,109.72283110747273,2026-08-13T15:34:18.404203
3135,9,68.33622917264363,2026-08-13T15:34:18.404203
3136,10,1.903074189289849,2026-08-13T15:34:18.404203
3137,11,1556.9783009414675,2026-08-13T15:34:18.404203
3138,12,73.16703807064034,2026-08-13T15:34:18.404203
3139,13,1.7727025563548835,2026-08-13T15:34:18.404203
3140,14,1450.2808630296615,2026-08-13T15:34:18.404203
3141,1,66.36246127295924,2026-08-13T15:34:20.429292
3142,2,2.2516187399720735,2026-08-13T15:34:20.429292
3143,3,1575.8865146492458,2026-08-13T15:34:20.429292
3144,7,68.50005029822022,2026-08-13T15:34:20.429292
3145,8,102.28664427236099,2026-08-13T15:34:20.429292
3146,9,71.24183859083772,2026-08-13T15:34:20.429292
3147,10,2.0031365441366997,2026-08-13T15:34:20.429292
3148,11,1581.2608875213689,2026-08-13T15:34:20.429292
3149,12,67.04930211374887,2026-08-13T15:34:20.429292
3150,13,2.017654366688951,2026-08-13T15:34:20.429292
3151,14,1507.8889574168466,2026-08-13T15:34:20.429292
3152,1,68.26157561520442,2026-08-13T15:34:22.447840
3153,2,2.128716598714649,2026-08-13T15:34:22.447840
3154,3,1562.489102865997,2026-08-13T15:34:22.447840
3155,7,67.89770420179514,2026-08-13T15:34:22.447840
3156,8,103.86767399616136,2026-08-13T15:34:22.447840
3157,9,68.0043071228162,2026-08-13T15:34:22.447840
3158,10,1.9137495859019793,2026-08-13T15:34:22.447840
3159,11,1506.842603119709,2026-08-13T15:34:22.447840
3160,12,75.27116097380883,2026-08-13T15:34:22.447840
3161,13,1.9646218383511636,2026-08-13T15:34:22.447840
3162,14,1522.781198762753,2026-08-13T15:34:22.447840
3163,1,66.80620623024426,2026-08-13T15:34:24.456204
3164,2,1.9433122737953026,2026-08-13T15:34:24.456204
3165,3,1539.7730186662975,2026-08-13T15:34:24.456204
3166,7,72.09686263842566,2026-08-13T15:34:24.456204
3167,8,96.4596336492829,2026-08-13T15:34:24.456204
3168,9,67.79149168789111,2026-08-13T15:34:24.456204
3169,10,2.0835282961722443,2026-08-13T15:34:24.456204
3170,11,1514.2431477362804,2026-08-13T15:34:24.456204
3171,12,69.37989218984532,2026-08-13T15:34:24.456204
3172,13,1.8708231416564167,2026-08-13T15:34:24.456204
3173,14,1453.5742900123794,2026-08-13T15:34:24.456204
3174,1,74.80108179898974,2026-08-13T15:34:26.480369
3175,2,1.8614973598934776,2026-08-13T15:34:26.480369
3176,3,1523.2423457015811,2026-08-13T15:34:26.480369
3177,7,72.07371886002376,2026-08-13T15:34:26.480369
3178,8,101.50071894703646,2026-08-13T15:34:26.480369
3179,9,68.98697819198892,2026-08-13T15:34:26.480369
3180,10,2.0672053560356374,2026-08-13T15:34:26.480369
3181,11,1574.4718385131082,2026-08-13T15:34:26.480369
3182,12,74.29399244774065,2026-08-13T15:34:26.480369
3183,13,1.9753215049545794,2026-08-13T15:34:26.480369
3184,14,1547.4086471142807,2026-08-13T15:34:26.480369
3185,1,60.82216271021548,2026-08-13T15:34:28.510077
3186,2,2.3202851359009093,2026-08-13T15:34:28.510077
3187,3,1381.7129524870945,2026-08-13T15:34:28.510077
3188,7,72.01432539016939,2026-08-13T15:34:28.510077
3189,8,88.2927465950068,2026-08-13T15:34:28.510077
3190,9,69.66975275744184,2026-08-13T15:34:28.510077
3191,10,1.8019321072890468,2026-08-13T15:34:28.510077
3192,11,1397.1882843781004,2026-08-13T15:34:28.510077
3193,12,75.12241979299073,2026-08-13T15:34:28.510077
3194,13,1.9927619748791048,2026-08-13T15:34:28.510077
3195,14,1419.9474284927737,2026-08-13T15:34:28.510077
3196,1,68.41346654333842,2026-08-13T15:34:30.531232
3197,2,2.1099083303736683,2026-08-13T15:34:30.531232
3198,3,1527.0179979626828,2026-08-13T15:34:30.531232
3199,7,75.63717735486362,2026-08-13T15:34:30.531232
3200,8,97.07878350169204,2026-08-13T15:34:30.531232
3201,9,69.2738415639966,2026-08-13T15:34:30.531232
3202,10,2.1723294227257286,2026-08-13T15:34:30.531232
3203,11,1460.9098160793515,2026-08-13T15:34:30.531232
3204,12,73.38783462878546,2026-08-13T15:34:30.531232
3205,13,2.0106063024684766,2026-08-13T15:34:30.531232
3206,14,1512.4006441583426,2026-08-13T15:34:30.531232
3207,1,74.37275366062535,2026-08-13T15:34:32.540441
3208,2,2.0002916890776388,2026-08-13T15:34:32.540441
3209,3,1490.4558829559978,2026-08-13T15:34:32.540441
3210,4,63.175954759588734,2026-08-13T15:34:32.540441
3211,5,1.9699897586500696,2026-08-13T15:34:32.540441
3212,6,1470.2582489119134,2026-08-13T15:34:32.540441
3213,7,74.1756773938327,2026-08-13T15:34:32.540441
3214,8,100.57081802261376,2026-08-13T15:34:32.540441
3215,9,70.15448315940479,2026-08-13T15:34:32.540441
3216,10,1.8498196271630207,2026-08-13T15:34:32.540441
3217,11,1358.1755648763194,2026-08-13T15:34:32.540441
3218,12,70.35206953799438,2026-08-13T15:34:32.540441
3219,13,1.996246714451404,2026-08-13T15:34:32.540441
3220,14,1401.019115500762,2026-08-13T15:34:32.540441
3221,1,64.88975918777949,2026-08-13T15:34:34.547508
3222,2,2.0202312156336255,2026-08-13T15:34:34.547508
3223,3,1477.638625564253,2026-08-13T15:34:34.547508
3224,4,70.94977742895715,2026-08-13T15:34:34.547508
3225,5,2.1873595576512392,2026-08-13T15:34:34.547508
3226,6,1590.5170357899713,2026-08-13T15:34:34.547508
3227,7,75.61083089181841,2026-08-13T15:34:34.547508
3228,8,89.77078553807071,2026-08-13T15:34:34.547508
3229,9,67.99860644747751,2026-08-13T15:34:34.547508
3230,10,2.0765503309469473,2026-08-13T15:34:34.547508
3231,11,1575.5248878763305,2026-08-13T15:34:34.547508
3232,12,66.12647696035374,2026-08-13T15:34:34.547508
3233,13,1.9959829869997174,2026-08-13T15:34:34.547508
3234,14,1501.1255961461472,2026-08-13T15:34:34.547508
3235,1,66.96659993762502,2026-08-13T15:34:36.568327
3236,2,1.8981920152994514,2026-08-13T15:34:36.568327
3237,3,1475.2055197417724,2026-08-13T15:34:36.568327
3238,4,66.79592854725215,2026-08-13T15:34:36.568327
3239,5,2.065177210545875,2026-08-13T15:34:36.568327
3240,6,1580.5060412480416,2026-08-13T15:34:36.568327
3241,7,69.15800186704861,2026-08-13T15:34:36.568327
3242,8,89.75702992645577,2026-08-13T15:34:36.568327
3243,9,71.75281951854929,2026-08-13T15:34:36.568327
3244,10,1.9452047014412184,2026-08-13T15:34:36.568327
3245,11,1477.9411364387956,2026-08-13T15:34:36.568327
3246,12,62.39723547997786,2026-08-13T15:34:36.568327
3247,13,2.0611177722873086,2026-08-13T15:34:36.568327
3248,14,1566.960448294469,2026-08-13T15:34:36.568327
3249,1,67.51623195845212,2026-08-13T15:34:38.577749
3250,2,1.9060538330164505,2026-08-13T15:34:38.577749
3251,3,1513.5584245975433,2026-08-13T15:34:38.577749
3252,4,69.14038365838431,2026-08-13T15:34:38.577749
3253,5,2.131477057977246,2026-08-13T15:34:38.577749
3254,6,1361.4158473019174,2026-08-13T15:34:38.577749
3255,7,71.53894460004514,2026-08-13T15:34:38.577749
3256,8,92.61863210300665,2026-08-13T15:34:38.577749
3257,12,71.61392224514475,2026-08-13T15:34:38.577749
3258,13,1.8646467318871207,2026-08-13T15:34:38.577749
3259,14,1558.9760486089485,2026-08-13T15:34:38.577749
3260,1,72.42315214524952,2026-08-13T15:34:40.597675
3261,2,1.8521391724974534,2026-08-13T15:34:40.597675
3262,3,1466.2543286658333,2026-08-13T15:34:40.597675
3263,4,64.43685282265727,2026-08-13T15:34:40.597675
3264,5,1.9190914463241153,2026-08-13T15:34:40.597675
3265,6,1560.7999720635733,2026-08-13T15:34:40.597675
3266,7,72.20184178490264,2026-08-13T15:34:40.597675
3267,8,108.95050676713576,2026-08-13T15:34:40.597675
3268,12,74.05750271482785,2026-08-13T15:34:40.597675
3269,13,2.0232835284580726,2026-08-13T15:34:40.597675
3270,14,1451.2946980169952,2026-08-13T15:34:40.597675
3271,1,69.54221649196698,2026-08-13T15:34:42.620964
3272,2,1.9519884071343447,2026-08-13T15:34:42.620964
3273,3,1548.3816393082584,2026-08-13T15:34:42.620964
3274,4,61.96183263807555,2026-08-13T15:34:42.620964
3275,5,2.1651512184069994,2026-08-13T15:34:42.620964
3276,6,1436.3404660549143,2026-08-13T15:34:42.620964
3277,7,67.57824393028721,2026-08-13T15:34:42.620964
3278,8,96.10812658495493,2026-08-13T15:34:42.620964
3279,12,65.4789806316453,2026-08-13T15:34:42.620964
3280,13,1.969503489024044,2026-08-13T15:34:42.620964
3281,14,1538.9612885299518,2026-08-13T15:34:42.620964
3282,1,70.54481518668027,2026-08-13T15:34:44.631669
3283,2,1.8480392844038802,2026-08-13T15:34:44.631669
3284,3,1498.0150005760036,2026-08-13T15:34:44.631669
3285,4,69.50656428307553,2026-08-13T15:34:44.631669
3286,5,1.9225827629251169,2026-08-13T15:34:44.631669
3287,6,1380.1799773555513,2026-08-13T15:34:44.631669
3288,7,70.24156246117953,2026-08-13T15:34:44.631669
3289,8,98.60941385095566,2026-08-13T15:34:44.631669
3290,9,70.4791575343987,2026-08-13T15:34:44.631669
3291,10,2.096788486816401,2026-08-13T15:34:44.631669
3292,11,1354.2470087320617,2026-08-13T15:34:44.631669
3293,12,68.2061666484089,2026-08-13T15:34:44.631669
3294,13,2.1186407884405676,2026-08-13T15:34:44.631669
3295,14,1598.8717219765788,2026-08-13T15:34:44.631669
3296,15,70.4909279679148,2026-08-13T15:34:44.631669
3297,1,73.69384615185636,2026-08-14T00:26:55.012803
3298,2,1.8869605305219102,2026-08-14T00:26:55.012803
3299,3,1475.8292189245265,2026-08-14T00:26:55.012803
3300,4,74.01051160012398,2026-08-14T00:26:55.012803
3301,5,1.9125390433077953,2026-08-14T00:26:55.012803
3302,6,1366.9502454714207,2026-08-14T00:26:55.012803
3303,7,74.11961045444518,2026-08-14T00:26:55.012803
3304,8,96.78605538774049,2026-08-14T00:26:55.012803
3305,9,74.81156918680692,2026-08-14T00:26:55.012803
3306,10,2.094053985426673,2026-08-14T00:26:55.012803
3307,11,1550.7382156529477,2026-08-14T00:26:55.012803
3308,12,74.09268460240817,2026-08-14T00:26:55.012803
3309,13,2.100101674221775,2026-08-14T00:26:55.012803
3310,14,1609.8723117488262,2026-08-14T00:26:55.012803
3311,15,66.85965017821862,2026-08-14T00:26:55.012803
3312,1,72.42103349003354,2026-08-14T00:26:57.019425
3313,2,2.1557705058052155,2026-08-14T00:26:57.019425
3314,3,1459.1939738324274,2026-08-14T00:26:57.019425
3315,4,70.32625880650316,2026-08-14T00:26:57.019425
3316,5,1.978807020268959,2026-08-14T00:26:57.019425
3317,6,1475.544892676491,2026-08-14T00:26:57.019425
3318,7,72.07632214206974,2026-08-14T00:26:57.019425
3319,8,92.13333971309311,2026-08-14T00:26:57.019425
3320,9,74.23429090019359,2026-08-14T00:26:57.019425
3321,10,1.8901318515974745,2026-08-14T00:26:57.019425
3322,11,1490.6102219806262,2026-08-14T00:26:57.019425
3323,12,66.8639510535068,2026-08-14T00:26:57.019425
3324,13,1.9224924980525355,2026-08-14T00:26:57.019425
3325,14,1464.0178587233343,2026-08-14T00:26:57.019425
3326,15,71.09081313389532,2026-08-14T00:26:57.019425
3327,1,67.57487303546117,2026-08-14T00:26:59.026683
3328,2,2.039436091788217,2026-08-14T00:26:59.026683
3329,3,1536.2950228932725,2026-08-14T00:26:59.026683
3330,4,70.56114201241934,2026-08-14T00:26:59.026683
3331,5,1.9969393392713808,2026-08-14T00:26:59.026683
3332,6,1461.5677138139044,2026-08-14T00:26:59.026683
3333,7,75.33748809616121,2026-08-14T00:26:59.026683
3334,8,102.29042499194112,2026-08-14T00:26:59.026683
3335,9,69.15907775134275,2026-08-14T00:26:59.026683
3336,10,2.087900343216174,2026-08-14T00:26:59.026683
3337,11,1561.460826515067,2026-08-14T00:26:59.026683
3338,12,65.60316994428376,2026-08-14T00:26:59.026683
3339,13,1.8611947498336199,2026-08-14T00:26:59.026683
3340,14,1511.4342636764075,2026-08-14T00:26:59.026683
3341,15,74.04379527598161,2026-08-14T00:26:59.026683
3342,1,69.27733985751775,2026-08-14T00:27:01.046324
3343,2,2.115826706898858,2026-08-14T00:27:01.046324
3344,3,1383.9700510749853,2026-08-14T00:27:01.046324
3345,4,70.23625985076384,2026-08-14T00:27:01.046324
3346,5,2.1249232886098843,2026-08-14T00:27:01.046324
3347,6,1500.294904000451,2026-08-14T00:27:01.046324
3348,7,67.11905591063253,2026-08-14T00:27:01.046324
3349,8,103.28514534967049,2026-08-14T00:27:01.046324
3350,9,65.55944210677023,2026-08-14T00:27:01.046324
3351,10,2.0804383289007,2026-08-14T00:27:01.046324
3352,11,1461.8287399878825,2026-08-14T00:27:01.046324
3353,12,72.65908150449542,2026-08-14T00:27:01.046324
3354,13,2.0581920595420296,2026-08-14T00:27:01.046324
3355,14,1534.278066603269,2026-08-14T00:27:01.046324
3356,15,66.667132131936,2026-08-14T00:27:01.046324
3357,1,71.50456045537258,2026-08-14T00:27:03.054086
3358,2,2.12849983690421,2026-08-14T00:27:03.054086
3359,3,1562.024520925376,2026-08-14T00:27:03.054086
3360,4,74.91874401717101,2026-08-14T00:27:03.054086
3361,5,1.8922694232011603,2026-08-14T00:27:03.054086
3362,6,1393.2067371860853,2026-08-14T00:27:03.054086
3363,7,66.07691985942058,2026-08-14T00:27:03.054086
3364,8,98.18420778544186,2026-08-14T00:27:03.054086
3365,9,69.34586682902359,2026-08-14T00:27:03.054086
3366,10,1.8880195418676802,2026-08-14T00:27:03.054086
3367,11,1560.253275179415,2026-08-14T00:27:03.054086
3368,12,65.96291083967373,2026-08-14T00:27:03.054086
3369,13,2.1412208708228193,2026-08-14T00:27:03.054086
3370,14,1477.103538303965,2026-08-14T00:27:03.054086
3371,15,76.04018968450355,2026-08-14T00:27:03.054086
3372,1,72.16980299985033,2026-08-14T00:27:05.062084
3373,2,2.0038075817080068,2026-08-14T00:27:05.062084
3374,3,1375.851517356152,2026-08-14T00:27:05.062084
3375,4,74.9468648252109,2026-08-14T00:27:05.062084
3376,5,2.078511900224639,2026-08-14T00:27:05.062084
3377,6,1455.458360413372,2026-08-14T00:27:05.062084
3378,7,73.40813630798655,2026-08-14T00:27:05.062084
3379,8,101.03150211621887,2026-08-14T00:27:05.062084
3380,9,68.72026360832102,2026-08-14T00:27:05.062084
3381,10,1.890650029998606,2026-08-14T00:27:05.062084
3382,11,1556.1888018017337,2026-08-14T00:27:05.062084
3383,12,67.71800865405473,2026-08-14T00:27:05.062084
3384,13,2.0335284643814737,2026-08-14T00:27:05.062084
3385,14,1466.0316869659953,2026-08-14T00:27:05.062084
3386,15,73.75109094530761,2026-08-14T00:27:05.062084
3387,1,70.58021996401796,2026-08-14T00:27:07.069061
3388,2,2.084617154142126,2026-08-14T00:27:07.069061
3389,3,1278.9414297117924,2026-08-14T00:27:07.069061
3390,4,72.1787335058322,2026-08-14T00:27:07.069061
3391,5,2.153221773350947,2026-08-14T00:27:07.069061
3392,6,1453.0845054434155,2026-08-14T00:27:07.069061
3393,7,65.65150437168151,2026-08-14T00:27:07.069061
3394,8,100.19861808659567,2026-08-14T00:27:07.069061
3395,9,72.64794329421366,2026-08-14T00:27:07.069061
3396,10,2.138189450549844,2026-08-14T00:27:07.069061
3397,11,1546.9102321617545,2026-08-14T00:27:07.069061
3398,12,71.60574372227349,2026-08-14T00:27:07.069061
3399,13,2.0598658328472346,2026-08-14T00:27:07.069061
3400,14,1436.4706723013203,2026-08-14T00:27:07.069061
3401,15,73.42995459222216,2026-08-14T00:27:07.069061
3402,1,70.90408309953946,2026-08-14T00:27:09.076865
3403,2,1.916976585069475,2026-08-14T00:27:09.076865
3404,3,1418.9648756563954,2026-08-14T00:27:09.076865
3405,4,75.20153219183963,2026-08-14T00:27:09.076865
3406,5,2.0574195421812536,2026-08-14T00:27:09.076865
3407,6,1548.4713722634258,2026-08-14T00:27:09.076865
3408,7,68.75843802652373,2026-08-14T00:27:09.076865
3409,8,98.13256746192597,2026-08-14T00:27:09.076865
3410,9,72.77529264998472,2026-08-14T00:27:09.076865
3411,10,2.2513440523813015,2026-08-14T00:27:09.076865
3412,11,1432.3902939719055,2026-08-14T00:27:09.076865
3413,12,63.85571144640048,2026-08-14T00:27:09.076865
3414,13,1.9409912206401032,2026-08-14T00:27:09.076865
3415,14,1408.6799323324221,2026-08-14T00:27:09.076865
3416,15,67.59414877445889,2026-08-14T00:27:09.076865
3417,1,75.8387259536495,2026-08-14T00:27:11.083765
3418,2,1.8782922983074828,2026-08-14T00:27:11.083765
3419,3,1502.9624471116344,2026-08-14T00:27:11.083765
3420,4,68.61289708494681,2026-08-14T00:27:11.083765
3421,5,2.0265366440432877,2026-08-14T00:27:11.083765
3422,6,1357.6749124974642,2026-08-14T00:27:11.083765
3423,7,72.38398512044529,2026-08-14T00:27:11.083765
3424,8,106.35157656214311,2026-08-14T00:27:11.083765
3425,9,69.5556485498117,2026-08-14T00:27:11.083765
3426,10,2.04703853379945,2026-08-14T00:27:11.083765
3427,11,1407.9210346781574,2026-08-14T00:27:11.083765
3428,12,67.89635734208306,2026-08-14T00:27:11.083765
3429,13,1.9621403977959688,2026-08-14T00:27:11.083765
3430,14,1475.6054739042584,2026-08-14T00:27:11.083765
3431,15,69.37046988627635,2026-08-14T00:27:11.083765
3432,1,67.6011373315767,2026-08-14T00:27:13.103442
3433,2,2.083197007957533,2026-08-14T00:27:13.103442
3434,3,1597.1003129952112,2026-08-14T00:27:13.103442
3435,4,69.06207022190728,2026-08-14T00:27:13.103442
3436,5,1.9784070806828888,2026-08-14T00:27:13.103442
3437,6,1383.6616077828478,2026-08-14T00:27:13.103442
3438,7,65.5038588171383,2026-08-14T00:27:13.103442
3439,8,101.72076844382192,2026-08-14T00:27:13.103442
3440,9,67.194671459481,2026-08-14T00:27:13.103442
3441,10,1.8184648018517813,2026-08-14T00:27:13.103442
3442,11,1490.5819905504763,2026-08-14T00:27:13.103442
3443,12,70.3632264193254,2026-08-14T00:27:13.103442
3444,13,1.8293724367033506,2026-08-14T00:27:13.103442
3445,14,1438.6502603559782,2026-08-14T00:27:13.103442
3446,15,70.53425341724085,2026-08-14T00:27:13.103442
3447,1,65.5207360920029,2026-08-14T00:27:15.109746
3448,2,2.1490466317086105,2026-08-14T00:27:15.109746
3449,3,1410.7744159305546,2026-08-14T00:27:15.109746
3450,4,73.3569212282199,2026-08-14T00:27:15.109746
3451,5,1.9807668467239512,2026-08-14T00:27:15.109746
3452,6,1473.7364749895653,2026-08-14T00:27:15.109746
3453,7,74.33404347875427,2026-08-14T00:27:15.109746
3454,8,103.39767624472162,2026-08-14T00:27:15.109746
3455,9,66.89852377809669,2026-08-14T00:27:15.109746
3456,10,1.9590329631979502,2026-08-14T00:27:15.109746
3457,11,1538.7600300619229,2026-08-14T00:27:15.109746
3458,12,72.81142092456803,2026-08-14T00:27:15.109746
3459,13,1.7858712539348771,2026-08-14T00:27:15.109746
3460,14,1539.283955334781,2026-08-14T00:27:15.109746
3461,15,63.64844273814909,2026-08-14T00:27:15.109746
3462,1,66.48489729311714,2026-08-14T00:27:17.129637
3463,2,1.901492068342531,2026-08-14T00:27:17.129637
3464,3,1525.5953326474178,2026-08-14T00:27:17.129637
3465,4,66.19964465680061,2026-08-14T00:27:17.129637
3466,5,2.141148732995411,2026-08-14T00:27:17.129637
3467,6,1439.350619865798,2026-08-14T00:27:17.129637
3468,7,72.97915725695734,2026-08-14T00:27:17.129637
3469,8,98.37568613510567,2026-08-14T00:27:17.129637
3470,9,63.98955228461424,2026-08-14T00:27:17.129637
3471,10,1.8074436725039593,2026-08-14T00:27:17.129637
3472,11,1586.9433733949286,2026-08-14T00:27:17.129637
3473,12,72.20978989515152,2026-08-14T00:27:17.129637
3474,13,1.977244091126898,2026-08-14T00:27:17.129637
3475,14,1381.579149516784,2026-08-14T00:27:17.129637
3476,15,72.08814368185271,2026-08-14T00:27:17.129637
3477,1,64.36884378025556,2026-08-14T00:27:19.140425
3478,2,2.0754248180773898,2026-08-14T00:27:19.140425
3479,3,1557.8605685343264,2026-08-14T00:27:19.140425
3480,4,74.2225443143842,2026-08-14T00:27:19.140425
3481,5,2.023236765929648,2026-08-14T00:27:19.140425
3482,6,1521.228921044104,2026-08-14T00:27:19.140425
3483,7,69.09776277616993,2026-08-14T00:27:19.140425
3484,8,93.65687557518925,2026-08-14T00:27:19.140425
3485,9,69.52073953673667,2026-08-14T00:27:19.140425
3486,10,2.031263479148071,2026-08-14T00:27:19.140425
3487,11,1505.687804795986,2026-08-14T00:27:19.140425
3488,12,67.53353271612502,2026-08-14T00:27:19.140425
3489,13,2.06108836572522,2026-08-14T00:27:19.140425
3490,14,1512.035388868806,2026-08-14T00:27:19.140425
3491,15,68.88640295562108,2026-08-14T00:27:19.140425
3492,1,68.6768360160239,2026-08-14T00:27:21.160136
3493,2,2.040925492553099,2026-08-14T00:27:21.160136
3494,3,1514.9147988337372,2026-08-14T00:27:21.160136
3495,4,69.88060220607615,2026-08-14T00:27:21.160136
3496,5,2.0240368812238394,2026-08-14T00:27:21.160136
3497,6,1518.3568069452872,2026-08-14T00:27:21.160136
3498,7,69.66532972703446,2026-08-14T00:27:21.160136
3499,8,106.88834847675714,2026-08-14T00:27:21.160136
3500,9,66.07394675481886,2026-08-14T00:27:21.160136
3501,10,2.196567460873516,2026-08-14T00:27:21.160136
3502,11,1511.4523492857347,2026-08-14T00:27:21.160136
3503,12,69.20946149052428,2026-08-14T00:27:21.160136
3504,13,2.0865312993610536,2026-08-14T00:27:21.160136
3505,14,1558.7296921847017,2026-08-14T00:27:21.160136
3506,15,67.28903233035604,2026-08-14T00:27:21.160136
3507,1,63.36439376112552,2026-08-14T00:27:23.184142
3508,2,1.9465948578825736,2026-08-14T00:27:23.184142
3509,3,1455.2157605689733,2026-08-14T00:27:23.184142
3510,4,71.79779424840966,2026-08-14T00:27:23.184142
3511,5,2.0221021807279844,2026-08-14T00:27:23.184142
3512,6,1527.6567538492745,2026-08-14T00:27:23.184142
3513,7,74.45756410950331,2026-08-14T00:27:23.184142
3514,8,96.88954247221801,2026-08-14T00:27:23.184142
3515,9,66.24347663235912,2026-08-14T00:27:23.184142
3516,10,2.1167792500809264,2026-08-14T00:27:23.184142
3517,11,1526.3817097177914,2026-08-14T00:27:23.184142
3518,12,67.38994338852059,2026-08-14T00:27:23.184142
3519,13,1.8559684767806282,2026-08-14T00:27:23.184142
3520,14,1387.0501143272415,2026-08-14T00:27:23.184142
3521,15,67.49916264128714,2026-08-14T00:27:23.184142
3522,1,67.51258986551677,2026-08-14T00:27:25.190846
3523,2,1.9545303308648447,2026-08-14T00:27:25.190846
3524,3,1537.8056666399507,2026-08-14T00:27:25.190846
3525,4,69.26682365594498,2026-08-14T00:27:25.190846
3526,5,2.028958335722183,2026-08-14T00:27:25.190846
3527,6,1468.284878721024,2026-08-14T00:27:25.190846
3528,7,75.63995121623034,2026-08-14T00:27:25.190846
3529,8,90.09100250855991,2026-08-14T00:27:25.190846
3530,9,69.42912004719322,2026-08-14T00:27:25.190846
3531,10,2.0471584052582172,2026-08-14T00:27:25.190846
3532,11,1541.7178531871075,2026-08-14T00:27:25.190846
3533,12,70.06752753850076,2026-08-14T00:27:25.190846
3534,13,2.0070169151026884,2026-08-14T00:27:25.190846
3535,14,1465.0933449211045,2026-08-14T00:27:25.190846
3536,15,73.28282218794642,2026-08-14T00:27:25.190846
3537,1,71.73489255695436,2026-08-14T00:27:27.210017
3538,2,2.0325112972705504,2026-08-14T00:27:27.210017
3539,3,1550.3107851063382,2026-08-14T00:27:27.210017
3540,4,67.73723315463695,2026-08-14T00:27:27.210017
3541,5,2.1355332039148593,2026-08-14T00:27:27.210017
3542,6,1596.9314088612277,2026-08-14T00:27:27.210017
3543,7,69.5724769109967,2026-08-14T00:27:27.210017
3544,8,100.91470603635676,2026-08-14T00:27:27.210017
3545,9,72.11782290456217,2026-08-14T00:27:27.210017
3546,10,2.0516732304930683,2026-08-14T00:27:27.210017
3547,11,1369.9940894892593,2026-08-14T00:27:27.210017
3548,12,66.16400602605695,2026-08-14T00:27:27.210017
3549,13,1.9434377699305763,2026-08-14T00:27:27.210017
3550,14,1541.968747114639,2026-08-14T00:27:27.210017
3551,15,67.86797293874055,2026-08-14T00:27:27.210017
3552,1,66.50750718267288,2026-08-14T00:27:29.229717
3553,2,1.9865624667208155,2026-08-14T00:27:29.229717
3554,3,1502.9715712742934,2026-08-14T00:27:29.229717
3555,4,73.1321421853178,2026-08-14T00:27:29.229717
3556,5,1.8548766354939685,2026-08-14T00:27:29.229717
3557,6,1477.9402158215355,2026-08-14T00:27:29.229717
3558,7,71.86255451991914,2026-08-14T00:27:29.229717
3559,8,105.29060601564424,2026-08-14T00:27:29.229717
3560,9,77.14905056098678,2026-08-14T00:27:29.229717
3561,10,2.0550245283863724,2026-08-14T00:27:29.229717
3562,11,1600.2909257265587,2026-08-14T00:27:29.229717
3563,12,73.0001871235789,2026-08-14T00:27:29.229717
3564,13,2.0087299827056313,2026-08-14T00:27:29.229717
3565,14,1527.1757519016792,2026-08-14T00:27:29.229717
3566,15,67.95449138452724,2026-08-14T00:27:29.229717
3567,1,68.09515157592867,2026-08-14T00:27:31.236239
3568,2,1.959162183612592,2026-08-14T00:27:31.236239
3569,3,1596.8359831633245,2026-08-14T00:27:31.236239
3570,4,75.69526890585875,2026-08-14T00:27:31.236239
3571,5,2.0040332097994273,2026-08-14T00:27:31.236239
3572,6,1566.091619197606,2026-08-14T00:27:31.236239
3573,7,71.6581573219746,2026-08-14T00:27:31.236239
3574,8,108.34198512104729,2026-08-14T00:27:31.236239
3575,9,68.81744420698688,2026-08-14T00:27:31.236239
3576,10,2.2466263690687533,2026-08-14T00:27:31.236239
3577,11,1556.4040382793319,2026-08-14T00:27:31.236239
3578,12,66.75405981123329,2026-08-14T00:27:31.236239
3579,13,1.8521269682269688,2026-08-14T00:27:31.236239
3580,14,1403.7011306395684,2026-08-14T00:27:31.236239
3581,15,72.64066567094828,2026-08-14T00:27:31.236239
3582,1,65.81096991476903,2026-08-14T00:27:33.242014
3583,2,1.912820155074017,2026-08-14T00:27:33.242014
3584,3,1526.2991585447223,2026-08-14T00:27:33.242014
3585,4,70.98997318554484,2026-08-14T00:27:33.242014
3586,5,2.1503212054237615,2026-08-14T00:27:33.242014
3587,6,1578.9346141095293,2026-08-14T00:27:33.242014
3588,7,75.69153460504093,2026-08-14T00:27:33.242014
3589,8,104.90777247342422,2026-08-14T00:27:33.242014
3590,9,66.96421273007044,2026-08-14T00:27:33.242014
3591,10,1.7584171569841345,2026-08-14T00:27:33.242014
3592,11,1453.0905295524537,2026-08-14T00:27:33.242014
3593,12,72.17645198206439,2026-08-14T00:27:33.242014
3594,13,2.002238202093564,2026-08-14T00:27:33.242014
3595,14,1483.83505260812,2026-08-14T00:27:33.242014
3596,15,73.09164475789457,2026-08-14T00:27:33.242014
3597,1,68.28530756573475,2026-08-14T00:27:35.262730
3598,2,1.9657087120007692,2026-08-14T00:27:35.262730
3599,3,1513.8782482584982,2026-08-14T00:27:35.262730
3600,4,71.74439409181292,2026-08-14T00:27:35.262730
3601,5,1.8675463683548534,2026-08-14T00:27:35.262730
3602,6,1488.1231555933616,2026-08-14T00:27:35.262730
3603,7,68.13388849838373,2026-08-14T00:27:35.262730
3604,8,96.2729164841082,2026-08-14T00:27:35.262730
3605,9,71.9561198236243,2026-08-14T00:27:35.262730
3606,10,2.101405973849186,2026-08-14T00:27:35.262730
3607,11,1433.5533556305832,2026-08-14T00:27:35.262730
3608,12,65.17334466612078,2026-08-14T00:27:35.262730
3609,13,1.9708425016274405,2026-08-14T00:27:35.262730
3610,14,1473.9074127768515,2026-08-14T00:27:35.262730
3611,15,67.12366592696483,2026-08-14T00:27:35.262730
3612,1,71.82986545481175,2026-08-14T00:27:37.270049
3613,2,1.9486046289156855,2026-08-14T00:27:37.270049
3614,3,1618.9630856490026,2026-08-14T00:27:37.270049
3615,4,66.31637406640388,2026-08-14T00:27:37.270049
3616,5,2.000455562990113,2026-08-14T00:27:37.270049
3617,6,1430.541930377873,2026-08-14T00:27:37.270049
3618,7,67.79118440576788,2026-08-14T00:27:37.270049
3619,8,106.64943484290009,2026-08-14T00:27:37.270049
3620,9,69.39220633910975,2026-08-14T00:27:37.270049
3621,10,1.9723031763433945,2026-08-14T00:27:37.270049
3622,11,1428.2660386462817,2026-08-14T00:27:37.270049
3623,12,64.81050350701558,2026-08-14T00:27:37.270049
3624,13,2.0455371983232755,2026-08-14T00:27:37.270049
3625,14,1520.4425095343204,2026-08-14T00:27:37.270049
3626,15,70.26463932827075,2026-08-14T00:27:37.270049
3627,1,66.65236030561455,2026-08-14T00:27:39.294690
3628,2,2.033033790757184,2026-08-14T00:27:39.294690
3629,3,1441.1962016633136,2026-08-14T00:27:39.294690
3630,4,67.83875385679698,2026-08-14T00:27:39.294690
3631,5,1.9427529867331774,2026-08-14T00:27:39.294690
3632,6,1364.0222585475167,2026-08-14T00:27:39.294690
3633,7,68.70006022367261,2026-08-14T00:27:39.294690
3634,8,105.50861574462131,2026-08-14T00:27:39.294690
3635,9,72.0432860945451,2026-08-14T00:27:39.294690
3636,10,2.079452123992516,2026-08-14T00:27:39.294690
3637,11,1453.906449465746,2026-08-14T00:27:39.294690
3638,12,73.84089456696654,2026-08-14T00:27:39.294690
3639,13,2.001256109976604,2026-08-14T00:27:39.294690
3640,14,1605.590935888509,2026-08-14T00:27:39.294690
3641,15,69.49208500490005,2026-08-14T00:27:39.294690
3642,1,72.72723433043417,2026-08-14T00:27:41.318640
3643,2,2.0792797624133255,2026-08-14T00:27:41.318640
3644,3,1485.712626744572,2026-08-14T00:27:41.318640
3645,4,69.00794819367339,2026-08-14T00:27:41.318640
3646,5,1.9919445637317932,2026-08-14T00:27:41.318640
3647,6,1553.8429671382482,2026-08-14T00:27:41.318640
3648,7,68.4847904707715,2026-08-14T00:27:41.318640
3649,8,103.94791715589616,2026-08-14T00:27:41.318640
3650,9,72.13906449198437,2026-08-14T00:27:41.318640
3651,10,2.0423532480542783,2026-08-14T00:27:41.318640
3652,11,1349.6274645408268,2026-08-14T00:27:41.318640
3653,12,72.49655537494179,2026-08-14T00:27:41.318640
3654,13,1.9492560651637412,2026-08-14T00:27:41.318640
3655,14,1528.3679910749565,2026-08-14T00:27:41.318640
3656,15,70.18358858181362,2026-08-14T00:27:41.318640
3657,1,70.63123427609871,2026-08-14T00:27:43.339204
3658,2,2.1196364557910248,2026-08-14T00:27:43.339204
3659,3,1491.8631408673484,2026-08-14T00:27:43.339204
3660,4,68.2907035539346,2026-08-14T00:27:43.339204
3661,5,2.025761010862513,2026-08-14T00:27:43.339204
3662,6,1571.3673965613448,2026-08-14T00:27:43.339204
3663,7,67.25067096427793,2026-08-14T00:27:43.339204
3664,8,102.67505087939848,2026-08-14T00:27:43.339204
3665,9,76.87713034060533,2026-08-14T00:27:43.339204
3666,10,1.9713421024819227,2026-08-14T00:27:43.339204
3667,11,1485.9360464719402,2026-08-14T00:27:43.339204
3668,12,74.45330578118055,2026-08-14T00:27:43.339204
3669,13,2.1853083682859196,2026-08-14T00:27:43.339204
3670,14,1547.7750124358488,2026-08-14T00:27:43.339204
3671,15,72.67858496950451,2026-08-14T00:27:43.339204
3672,1,74.88386859110017,2026-08-14T00:27:45.347454
3673,2,2.177089920196921,2026-08-14T00:27:45.347454
3674,3,1485.4518164615401,2026-08-14T00:27:45.347454
3675,4,62.15313151476226,2026-08-14T00:27:45.347454
3676,5,2.081529240152381,2026-08-14T00:27:45.347454
3677,6,1408.44500125809,2026-08-14T00:27:45.347454
3678,7,73.33610986326492,2026-08-14T00:27:45.347454
3679,8,93.46866790310726,2026-08-14T00:27:45.347454
3680,9,77.38228121679596,2026-08-14T00:27:45.347454
3681,10,2.162233431430212,2026-08-14T00:27:45.347454
3682,11,1550.0179670955201,2026-08-14T00:27:45.347454
3683,12,67.57916955907979,2026-08-14T00:27:45.347454
3684,13,1.9999008523766821,2026-08-14T00:27:45.347454
3685,14,1475.734018096043,2026-08-14T00:27:45.347454
3686,15,69.76769353625684,2026-08-14T00:27:45.347454
3687,1,72.61457848615795,2026-08-14T00:27:47.368900
3688,2,1.9920665969769429,2026-08-14T00:27:47.368900
3689,3,1335.0458146981798,2026-08-14T00:27:47.368900
3690,4,71.9620650625067,2026-08-14T00:27:47.368900
3691,5,2.084375134989249,2026-08-14T00:27:47.368900
3692,6,1378.248245701553,2026-08-14T00:27:47.368900
3693,7,65.82370206864812,2026-08-14T00:27:47.368900
3694,8,99.81169596524855,2026-08-14T00:27:47.368900
3695,9,70.85495378293025,2026-08-14T00:27:47.368900
3696,10,2.0221415366466036,2026-08-14T00:27:47.368900
3697,11,1403.33947007789,2026-08-14T00:27:47.368900
3698,12,67.55433016295986,2026-08-14T00:27:47.368900
3699,13,1.8556886600755558,2026-08-14T00:27:47.368900
3700,14,1453.2498864878758,2026-08-14T00:27:47.368900
3701,15,68.92394524618165,2026-08-14T00:27:47.368900
3702,1,76.25838907534212,2026-08-14T00:27:49.376497
3703,2,1.9803830772588318,2026-08-14T00:27:49.376497
3704,3,1518.1889396952456,2026-08-14T00:27:49.376497
3705,4,63.802244121399845,2026-08-14T00:27:49.376497
3706,5,2.0317352951936356,2026-08-14T00:27:49.376497
3707,6,1596.3546433943707,2026-08-14T00:27:49.376497
3708,7,66.9464457887362,2026-08-14T00:27:49.376497
3709,8,92.25217113232597,2026-08-14T00:27:49.376497
3710,9,69.34616758611111,2026-08-14T00:27:49.376497
3711,10,2.0267747478231004,2026-08-14T00:27:49.376497
3712,11,1478.4160125821406,2026-08-14T00:27:49.376497
3713,12,64.4193432037398,2026-08-14T00:27:49.376497
3714,13,1.997324183469847,2026-08-14T00:27:49.376497
3715,14,1404.776339862117,2026-08-14T00:27:49.376497
3716,15,73.16339116646195,2026-08-14T00:27:49.376497
3717,1,66.44098977693356,2026-08-14T00:27:51.397547
3718,2,2.019778267313284,2026-08-14T00:27:51.397547
3719,3,1483.2655859468157,2026-08-14T00:27:51.397547
3720,4,68.07723461098963,2026-08-14T00:27:51.397547
3721,5,1.9126112240658346,2026-08-14T00:27:51.397547
3722,6,1516.603484808052,2026-08-14T00:27:51.397547
3723,7,69.43890014395032,2026-08-14T00:27:51.397547
3724,8,95.60027920066082,2026-08-14T00:27:51.397547
3725,9,74.60800950853617,2026-08-14T00:27:51.397547
3726,10,2.005769915382559,2026-08-14T00:27:51.397547
3727,11,1450.7734666023202,2026-08-14T00:27:51.397547
3728,12,70.35690563794576,2026-08-14T00:27:51.397547
3729,13,2.0622086683525027,2026-08-14T00:27:51.397547
3730,14,1481.2436944316753,2026-08-14T00:27:51.397547
3731,15,72.58174569988029,2026-08-14T00:27:51.397547
3732,1,70.8927406952294,2026-08-14T00:27:53.402688
3733,2,2.043230455330659,2026-08-14T00:27:53.402688
3734,3,1585.402593630147,2026-08-14T00:27:53.402688
3735,4,76.80567545365993,2026-08-14T00:27:53.402688
3736,5,1.9427575103564583,2026-08-14T00:27:53.402688
3737,6,1503.3586039048932,2026-08-14T00:27:53.402688
3738,7,69.88326970631819,2026-08-14T00:27:53.402688
3739,8,110.59614842669072,2026-08-14T00:27:53.402688
3740,9,64.70807567974883,2026-08-14T00:27:53.402688
3741,10,2.04877508862507,2026-08-14T00:27:53.402688
3742,11,1523.0190430922576,2026-08-14T00:27:53.402688
3743,12,68.00094788393085,2026-08-14T00:27:53.402688
3744,13,2.136306099417632,2026-08-14T00:27:53.402688
3745,14,1581.3828090381412,2026-08-14T00:27:53.402688
3746,15,71.69375461726656,2026-08-14T00:27:53.402688
3747,1,67.7259933200248,2026-08-14T00:27:55.428716
3748,2,2.2098608921811542,2026-08-14T00:27:55.428716
3749,3,1467.9760649912816,2026-08-14T00:27:55.428716
3750,4,76.2120870968278,2026-08-14T00:27:55.428716
3751,5,2.0298882375391534,2026-08-14T00:27:55.428716
3752,6,1649.2371707181792,2026-08-14T00:27:55.428716
3753,7,68.1649291427443,2026-08-14T00:27:55.428716
3754,8,108.73980645073216,2026-08-14T00:27:55.428716
3755,9,66.01449607234778,2026-08-14T00:27:55.428716
3756,10,2.2309907994873597,2026-08-14T00:27:55.428716
3757,11,1461.9557804178087,2026-08-14T00:27:55.428716
3758,12,69.59620337052598,2026-08-14T00:27:55.428716
3759,13,1.8808277739114512,2026-08-14T00:27:55.428716
3760,14,1547.1636059577831,2026-08-14T00:27:55.428716
3761,15,70.14884791776349,2026-08-14T00:27:55.428716
3762,1,69.58814598447475,2026-08-14T00:27:57.436808
3763,2,2.0855916493203774,2026-08-14T00:27:57.436808
3764,3,1624.3953835840487,2026-08-14T00:27:57.436808
3765,4,65.44702857763127,2026-08-14T00:27:57.436808
3766,5,2.0809505810939464,2026-08-14T00:27:57.436808
3767,6,1480.4956797687537,2026-08-14T00:27:57.436808
3768,12,64.30837820684235,2026-08-14T00:27:57.436808
3769,13,2.216848617578788,2026-08-14T00:27:57.436808
3770,14,1365.819890684931,2026-08-14T00:27:57.436808
3771,15,63.91213983711917,2026-08-14T00:27:57.436808
3772,1,66.83005983619988,2026-08-14T00:27:59.480419
3773,2,2.135710653281834,2026-08-14T00:27:59.480419
3774,3,1447.5156076580515,2026-08-14T00:27:59.480419
3775,4,69.01456917278941,2026-08-14T00:27:59.480419
3776,5,1.966142682111571,2026-08-14T00:27:59.480419
3777,6,1386.1015585996295,2026-08-14T00:27:59.480419
3778,12,70.58500555565321,2026-08-14T00:27:59.480419
3779,13,1.9123473280108287,2026-08-14T00:27:59.480419
3780,14,1603.5555338061167,2026-08-14T00:27:59.480419
3781,15,69.40629359440881,2026-08-14T00:27:59.480419
3782,1,70.00599242623241,2026-08-14T00:28:01.487439
3783,2,1.9462865681275805,2026-08-14T00:28:01.487439
3784,3,1389.4116773730423,2026-08-14T00:28:01.487439
3785,4,65.24756103331399,2026-08-14T00:28:01.487439
3786,5,2.0418566678650523,2026-08-14T00:28:01.487439
3787,6,1395.3357557159395,2026-08-14T00:28:01.487439
3788,7,73.29303463018347,2026-08-14T00:28:01.487439
3789,8,101.23345571454563,2026-08-14T00:28:01.487439
3790,12,66.38217848186909,2026-08-14T00:28:01.487439
3791,13,2.017372318268866,2026-08-14T00:28:01.487439
3792,14,1377.1199592368314,2026-08-14T00:28:01.487439
3793,15,67.81928078919512,2026-08-14T00:28:01.487439
3794,7,69.45636437099103,2026-08-14T00:28:03.496625
3795,8,106.49407428167613,2026-08-14T00:28:03.496625
3796,9,69.60937827822912,2026-08-14T00:28:03.496625
3797,10,2.048456003410599,2026-08-14T00:28:03.496625
3798,11,1573.7787519090045,2026-08-14T00:28:03.496625
3799,12,72.52071358908515,2026-08-14T00:28:03.496625
3800,13,2.21851188882305,2026-08-14T00:28:03.496625
3801,14,1417.1448736405298,2026-08-14T00:28:03.496625
3802,15,72.27579920731374,2026-08-14T00:28:03.496625
3803,1,64.58801639596028,2026-08-14T00:28:05.507669
3804,2,2.048144957151935,2026-08-14T00:28:05.507669
3805,3,1432.5304895941013,2026-08-14T00:28:05.507669
3806,7,69.04659585669852,2026-08-14T00:28:05.507669
3807,8,91.69775883893003,2026-08-14T00:28:05.507669
3808,9,71.84148055989219,2026-08-14T00:28:05.507669
3809,10,1.9373671133771786,2026-08-14T00:28:05.507669
3810,11,1445.310409081626,2026-08-14T00:28:05.507669
3811,12,73.19553978480882,2026-08-14T00:28:05.507669
3812,13,2.014787824418372,2026-08-14T00:28:05.507669
3813,14,1447.443664760159,2026-08-14T00:28:05.507669
3814,15,68.61066990358357,2026-08-14T00:28:05.507669
3815,1,73.23234090200752,2026-08-14T00:28:07.514650
3816,2,2.207697885449789,2026-08-14T00:28:07.514650
3817,3,1480.917165786262,2026-08-14T00:28:07.514650
3818,7,67.52989244788807,2026-08-14T00:28:07.514650
3819,8,101.06481817162333,2026-08-14T00:28:07.514650
3820,9,68.24490670871641,2026-08-14T00:28:07.514650
3821,10,1.9933294902694936,2026-08-14T00:28:07.514650
3822,11,1426.9783811299253,2026-08-14T00:28:07.514650
3823,12,74.41933387279737,2026-08-14T00:28:07.514650
3824,13,2.0333913357762388,2026-08-14T00:28:07.514650
3825,14,1492.333993976433,2026-08-14T00:28:07.514650
3826,15,72.24607177566912,2026-08-14T00:28:07.514650
3827,1,69.69420724973556,2026-08-14T00:28:09.519705
3828,2,1.963870485511022,2026-08-14T00:28:09.519705
3829,3,1419.7881976393176,2026-08-14T00:28:09.519705
3830,7,71.05238334053281,2026-08-14T00:28:09.519705
3831,8,107.14786326955377,2026-08-14T00:28:09.519705
3832,9,71.1854757416004,2026-08-14T00:28:09.519705
3833,10,2.0763456791488792,2026-08-14T00:28:09.519705
3834,11,1605.8385801034187,2026-08-14T00:28:09.519705
3835,15,72.66337907697275,2026-08-14T00:28:09.519705
3836,1,67.93435635225158,2026-08-14T00:28:11.527739
3837,2,2.019895941729146,2026-08-14T00:28:11.527739
3838,3,1525.9641774900049,2026-08-14T00:28:11.527739
3839,7,68.90977187737757,2026-08-14T00:28:11.527739
3840,8,95.47726597315321,2026-08-14T00:28:11.527739
3841,9,71.07216939500798,2026-08-14T00:28:11.527739
3842,10,2.189167657325276,2026-08-14T00:28:11.527739
3843,11,1354.1736902150074,2026-08-14T00:28:11.527739
3844,1,72.15666311642211,2026-08-14T00:28:13.534383
3845,2,2.053567256507887,2026-08-14T00:28:13.534383
3846,3,1628.3656651936499,2026-08-14T00:28:13.534383
3847,7,73.34269403578668,2026-08-14T00:28:13.534383
3848,8,102.18608178334782,2026-08-14T00:28:13.534383
3849,9,76.16333510020394,2026-08-14T00:28:13.534383
3850,10,2.039012308071492,2026-08-14T00:28:13.534383
3851,11,1676.1341872123842,2026-08-14T00:28:13.534383
3852,1,73.08024563784517,2026-08-14T00:28:15.541457
3853,2,1.8831177138841526,2026-08-14T00:28:15.541457
3854,3,1632.8301177005299,2026-08-14T00:28:15.541457
3855,7,65.66753037822146,2026-08-14T00:28:15.541457
3856,8,102.01501220668443,2026-08-14T00:28:15.541457
3857,9,66.68155400312568,2026-08-14T00:28:15.541457
3858,10,2.0176296832885985,2026-08-14T00:28:15.541457
3859,11,1412.2002872099383,2026-08-14T00:28:15.541457
3860,15,69.88798422993968,2026-08-14T00:28:15.541457
3861,1,69.96334474534986,2026-08-14T00:28:17.560860
3862,2,2.077478051497129,2026-08-14T00:28:17.560860
3863,3,1505.1970058225752,2026-08-14T00:28:17.560860
3864,7,72.00302879428756,2026-08-14T00:28:17.560860
3865,8,101.18131512827276,2026-08-14T00:28:17.560860
3866,9,70.13485846859092,2026-08-14T00:28:17.560860
3867,10,1.934413425667814,2026-08-14T00:28:17.560860
3868,11,1390.8503665212454,2026-08-14T00:28:17.560860
3869,15,69.87048645633594,2026-08-14T00:28:17.560860
3870,1,69.03607222606675,2026-08-14T00:28:19.583805
3871,2,2.2236004449258404,2026-08-14T00:28:19.583805
3872,3,1621.3582945880798,2026-08-14T00:28:19.583805
3873,7,71.66967329096907,2026-08-14T00:28:19.583805
3874,8,102.22426856445225,2026-08-14T00:28:19.583805
3875,9,70.06632893258454,2026-08-14T00:28:19.583805
3876,10,2.0374717293465596,2026-08-14T00:28:19.583805
3877,11,1510.5257997631825,2026-08-14T00:28:19.583805
3878,15,70.74321536646042,2026-08-14T00:28:19.583805
3879,1,74.62828387907028,2026-08-14T00:28:21.590237
3880,2,2.0480415980158457,2026-08-14T00:28:21.590237
3881,3,1467.8400003123404,2026-08-14T00:28:21.590237
3882,7,68.82649905771798,2026-08-14T00:28:21.590237
3883,8,106.77295326082933,2026-08-14T00:28:21.590237
3884,9,77.60841832806179,2026-08-14T00:28:21.590237
3885,10,1.8756729360868536,2026-08-14T00:28:21.590237
3886,11,1567.382012410411,2026-08-14T00:28:21.590237
3887,15,69.36701820649975,2026-08-14T00:28:21.590237
3888,1,70.83614036718689,2026-08-14T00:28:23.615576
3889,2,1.9724120672500234,2026-08-14T00:28:23.615576
3890,3,1481.0888726258831,2026-08-14T00:28:23.615576
3891,7,70.06841794863256,2026-08-14T00:28:23.615576
3892,8,104.27234870105524,2026-08-14T00:28:23.615576
3893,9,67.69013368407134,2026-08-14T00:28:23.615576
3894,10,1.9700541992574976,2026-08-14T00:28:23.615576
3895,11,1523.00524710184,2026-08-14T00:28:23.615576
3896,15,70.82662189677573,2026-08-14T00:28:23.615576
3897,1,72.85466823158374,2026-08-14T00:28:25.624953
3898,2,1.874571811025575,2026-08-14T00:28:25.624953
3899,3,1574.5923059171362,2026-08-14T00:28:25.624953
3900,7,74.21193169122658,2026-08-14T00:28:25.624953
3901,8,104.56163698451678,2026-08-14T00:28:25.624953
3902,9,69.8330345771354,2026-08-14T00:28:25.624953
3903,10,2.0207049153796253,2026-08-14T00:28:25.624953
3904,11,1513.8115435308018,2026-08-14T00:28:25.624953
3905,15,73.585849479051,2026-08-14T00:28:25.624953
3906,1,67.70597361612944,2026-08-14T00:28:27.648686
3907,2,2.060276162202387,2026-08-14T00:28:27.648686
3908,3,1434.6340488577189,2026-08-14T00:28:27.648686
3909,7,65.08107565481275,2026-08-14T00:28:27.648686
3910,8,94.53521714051789,2026-08-14T00:28:27.648686
3911,9,71.69584863768685,2026-08-14T00:28:27.648686
3912,10,1.9861883329353642,2026-08-14T00:28:27.648686
3913,11,1534.624200833679,2026-08-14T00:28:27.648686
3914,15,70.90132405981946,2026-08-14T00:28:27.648686
3915,1,68.1657680190562,2026-08-14T00:28:29.657502
3916,2,1.9892620921507431,2026-08-14T00:28:29.657502
3917,3,1427.8450237083437,2026-08-14T00:28:29.657502
3918,7,64.32059558032037,2026-08-14T00:28:29.657502
3919,8,104.73411941669022,2026-08-14T00:28:29.657502
3920,9,70.21290642779053,2026-08-14T00:28:29.657502
3921,10,2.0554239463511133,2026-08-14T00:28:29.657502
3922,11,1591.0545884493338,2026-08-14T00:28:29.657502
3923,15,73.81175033863656,2026-08-14T00:28:29.657502
3924,1,77.00531524256955,2026-08-14T00:28:31.680943
3925,2,1.9820490815423988,2026-08-14T00:28:31.680943
3926,3,1690.704132036055,2026-08-14T00:28:31.680943
3927,7,70.54796447446282,2026-08-14T00:28:31.680943
3928,8,95.55008218119983,2026-08-14T00:28:31.680943
3929,9,75.15177228706311,2026-08-14T00:28:31.680943
3930,10,2.01206285465118,2026-08-14T00:28:31.680943
3931,11,1639.876817318574,2026-08-14T00:28:31.680943
3932,15,68.35707413761482,2026-08-14T00:28:31.680943
3933,1,66.60298449916908,2026-08-14T00:28:33.700800
3934,2,1.858149623394889,2026-08-14T00:28:33.700800
3935,3,1500.8663149265724,2026-08-14T00:28:33.700800
3936,7,67.70146019682664,2026-08-14T00:28:33.700800
3937,8,103.43119164677184,2026-08-14T00:28:33.700800
3938,9,65.72952180591527,2026-08-14T00:28:33.700800
3939,10,1.9230701528373844,2026-08-14T00:28:33.700800
3940,11,1425.2420800481095,2026-08-14T00:28:33.700800
3941,15,77.56490221802878,2026-08-14T00:28:33.700800
3942,1,70.23732312341379,2026-08-14T00:28:35.707318
3943,2,2.0663124683622374,2026-08-14T00:28:35.707318
3944,3,1620.6293885987193,2026-08-14T00:28:35.707318
3945,7,67.20634727403467,2026-08-14T00:28:35.707318
3946,8,106.48677914996838,2026-08-14T00:28:35.707318
3947,9,71.26889363192242,2026-08-14T00:28:35.707318
3948,10,2.034807102027224,2026-08-14T00:28:35.707318
3949,11,1431.343005852026,2026-08-14T00:28:35.707318
3950,15,71.93214424100543,2026-08-14T00:28:35.707318
3951,1,73.48869295110808,2026-08-14T00:28:37.714076
3952,2,1.9005893164694372,2026-08-14T00:28:37.714076
3953,3,1531.8155188300134,2026-08-14T00:28:37.714076
3954,4,75.21147209729156,2026-08-14T00:28:37.714076
3955,5,1.926571311733858,2026-08-14T00:28:37.714076
3956,6,1586.2449599740212,2026-08-14T00:28:37.714076
3957,7,69.79389422025746,2026-08-14T00:28:37.714076
3958,8,97.71668160212316,2026-08-14T00:28:37.714076
3959,9,70.8801062656332,2026-08-14T00:28:37.714076
3960,10,1.886095898918588,2026-08-14T00:28:37.714076
3961,11,1381.80123738139,2026-08-14T00:28:37.714076
3962,15,70.37527588906099,2026-08-14T00:28:37.714076
3963,1,74.77188858755889,2026-08-14T00:28:39.720559
3964,2,2.0469221733106076,2026-08-14T00:28:39.720559
3965,3,1482.273716916852,2026-08-14T00:28:39.720559
3966,4,73.61449466266905,2026-08-14T00:28:39.720559
3967,5,1.8931422210761313,2026-08-14T00:28:39.720559
3968,6,1529.1105235033403,2026-08-14T00:28:39.720559
3969,7,67.1255666067288,2026-08-14T00:28:39.720559
3970,8,102.4913408965045,2026-08-14T00:28:39.720559
3971,9,68.96045714276559,2026-08-14T00:28:39.720559
3972,10,2.0019778736994565,2026-08-14T00:28:39.720559
3973,11,1404.8498056358835,2026-08-14T00:28:39.720559
3974,15,65.29319633000708,2026-08-14T00:28:39.720559
3975,1,72.35043574302905,2026-08-14T00:28:41.726922
3976,2,2.2078141224166443,2026-08-14T00:28:41.726922
3977,3,1651.4265067513002,2026-08-14T00:28:41.726922
3978,4,68.34162411297446,2026-08-14T00:28:41.726922
3979,5,1.873156825841792,2026-08-14T00:28:41.726922
3980,6,1416.0734465778523,2026-08-14T00:28:41.726922
3981,7,65.61040925464997,2026-08-14T00:28:41.726922
3982,8,103.78049674757501,2026-08-14T00:28:41.726922
3983,9,74.16003343062067,2026-08-14T00:28:41.726922
3984,10,2.00933421927287,2026-08-14T00:28:41.726922
3985,11,1639.3623528546657,2026-08-14T00:28:41.726922
3986,15,67.99222621273466,2026-08-14T00:28:41.726922
3987,1,74.48018706452199,2026-08-14T00:28:43.735370
3988,2,1.8617346103193666,2026-08-14T00:28:43.735370
3989,3,1494.5384511692077,2026-08-14T00:28:43.735370
3990,4,67.7935939165711,2026-08-14T00:28:43.735370
3991,5,2.032750135153388,2026-08-14T00:28:43.735370
3992,6,1283.8309219142116,2026-08-14T00:28:43.735370
3993,7,69.06707785614046,2026-08-14T00:28:43.735370
3994,8,108.19824726404708,2026-08-14T00:28:43.735370
3995,9,70.94041460669774,2026-08-14T00:28:43.735370
3996,10,1.9138633203860402,2026-08-14T00:28:43.735370
3997,11,1484.8598225139644,2026-08-14T00:28:43.735370
3998,15,67.91855373864051,2026-08-14T00:28:43.735370
3999,1,65.25649103001948,2026-08-14T00:28:45.749831
4000,2,2.086528611483642,2026-08-14T00:28:45.749831
4001,3,1531.6777981617113,2026-08-14T00:28:45.749831
4002,4,68.13958737632892,2026-08-14T00:28:45.749831
4003,5,2.0595910711905314,2026-08-14T00:28:45.749831
4004,6,1444.8554204927893,2026-08-14T00:28:45.749831
4005,7,64.64821641430247,2026-08-14T00:28:45.749831
4006,8,99.97756287078535,2026-08-14T00:28:45.749831
4007,9,67.1036676459577,2026-08-14T00:28:45.749831
4008,10,1.9754765773642309,2026-08-14T00:28:45.749831
4009,11,1406.1196417280066,2026-08-14T00:28:45.749831
4010,15,73.03401148835874,2026-08-14T00:28:45.749831
4011,1,73.15681365341186,2026-08-14T00:28:47.756521
4012,2,1.8173623843450035,2026-08-14T00:28:47.756521
4013,3,1485.4423261356374,2026-08-14T00:28:47.756521
4014,4,65.93579686336649,2026-08-14T00:28:47.756521
4015,5,1.9628623902503652,2026-08-14T00:28:47.756521
4016,6,1649.9807358972998,2026-08-14T00:28:47.756521
4017,7,73.50568399234211,2026-08-14T00:28:47.756521
4018,8,99.53117756584658,2026-08-14T00:28:47.756521
4019,9,74.18590485057253,2026-08-14T00:28:47.756521
4020,10,1.9803844368543455,2026-08-14T00:28:47.756521
4021,11,1512.2596602377018,2026-08-14T00:28:47.756521
4022,15,69.65060257656711,2026-08-14T00:28:47.756521
4023,1,68.02518127955368,2026-08-14T00:28:49.784308
4024,2,2.017682743240852,2026-08-14T00:28:49.784308
4025,3,1505.7941982709415,2026-08-14T00:28:49.784308
4026,4,69.2200831284257,2026-08-14T00:28:49.784308
4027,5,1.820016407037045,2026-08-14T00:28:49.784308
4028,6,1428.8862758798994,2026-08-14T00:28:49.784308
4029,7,71.53739885177103,2026-08-14T00:28:49.784308
4030,8,92.34076391396002,2026-08-14T00:28:49.784308
4031,9,69.72451428489622,2026-08-14T00:28:49.784308
4032,10,1.9117271029379979,2026-08-14T00:28:49.784308
4033,11,1326.422281243196,2026-08-14T00:28:49.784308
4034,15,75.40056108832664,2026-08-14T00:28:49.784308
4035,1,74.34997793684204,2026-08-14T00:28:51.795495
4036,2,2.157050484073196,2026-08-14T00:28:51.795495
4037,3,1527.1593914296893,2026-08-14T00:28:51.795495
4038,4,67.90320728764657,2026-08-14T00:28:51.795495
4039,5,2.0155527778639635,2026-08-14T00:28:51.795495
4040,6,1406.4451023265112,2026-08-14T00:28:51.795495
4041,7,65.94714316016673,2026-08-14T00:28:51.795495
4042,8,99.91773698256974,2026-08-14T00:28:51.795495
4043,9,71.44783565114773,2026-08-14T00:28:51.795495
4044,10,2.065791718762946,2026-08-14T00:28:51.795495
4045,11,1547.4724837468843,2026-08-14T00:28:51.795495
4046,15,77.06713252602268,2026-08-14T00:28:51.795495
4047,1,71.1339219649359,2026-08-14T00:28:53.804108
4048,2,1.8755278784273168,2026-08-14T00:28:53.804108
4049,3,1491.7468580836392,2026-08-14T00:28:53.804108
4050,4,74.4892561110588,2026-08-14T00:28:53.804108
4051,5,1.83749487478548,2026-08-14T00:28:53.804108
4052,6,1537.0714405666088,2026-08-14T00:28:53.804108
4053,7,70.2329368006918,2026-08-14T00:28:53.804108
4054,8,97.3749818732368,2026-08-14T00:28:53.804108
4055,9,71.95827978430417,2026-08-14T00:28:53.804108
4056,10,2.268644124114274,2026-08-14T00:28:53.804108
4057,11,1588.0607005812785,2026-08-14T00:28:53.804108
4058,12,66.60616050336837,2026-08-14T00:28:53.804108
4059,13,2.147971664122972,2026-08-14T00:28:53.804108
4060,14,1510.239405454405,2026-08-14T00:28:53.804108
4061,15,63.0009849069809,2026-08-14T00:28:53.804108
4062,1,62.6791856757592,2026-08-14T00:28:55.810822
4063,2,2.1112538213816547,2026-08-14T00:28:55.810822
4064,3,1515.4918778944384,2026-08-14T00:28:55.810822
4065,4,72.26640918370946,2026-08-14T00:28:55.810822
4066,5,1.8821607667571958,2026-08-14T00:28:55.810822
4067,6,1608.194596477774,2026-08-14T00:28:55.810822
4068,7,68.81594543928931,2026-08-14T00:28:55.810822
4069,8,107.03809619690719,2026-08-14T00:28:55.810822
4070,9,75.14071483371478,2026-08-14T00:28:55.810822
4071,10,1.8954852551883263,2026-08-14T00:28:55.810822
4072,11,1390.7046147592807,2026-08-14T00:28:55.810822
4073,12,68.22895250399942,2026-08-14T00:28:55.810822
4074,13,1.88984017726348,2026-08-14T00:28:55.810822
4075,14,1539.8967813160102,2026-08-14T00:28:55.810822
4076,15,67.99652878795791,2026-08-14T00:28:55.810822
4077,1,66.66049138197984,2026-08-14T00:28:57.817121
4078,2,2.04832456856049,2026-08-14T00:28:57.817121
4079,3,1461.4440720437296,2026-08-14T00:28:57.817121
4080,4,66.30589879203933,2026-08-14T00:28:57.817121
4081,5,1.876804117319325,2026-08-14T00:28:57.817121
4082,6,1447.2235883626092,2026-08-14T00:28:57.817121
4083,7,70.34104839821673,2026-08-14T00:28:57.817121
4084,8,105.10563210557915,2026-08-14T00:28:57.817121
4085,9,68.1088574365785,2026-08-14T00:28:57.817121
4086,10,1.9568189633096444,2026-08-14T00:28:57.817121
4087,11,1490.5953067046134,2026-08-14T00:28:57.817121
4088,12,77.53437272900013,2026-08-14T00:28:57.817121
4089,13,2.0313238046065507,2026-08-14T00:28:57.817121
4090,14,1421.703289155359,2026-08-14T00:28:57.817121
4091,15,72.57015495908068,2026-08-14T00:28:57.817121
4092,1,75.41745148242556,2026-08-14T00:28:59.837238
4093,2,2.1211615027489383,2026-08-14T00:28:59.837238
4094,3,1414.8154143212425,2026-08-14T00:28:59.837238
4095,4,71.77770003738662,2026-08-14T00:28:59.837238
4096,5,2.1163875432044144,2026-08-14T00:28:59.837238
4097,6,1478.5280510183723,2026-08-14T00:28:59.837238
4098,7,74.67258497204674,2026-08-14T00:28:59.837238
4099,8,101.45017485416949,2026-08-14T00:28:59.837238
4100,9,73.299164009993,2026-08-14T00:28:59.837238
4101,10,1.9571137632919051,2026-08-14T00:28:59.837238
4102,11,1481.2199754172373,2026-08-14T00:28:59.837238
4103,12,69.83396314637625,2026-08-14T00:28:59.837238
4104,13,1.9887598609740251,2026-08-14T00:28:59.837238
4105,14,1509.253314666832,2026-08-14T00:28:59.837238
4106,15,72.91451251753308,2026-08-14T00:28:59.837238
4107,1,75.72868851915,2026-08-14T00:29:01.856711
4108,2,2.121114558116255,2026-08-14T00:29:01.856711
4109,3,1391.6752237709147,2026-08-14T00:29:01.856711
4110,4,63.84091764315229,2026-08-14T00:29:01.856711
4111,5,2.178841219190486,2026-08-14T00:29:01.856711
4112,6,1454.318161418772,2026-08-14T00:29:01.856711
4113,7,68.05977625776067,2026-08-14T00:29:01.856711
4114,8,92.70258226946697,2026-08-14T00:29:01.856711
4115,9,71.39055220352061,2026-08-14T00:29:01.856711
4116,10,1.7900638422082287,2026-08-14T00:29:01.856711
4117,11,1513.1558056902002,2026-08-14T00:29:01.856711
4118,12,72.44603444350082,2026-08-14T00:29:01.856711
4119,13,2.0646236586992774,2026-08-14T00:29:01.856711
4120,14,1514.7190305951078,2026-08-14T00:29:01.856711
4121,15,64.32769929176666,2026-08-14T00:29:01.856711
4122,1,66.0558412179537,2026-08-14T00:29:03.877454
4123,2,1.843677779844084,2026-08-14T00:29:03.877454
4124,3,1473.5841289032207,2026-08-14T00:29:03.877454
4125,4,73.77174915963082,2026-08-14T00:29:03.877454
4126,5,1.9680404015187154,2026-08-14T00:29:03.877454
4127,6,1475.0294308353737,2026-08-14T00:29:03.877454
4128,7,73.640720414985,2026-08-14T00:29:03.877454
4129,8,101.44459667404263,2026-08-14T00:29:03.877454
4130,9,68.3313025859188,2026-08-14T00:29:03.877454
4131,10,2.1175648369460074,2026-08-14T00:29:03.877454
4132,11,1494.162373430637,2026-08-14T00:29:03.877454
4133,12,74.4087235191467,2026-08-14T00:29:03.877454
4134,13,2.0806256881356266,2026-08-14T00:29:03.877454
4135,14,1571.710083849077,2026-08-14T00:29:03.877454
4136,15,73.66318413870411,2026-08-14T00:29:03.877454
4137,1,72.53901141947375,2026-08-14T00:29:05.884711
4138,2,1.9831184560733848,2026-08-14T00:29:05.884711
4139,3,1537.2972847981366,2026-08-14T00:29:05.884711
4140,4,68.52210232494109,2026-08-14T00:29:05.884711
4141,5,2.002915272387745,2026-08-14T00:29:05.884711
4142,6,1542.2263194660713,2026-08-14T00:29:05.884711
4143,7,63.310146408987016,2026-08-14T00:29:05.884711
4144,8,98.89926340653965,2026-08-14T00:29:05.884711
4145,12,63.69641223617973,2026-08-14T00:29:05.884711
4146,13,2.1123530108003434,2026-08-14T00:29:05.884711
4147,14,1494.3948176216243,2026-08-14T00:29:05.884711
4148,15,68.33828505884617,2026-08-14T00:29:05.884711
4149,1,69.36967938876019,2026-08-14T00:29:07.890548
4150,2,2.1057937880747173,2026-08-14T00:29:07.890548
4151,3,1466.743305628684,2026-08-14T00:29:07.890548
4152,4,75.82607580734933,2026-08-14T00:29:07.890548
4153,5,2.071859675567982,2026-08-14T00:29:07.890548
4154,6,1605.4344567260657,2026-08-14T00:29:07.890548
4155,7,67.74933455806288,2026-08-14T00:29:07.890548
4156,8,108.50331682564845,2026-08-14T00:29:07.890548
4157,12,71.10529574564103,2026-08-14T00:29:07.890548
4158,13,2.0216735727198603,2026-08-14T00:29:07.890548
4159,14,1391.341576397748,2026-08-14T00:29:07.890548
4160,15,78.02523212266163,2026-08-14T00:29:07.890548
4161,1,72.24899414729211,2026-08-14T00:29:09.910327
4162,2,1.935260792597477,2026-08-14T00:29:09.910327
4163,3,1483.068508629802,2026-08-14T00:29:09.910327
4164,4,68.72504586912366,2026-08-14T00:29:09.910327
4165,5,2.0040779690810973,2026-08-14T00:29:09.910327
4166,6,1491.7227656021316,2026-08-14T00:29:09.910327
4167,7,68.60402705036836,2026-08-14T00:29:09.910327
4168,8,86.41415491310244,2026-08-14T00:29:09.910327
4169,12,67.10013412331224,2026-08-14T00:29:09.910327
4170,13,2.1817179150487758,2026-08-14T00:29:09.910327
4171,14,1250.157902348432,2026-08-14T00:29:09.910327
4172,15,71.97510480544169,2026-08-14T00:29:09.910327
4173,1,69.87118398570387,2026-08-14T00:29:11.917577
4174,2,2.0525930960615026,2026-08-14T00:29:11.917577
4175,3,1608.4962384541889,2026-08-14T00:29:11.917577
4176,4,68.88497779204054,2026-08-14T00:29:11.917577
4177,5,1.9568636012731038,2026-08-14T00:29:11.917577
4178,6,1528.3180194287334,2026-08-14T00:29:11.917577
4179,7,65.8994798198675,2026-08-14T00:29:11.917577
4180,8,97.35464752146557,2026-08-14T00:29:11.917577
4181,12,68.41645412547817,2026-08-14T00:29:11.917577
4182,13,1.800783852390237,2026-08-14T00:29:11.917577
4183,14,1387.4109363976372,2026-08-14T00:29:11.917577
4184,15,67.87093422684794,2026-08-14T00:29:11.917577
4185,1,64.7913802774561,2026-08-14T00:29:13.923980
4186,2,2.1547407527423337,2026-08-14T00:29:13.923980
4187,3,1518.0363503792278,2026-08-14T00:29:13.923980
4188,4,70.37502981790593,2026-08-14T00:29:13.923980
4189,5,1.91994208502852,2026-08-14T00:29:13.923980
4190,6,1650.1966815060277,2026-08-14T00:29:13.923980
4191,7,73.57867253763067,2026-08-14T00:29:13.923980
4192,8,105.81219219132358,2026-08-14T00:29:13.923980
4193,12,68.87808703094018,2026-08-14T00:29:13.923980
4194,13,1.9213439118043099,2026-08-14T00:29:13.923980
4195,14,1505.7886296908268,2026-08-14T00:29:13.923980
4196,15,66.15047992695781,2026-08-14T00:29:13.923980
4197,1,68.79958964066682,2026-08-14T00:29:15.930420
4198,2,1.8236672247669212,2026-08-14T00:29:15.930420
4199,3,1617.0279180763869,2026-08-14T00:29:15.930420
4200,4,64.4193879363915,2026-08-14T00:29:15.930420
4201,5,1.9975555174926916,2026-08-14T00:29:15.930420
4202,6,1531.2286340586659,2026-08-14T00:29:15.930420
4203,7,73.76244675299507,2026-08-14T00:29:15.930420
4204,8,103.37929281901987,2026-08-14T00:29:15.930420
4205,12,74.9299906281254,2026-08-14T00:29:15.930420
4206,13,2.0053335040587776,2026-08-14T00:29:15.930420
4207,14,1481.1084214588343,2026-08-14T00:29:15.930420
4208,15,65.89084191773753,2026-08-14T00:29:15.930420
4209,1,66.6647246471207,2026-08-14T00:29:17.938967
4210,2,1.9343964172248684,2026-08-14T00:29:17.938967
4211,3,1451.0748897042222,2026-08-14T00:29:17.938967
4212,4,71.96597928642714,2026-08-14T00:29:17.938967
4213,5,1.8932934605690268,2026-08-14T00:29:17.938967
4214,6,1581.9959854295703,2026-08-14T00:29:17.938967
4215,7,66.29634852770016,2026-08-14T00:29:17.938967
4216,8,96.79100371308508,2026-08-14T00:29:17.938967
4217,12,65.42822174152276,2026-08-14T00:29:17.938967
4218,13,2.2445295177243656,2026-08-14T00:29:17.938967
4219,14,1552.9283722044465,2026-08-14T00:29:17.938967
4220,15,74.64424204665977,2026-08-14T00:29:17.938967
4221,4,72.51959120417742,2026-08-14T00:29:19.946277
4222,5,1.9376921618940743,2026-08-14T00:29:19.946277
4223,6,1426.0140213585787,2026-08-14T00:29:19.946277
4224,12,68.4317801109668,2026-08-14T00:29:19.946277
4225,13,2.0872965499374856,2026-08-14T00:29:19.946277
4226,14,1525.5805401865036,2026-08-14T00:29:19.946277
4227,4,68.6673149361255,2026-08-14T00:29:21.952795
4228,5,1.8702318951398789,2026-08-14T00:29:21.952795
4229,6,1487.0386699061066,2026-08-14T00:29:21.952795
4230,12,72.48642543924178,2026-08-14T00:29:21.952795
4231,13,2.0666077940586494,2026-08-14T00:29:21.952795
4232,14,1421.6629839724121,2026-08-14T00:29:21.952795
4233,15,67.49401677087579,2026-08-14T00:29:21.952795
4234,4,64.37691511464719,2026-08-14T00:29:23.970617
4235,5,1.9742750931721913,2026-08-14T00:29:23.970617
4236,6,1557.7619768413408,2026-08-14T00:29:23.970617
4237,9,68.86984478781963,2026-08-14T00:29:23.970617
4238,10,2.0156854342003427,2026-08-14T00:29:23.970617
4239,11,1651.1619354485713,2026-08-14T00:29:23.970617
4240,12,74.39763047066174,2026-08-14T00:29:23.970617
4241,13,2.131833548644265,2026-08-14T00:29:23.970617
4242,14,1515.2020335143382,2026-08-14T00:29:23.970617
4243,15,63.384208408367805,2026-08-14T00:29:23.970617
4244,4,73.57337328454166,2026-08-14T00:29:25.978364
4245,5,1.978909059844488,2026-08-14T00:29:25.978364
4246,6,1478.0478721390573,2026-08-14T00:29:25.978364
4247,9,70.74694593313276,2026-08-14T00:29:25.978364
4248,10,1.9426539559880256,2026-08-14T00:29:25.978364
4249,11,1521.6210959442149,2026-08-14T00:29:25.978364
4250,12,68.78872146167255,2026-08-14T00:29:25.978364
4251,13,1.9581914744120983,2026-08-14T00:29:25.978364
4252,14,1441.6291326763449,2026-08-14T00:29:25.978364
4253,15,67.50155454012491,2026-08-14T00:29:25.978364
4254,4,72.01347941099347,2026-08-14T00:29:27.983938
4255,5,1.9867610521471657,2026-08-14T00:29:27.983938
4256,6,1632.0708699878453,2026-08-14T00:29:27.983938
4257,9,68.13794668428157,2026-08-14T00:29:27.983938
4258,10,2.224861568427891,2026-08-14T00:29:27.983938
4259,11,1543.2980678713177,2026-08-14T00:29:27.983938
4260,12,71.82178198092637,2026-08-14T00:29:27.983938
4261,13,2.1035547218292168,2026-08-14T00:29:27.983938
4262,14,1464.293611375483,2026-08-14T00:29:27.983938
4263,15,66.48163107357603,2026-08-14T00:29:27.983938
4264,4,67.91548759165757,2026-08-14T00:29:30.000713
4265,5,1.9979049389552181,2026-08-14T00:29:30.000713
4266,6,1577.8289599571601,2026-08-14T00:29:30.000713
4267,9,67.38698869472218,2026-08-14T00:29:30.000713
4268,10,1.9006934860319917,2026-08-14T00:29:30.000713
4269,11,1451.3033201533972,2026-08-14T00:29:30.000713
4270,12,64.71308351541613,2026-08-14T00:29:30.000713
4271,13,2.0998250768956273,2026-08-14T00:29:30.000713
4272,14,1496.452373850809,2026-08-14T00:29:30.000713
4273,15,74.71313789049005,2026-08-14T00:29:30.000713
4274,4,67.21016856755622,2026-08-14T00:29:32.020391
4275,5,1.9613282180478455,2026-08-14T00:29:32.020391
4276,6,1460.1252575086107,2026-08-14T00:29:32.020391
4277,9,75.88474454645691,2026-08-14T00:29:32.020391
4278,10,2.2101049228809804,2026-08-14T00:29:32.020391
4279,11,1482.3475493391663,2026-08-14T00:29:32.020391
4280,12,74.75657130067437,2026-08-14T00:29:32.020391
4281,13,2.1823422117742863,2026-08-14T00:29:32.020391
4282,14,1514.83808144038,2026-08-14T00:29:32.020391
4283,15,68.73460049249222,2026-08-14T00:29:32.020391
4284,4,69.87728044773934,2026-08-14T00:29:34.041541
4285,5,1.9906726015930345,2026-08-14T00:29:34.041541
4286,6,1555.6890927978154,2026-08-14T00:29:34.041541
4287,9,73.2282605716379,2026-08-14T00:29:34.041541
4288,10,2.0368596898958065,2026-08-14T00:29:34.041541
4289,11,1482.1879946257366,2026-08-14T00:29:34.041541
4290,12,65.20087863480876,2026-08-14T00:29:34.041541
4291,13,1.8385808865047744,2026-08-14T00:29:34.041541
4292,14,1604.8710227345136,2026-08-14T00:29:34.041541
4293,15,71.95117238253059,2026-08-14T00:29:34.041541
4294,1,74.18421040650821,2026-08-14T00:29:36.049295
4295,2,1.9190343378627661,2026-08-14T00:29:36.049295
4296,3,1554.3344566340447,2026-08-14T00:29:36.049295
4297,4,67.98019128947661,2026-08-14T00:29:36.049295
4298,5,1.938745971674646,2026-08-14T00:29:36.049295
4299,6,1492.0642860633857,2026-08-14T00:29:36.049295
4300,9,67.37932035737886,2026-08-14T00:29:36.049295
4301,10,2.1702622858546814,2026-08-14T00:29:36.049295
4302,11,1676.298205637289,2026-08-14T00:29:36.049295
4303,12,71.70515155127988,2026-08-14T00:29:36.049295
4304,13,1.8807209651721963,2026-08-14T00:29:36.049295
4305,14,1548.5121717091797,2026-08-14T00:29:36.049295
4306,15,70.4088720669555,2026-08-14T00:29:36.049295
4307,1,73.31763554689114,2026-08-14T00:29:38.055412
4308,2,1.804967240884306,2026-08-14T00:29:38.055412
4309,3,1529.8302626752604,2026-08-14T00:29:38.055412
4310,4,72.06094698298574,2026-08-14T00:29:38.055412
4311,5,2.063475874495494,2026-08-14T00:29:38.055412
4312,6,1615.4482707985549,2026-08-14T00:29:38.055412
4313,9,71.64171634622912,2026-08-14T00:29:38.055412
4314,10,1.9728040219982361,2026-08-14T00:29:38.055412
4315,11,1289.7988105253567,2026-08-14T00:29:38.055412
4316,12,65.8100887425893,2026-08-14T00:29:38.055412
4317,13,2.010273819070026,2026-08-14T00:29:38.055412
4318,14,1436.1902062991132,2026-08-14T00:29:38.055412
4319,15,65.96435567388123,2026-08-14T00:29:38.055412
4320,1,66.27628575065187,2026-08-14T00:29:40.062690
4321,2,1.9166763990523747,2026-08-14T00:29:40.062690
4322,3,1570.7453721965198,2026-08-14T00:29:40.062690
4323,4,63.655542425526484,2026-08-14T00:29:40.062690
4324,5,1.957741160253505,2026-08-14T00:29:40.062690
4325,6,1521.9006466838898,2026-08-14T00:29:40.062690
4326,9,74.38029666448405,2026-08-14T00:29:40.062690
4327,10,2.028501081086929,2026-08-14T00:29:40.062690
4328,11,1477.1225070632884,2026-08-14T00:29:40.062690
4329,12,72.06712390340638,2026-08-14T00:29:40.062690
4330,13,1.9516670738772717,2026-08-14T00:29:40.062690
4331,14,1603.147614166682,2026-08-14T00:29:40.062690
4332,15,72.76598228564175,2026-08-14T00:29:40.062690
4333,1,69.84026645597422,2026-08-14T00:29:42.084336
4334,2,1.9004937255297705,2026-08-14T00:29:42.084336
4335,3,1429.1525172708075,2026-08-14T00:29:42.084336
4336,9,66.24006253848962,2026-08-14T00:29:42.084336
4337,10,1.9941188919848563,2026-08-14T00:29:42.084336
4338,11,1469.1154508864474,2026-08-14T00:29:42.084336
4339,12,66.60842667449396,2026-08-14T00:29:42.084336
4340,13,2.1436347439009142,2026-08-14T00:29:42.084336
4341,14,1492.7147052771438,2026-08-14T00:29:42.084336
4342,15,68.83968211058152,2026-08-14T00:29:42.084336
4343,1,66.05903140160736,2026-08-14T00:29:44.104333
4344,2,2.105131763460896,2026-08-14T00:29:44.104333
4345,3,1496.6836922401953,2026-08-14T00:29:44.104333
4346,9,71.41617551051888,2026-08-14T00:29:44.104333
4347,10,2.263319853465336,2026-08-14T00:29:44.104333
4348,11,1536.202475329021,2026-08-14T00:29:44.104333
4349,12,74.82177734362013,2026-08-14T00:29:44.104333
4350,13,1.9151995815694927,2026-08-14T00:29:44.104333
4351,14,1546.8117872193418,2026-08-14T00:29:44.104333
4352,15,72.68046793165576,2026-08-14T00:29:44.104333
4353,1,74.2023455578375,2026-08-14T00:29:46.111900
4354,2,2.2740686852993774,2026-08-14T00:29:46.111900
4355,3,1620.8828095264385,2026-08-14T00:29:46.111900
4356,9,75.48207519627006,2026-08-14T00:29:46.111900
4357,10,2.0441964915481616,2026-08-14T00:29:46.111900
4358,11,1403.0373319698106,2026-08-14T00:29:46.111900
4359,12,68.67180738120699,2026-08-14T00:29:46.111900
4360,13,2.045781503077925,2026-08-14T00:29:46.111900
4361,14,1586.1783336475494,2026-08-14T00:29:46.111900
4362,15,70.1684865237697,2026-08-14T00:29:46.111900
4363,1,71.57252752054725,2026-08-14T00:29:48.132685
4364,2,2.0653155358225503,2026-08-14T00:29:48.132685
4365,3,1475.3834449725837,2026-08-14T00:29:48.132685
4366,9,66.47648212400244,2026-08-14T00:29:48.132685
4367,10,1.9809785652866234,2026-08-14T00:29:48.132685
4368,11,1553.4631920640109,2026-08-14T00:29:48.132685
4369,12,65.65205785429266,2026-08-14T00:29:48.132685
4370,13,2.1317219598140134,2026-08-14T00:29:48.132685
4371,14,1566.3593537145612,2026-08-14T00:29:48.132685
4372,15,69.86027768318107,2026-08-14T00:29:48.132685
4373,1,71.27029853867575,2026-08-14T00:29:50.138714
4374,2,1.957164697035115,2026-08-14T00:29:50.138714
4375,3,1566.9933631347656,2026-08-14T00:29:50.138714
4376,9,72.08363677288327,2026-08-14T00:29:50.138714
4377,10,2.0049411665857733,2026-08-14T00:29:50.138714
4378,11,1557.95238298738,2026-08-14T00:29:50.138714
4379,12,65.67072630225867,2026-08-14T00:29:50.138714
4380,13,1.8872216476425225,2026-08-14T00:29:50.138714
4381,14,1432.734520550977,2026-08-14T00:29:50.138714
4382,15,71.48390934370902,2026-08-14T00:29:50.138714
4383,1,70.43258014573415,2026-08-14T00:29:52.145989
4384,2,1.9551740052493884,2026-08-14T00:29:52.145989
4385,3,1600.9043245246155,2026-08-14T00:29:52.145989
4386,9,71.12747799255031,2026-08-14T00:29:52.145989
4387,10,1.826648295368857,2026-08-14T00:29:52.145989
4388,11,1508.1739906956739,2026-08-14T00:29:52.145989
4389,12,70.0056690035858,2026-08-14T00:29:52.145989
4390,13,2.072746769330772,2026-08-14T00:29:52.145989
4391,14,1443.2113302497546,2026-08-14T00:29:52.145989
4392,15,71.3096591910818,2026-08-14T00:29:52.145989
4393,1,70.97226844458416,2026-08-14T00:29:54.165454
4394,2,1.9711735851799614,2026-08-14T00:29:54.165454
4395,3,1390.408180994844,2026-08-14T00:29:54.165454
4396,9,74.40907937564972,2026-08-14T00:29:54.165454
4397,10,2.053572123888437,2026-08-14T00:29:54.165454
4398,11,1514.7433687195005,2026-08-14T00:29:54.165454
4399,12,71.65586511164638,2026-08-14T00:29:54.165454
4400,13,2.104304488723082,2026-08-14T00:29:54.165454
4401,14,1500.0463645962207,2026-08-14T00:29:54.165454
4402,15,69.79606004571639,2026-08-14T00:29:54.165454
4403,1,68.48915853842881,2026-08-14T00:29:56.173714
4404,2,2.097877519960994,2026-08-14T00:29:56.173714
4405,3,1577.6303578643744,2026-08-14T00:29:56.173714
4406,9,67.41956949363329,2026-08-14T00:29:56.173714
4407,10,2.012008976234016,2026-08-14T00:29:56.173714
4408,11,1453.25357927925,2026-08-14T00:29:56.173714
4409,12,73.44057982089728,2026-08-14T00:29:56.173714
4410,13,2.0721617281033575,2026-08-14T00:29:56.173714
4411,14,1416.7322136365437,2026-08-14T00:29:56.173714
4412,15,72.66236015504674,2026-08-14T00:29:56.173714
4413,1,64.92779640959013,2026-08-14T00:29:58.184787
4414,2,2.2491547992903405,2026-08-14T00:29:58.184787
4415,3,1556.3149848947198,2026-08-14T00:29:58.184787
4416,9,68.44168159916453,2026-08-14T00:29:58.184787
4417,10,1.9665959980303689,2026-08-14T00:29:58.184787
4418,11,1630.8688223949384,2026-08-14T00:29:58.184787
4419,12,71.59224513130901,2026-08-14T00:29:58.184787
4420,13,1.9961707593607503,2026-08-14T00:29:58.184787
4421,14,1563.357208918962,2026-08-14T00:29:58.184787
4422,15,69.43867688291994,2026-08-14T00:29:58.184787
4423,1,69.98926914147764,2026-08-14T00:30:00.198312
4424,2,1.9775339337820041,2026-08-14T00:30:00.198312
4425,3,1534.398387577096,2026-08-14T00:30:00.198312
4426,9,80.37534917971493,2026-08-14T00:30:00.198312
4427,10,1.9284704398285382,2026-08-14T00:30:00.198312
4428,11,1502.1965557407223,2026-08-14T00:30:00.198312
4429,12,68.71219833496512,2026-08-14T00:30:00.198312
4430,13,2.1047542113783706,2026-08-14T00:30:00.198312
4431,14,1503.6642577846287,2026-08-14T00:30:00.198312
4432,15,65.62628638077706,2026-08-14T00:30:00.198312
4433,1,77.29072912476039,2026-08-14T00:30:02.214398
4434,2,1.998724623052539,2026-08-14T00:30:02.214398
4435,3,1336.6279180563317,2026-08-14T00:30:02.214398
4436,9,69.94986233623064,2026-08-14T00:30:02.214398
4437,10,1.9564521629083007,2026-08-14T00:30:02.214398
4438,11,1356.3468948134962,2026-08-14T00:30:02.214398
4439,12,66.30635515414274,2026-08-14T00:30:02.214398
4440,13,2.0302363621419204,2026-08-14T00:30:02.214398
4441,14,1490.078625207417,2026-08-14T00:30:02.214398
4442,15,67.09567005747358,2026-08-14T00:30:02.214398
4443,1,73.3275285458486,2026-08-14T00:30:04.222276
4444,2,1.8406646259529191,2026-08-14T00:30:04.222276
4445,3,1445.6814120747138,2026-08-14T00:30:04.222276
4446,7,71.094295744996,2026-08-14T00:30:04.222276
4447,8,96.98614651384545,2026-08-14T00:30:04.222276
4448,9,77.94025197513155,2026-08-14T00:30:04.222276
4449,10,1.9796440160707844,2026-08-14T00:30:04.222276
4450,11,1396.4921398471204,2026-08-14T00:30:04.222276
4451,15,67.52546999820571,2026-08-14T00:30:04.222276
4452,1,71.0377160563866,2026-08-14T00:30:06.228438
4453,2,1.8538338173199138,2026-08-14T00:30:06.228438
4454,3,1524.5186985439911,2026-08-14T00:30:06.228438
4455,7,63.49639969410849,2026-08-14T00:30:06.228438
4456,8,105.79109689308908,2026-08-14T00:30:06.228438
4457,9,72.29816171114172,2026-08-14T00:30:06.228438
4458,10,1.808945736674721,2026-08-14T00:30:06.228438
4459,11,1431.7597619824435,2026-08-14T00:30:06.228438
4460,15,67.84447473745216,2026-08-14T00:30:06.228438
4461,1,69.85032479776731,2026-08-14T00:30:08.236304
4462,2,2.110519092930587,2026-08-14T00:30:08.236304
4463,3,1381.463044725166,2026-08-14T00:30:08.236304
4464,7,69.68534424186953,2026-08-14T00:30:08.236304
4465,8,100.24716424401133,2026-08-14T00:30:08.236304
4466,9,71.05329513355437,2026-08-14T00:30:08.236304
4467,10,1.8081076038085666,2026-08-14T00:30:08.236304
4468,11,1532.3946879059051,2026-08-14T00:30:08.236304
4469,15,63.97558309336263,2026-08-14T00:30:08.236304
4470,1,79.49557461062861,2026-08-14T00:30:10.256966
4471,2,2.027784069327863,2026-08-14T00:30:10.256966
4472,3,1467.9210773813759,2026-08-14T00:30:10.256966
4473,7,72.4580619569352,2026-08-14T00:30:10.256966
4474,8,97.35403547125868,2026-08-14T00:30:10.256966
4475,9,76.39045150722858,2026-08-14T00:30:10.256966
4476,10,2.0238808046463532,2026-08-14T00:30:10.256966
4477,11,1519.9146422775161,2026-08-14T00:30:10.256966
4478,15,70.77415496264454,2026-08-14T00:30:10.256966
4479,1,76.45564740085112,2026-08-14T00:30:12.263468
4480,2,2.25157171415747,2026-08-14T00:30:12.263468
4481,3,1424.9670008822025,2026-08-14T00:30:12.263468
4482,7,74.22631581945909,2026-08-14T00:30:12.263468
4483,8,98.751272274178,2026-08-14T00:30:12.263468
4484,9,71.42347536581056,2026-08-14T00:30:12.263468
4485,10,2.0023436740939387,2026-08-14T00:30:12.263468
4486,11,1460.219972009496,2026-08-14T00:30:12.263468
4487,15,70.85778602154159,2026-08-14T00:30:12.263468
4488,1,72.347735516309,2026-08-14T00:30:14.285329
4489,2,2.0706486858272313,2026-08-14T00:30:14.285329
4490,3,1498.4405188966189,2026-08-14T00:30:14.285329
4491,7,74.97000324207687,2026-08-14T00:30:14.285329
4492,8,108.44684460037634,2026-08-14T00:30:14.285329
4493,9,62.99373057738768,2026-08-14T00:30:14.285329
4494,10,2.2026250902665483,2026-08-14T00:30:14.285329
4495,11,1322.4784627754586,2026-08-14T00:30:14.285329
4496,15,73.50495711453797,2026-08-14T00:30:14.285329
4497,1,72.66374752611965,2026-08-14T00:30:16.307880
4498,2,1.8925934798277995,2026-08-14T00:30:16.307880
4499,3,1485.5560977463583,2026-08-14T00:30:16.307880
4500,7,63.31901327710027,2026-08-14T00:30:16.307880
4501,8,103.91693927617816,2026-08-14T00:30:16.307880
4502,9,73.24490562306806,2026-08-14T00:30:16.307880
4503,10,2.033183087956927,2026-08-14T00:30:16.307880
4504,11,1471.2016694722488,2026-08-14T00:30:16.307880
4505,15,68.7240179118316,2026-08-14T00:30:16.307880
4506,1,70.56953119983774,2026-08-14T00:30:18.329178
4507,2,1.9006720767462462,2026-08-14T00:30:18.329178
4508,3,1586.4408143500345,2026-08-14T00:30:18.329178
4509,7,70.15259370649609,2026-08-14T00:30:18.329178
4510,8,96.05122706773028,2026-08-14T00:30:18.329178
4511,9,65.34893751011938,2026-08-14T00:30:18.329178
4512,10,2.080546083803238,2026-08-14T00:30:18.329178
4513,11,1539.7262746775193,2026-08-14T00:30:18.329178
4514,15,73.38114371176934,2026-08-14T00:30:18.329178
4515,1,63.348177694727205,2026-08-14T00:30:20.349556
4516,2,2.0781475009911836,2026-08-14T00:30:20.349556
4517,3,1573.0376318430299,2026-08-14T00:30:20.349556
4518,7,70.00802130530873,2026-08-14T00:30:20.349556
4519,8,92.07504162037002,2026-08-14T00:30:20.349556
4520,9,67.68691960036224,2026-08-14T00:30:20.349556
4521,10,2.037562610991785,2026-08-14T00:30:20.349556
4522,11,1432.7925020903222,2026-08-14T00:30:20.349556
4523,15,64.556619445927,2026-08-14T00:30:20.349556
4524,1,74.42730876670392,2026-08-14T00:30:22.358615
4525,2,2.175938672267046,2026-08-14T00:30:22.358615
4526,3,1499.2118608265766,2026-08-14T00:30:22.358615
4527,7,63.11567241983256,2026-08-14T00:30:22.358615
4528,8,92.56403634942801,2026-08-14T00:30:22.358615
4529,9,64.43402691722764,2026-08-14T00:30:22.358615
4530,10,1.9101566438015825,2026-08-14T00:30:22.358615
4531,11,1480.7364100976552,2026-08-14T00:30:22.358615
4532,15,70.38115379062845,2026-08-14T00:30:22.358615
4533,1,67.4576833963684,2026-08-14T00:30:24.366968
4534,2,1.9488640411983056,2026-08-14T00:30:24.366968
4535,3,1494.7348128270326,2026-08-14T00:30:24.366968
4536,7,61.018404353115756,2026-08-14T00:30:24.366968
4537,8,91.84927997871047,2026-08-14T00:30:24.366968
4538,9,66.21807483410029,2026-08-14T00:30:24.366968
4539,10,2.038093378812449,2026-08-14T00:30:24.366968
4540,11,1652.2694116528132,2026-08-14T00:30:24.366968
4541,15,68.06965930815659,2026-08-14T00:30:24.366968
4542,1,74.55793554049194,2026-08-14T00:30:26.373960
4543,2,1.9894508895767071,2026-08-14T00:30:26.373960
4544,3,1514.6737539559895,2026-08-14T00:30:26.373960
4545,7,68.79187064525902,2026-08-14T00:30:26.373960
4546,8,102.15452661620242,2026-08-14T00:30:26.373960
4547,9,67.94341767529676,2026-08-14T00:30:26.373960
4548,10,2.043808842879946,2026-08-14T00:30:26.373960
4549,11,1605.6595043199957,2026-08-14T00:30:26.373960
4550,15,67.36181733849597,2026-08-14T00:30:26.373960
4551,1,67.5504606883263,2026-08-14T00:30:28.381621
4552,2,1.9130332156383971,2026-08-14T00:30:28.381621
4553,3,1417.1302750688328,2026-08-14T00:30:28.381621
4554,7,64.79314910093235,2026-08-14T00:30:28.381621
4555,8,92.77219231600841,2026-08-14T00:30:28.381621
4556,9,69.30585555187473,2026-08-14T00:30:28.381621
4557,10,1.9852713544035419,2026-08-14T00:30:28.381621
4558,11,1408.8023835272286,2026-08-14T00:30:28.381621
4559,15,69.57090418232956,2026-08-14T00:30:28.381621
4560,1,69.37324492829342,2026-08-14T00:30:30.403091
4561,2,1.898201477772541,2026-08-14T00:30:30.403091
4562,3,1539.9136168522753,2026-08-14T00:30:30.403091
4563,7,67.77825264407775,2026-08-14T00:30:30.403091
4564,8,99.27086143731839,2026-08-14T00:30:30.403091
4565,15,66.92082914540941,2026-08-14T00:30:30.403091
4566,1,71.69020441025896,2026-08-14T00:30:32.422297
4567,2,2.200928051900745,2026-08-14T00:30:32.422297
4568,3,1476.4567206574,2026-08-14T00:30:32.422297
4569,7,68.24898579111353,2026-08-14T00:30:32.422297
4570,8,98.03726480468015,2026-08-14T00:30:32.422297
4571,15,69.44099446952399,2026-08-14T00:30:32.422297
4572,1,68.53805364753349,2026-08-14T00:30:34.444230
4573,2,1.9546106851810725,2026-08-14T00:30:34.444230
4574,3,1358.5438869669633,2026-08-14T00:30:34.444230
4575,7,69.38809028526683,2026-08-14T00:30:34.444230
4576,8,96.38714214336024,2026-08-14T00:30:34.444230
4577,15,66.6362624816083,2026-08-14T00:30:34.444230
4578,1,72.49197681734758,2026-08-14T00:30:36.473469
4579,2,1.8432104618598457,2026-08-14T00:30:36.473469
4580,3,1588.010484013433,2026-08-14T00:30:36.473469
4581,7,72.75623568719413,2026-08-14T00:30:36.473469
4582,8,100.09687382212101,2026-08-14T00:30:36.473469
4583,15,72.56581888574031,2026-08-14T00:30:36.473469
4584,1,75.45461182156743,2026-08-14T00:30:38.497621
4585,2,1.871733812312336,2026-08-14T00:30:38.497621
4586,3,1468.2386005596818,2026-08-14T00:30:38.497621
4587,7,64.13960929622365,2026-08-14T00:30:38.497621
4588,8,102.64868785872234,2026-08-14T00:30:38.497621
4589,1,61.799410418140646,2026-08-14T00:30:40.518532
4590,2,1.903675652313752,2026-08-14T00:30:40.518532
4591,3,1591.4696087476477,2026-08-14T00:30:40.518532
4592,7,71.41835233298062,2026-08-14T00:30:40.518532
4593,8,103.40644025357523,2026-08-14T00:30:40.518532
4594,15,66.53132081538382,2026-08-14T00:30:40.518532
4595,4,68.45857427499833,2026-08-14T00:30:42.525873
4596,5,2.133855171365855,2026-08-14T00:30:42.525873
4597,6,1423.2227997038835,2026-08-14T00:30:42.525873
4598,7,63.88828808149168,2026-08-14T00:30:42.525873
4599,8,97.90361630505384,2026-08-14T00:30:42.525873
4600,9,64.93180265693998,2026-08-14T00:30:42.525873
4601,10,1.7801607051964883,2026-08-14T00:30:42.525873
4602,11,1436.731870139111,2026-08-14T00:30:42.525873
4603,15,65.0004746923691,2026-08-14T00:30:42.525873
4604,4,73.26451517172762,2026-08-14T00:30:44.556719
4605,5,2.049002355885374,2026-08-14T00:30:44.556719
4606,6,1397.7338395585311,2026-08-14T00:30:44.556719
4607,7,68.56945484747882,2026-08-14T00:30:44.556719
4608,8,99.50424881148295,2026-08-14T00:30:44.556719
4609,9,74.60469800953541,2026-08-14T00:30:44.556719
4610,10,2.200516859767084,2026-08-14T00:30:44.556719
4611,11,1629.4490845911162,2026-08-14T00:30:44.556719
4612,15,68.8957911016352,2026-08-14T00:30:44.556719
4613,4,63.38241546248781,2026-08-14T00:30:46.564508
4614,5,2.1824478191001604,2026-08-14T00:30:46.564508
4615,6,1506.9651639109773,2026-08-14T00:30:46.564508
4616,7,69.72376864617415,2026-08-14T00:30:46.564508
4617,8,102.74516375293422,2026-08-14T00:30:46.564508
4618,9,65.246925176331,2026-08-14T00:30:46.564508
4619,10,2.1074622919865433,2026-08-14T00:30:46.564508
4620,11,1419.4993544831302,2026-08-14T00:30:46.564508
4621,15,64.96963873911346,2026-08-14T00:30:46.564508
4622,4,65.50184396088092,2026-08-14T00:30:48.595142
4623,5,2.0714682889700398,2026-08-14T00:30:48.595142
4624,6,1535.7079513675817,2026-08-14T00:30:48.595142
4625,7,82.19209518073377,2026-08-14T00:30:48.595142
4626,8,100.17352816466783,2026-08-14T00:30:48.595142
4627,9,72.28241364449491,2026-08-14T00:30:48.595142
4628,10,1.9013842394375335,2026-08-14T00:30:48.595142
4629,11,1493.6402686154224,2026-08-14T00:30:48.595142
4630,15,72.40331796697801,2026-08-14T00:30:48.595142
4631,4,69.79051994646642,2026-08-14T00:30:50.601661
4632,5,1.9546221079653836,2026-08-14T00:30:50.601661
4633,6,1579.6841063057914,2026-08-14T00:30:50.601661
4634,7,67.88971284196629,2026-08-14T00:30:50.601661
4635,8,103.66951620930072,2026-08-14T00:30:50.601661
4636,9,69.99807020086986,2026-08-14T00:30:50.601661
4637,10,2.1195109347122285,2026-08-14T00:30:50.601661
4638,11,1395.3301685359622,2026-08-14T00:30:50.601661
4639,15,68.60629962057506,2026-08-14T00:30:50.601661
4640,4,77.08443015896208,2026-08-14T00:30:52.607302
4641,5,2.0470604473100926,2026-08-14T00:30:52.607302
4642,6,1474.5325391934855,2026-08-14T00:30:52.607302
4643,7,66.92426087334466,2026-08-14T00:30:52.607302
4644,8,98.44446256324848,2026-08-14T00:30:52.607302
4645,9,70.56705793668007,2026-08-14T00:30:52.607302
4646,10,1.9730660390850714,2026-08-14T00:30:52.607302
4647,11,1553.2656915026603,2026-08-14T00:30:52.607302
4648,15,69.417808503594,2026-08-14T00:30:52.607302
4649,4,67.16356435801704,2026-08-14T00:30:54.614161
4650,5,2.025043290051591,2026-08-14T00:30:54.614161
4651,6,1469.9620477680214,2026-08-14T00:30:54.614161
4652,7,70.03078980045039,2026-08-14T00:30:54.614161
4653,8,95.08871161422961,2026-08-14T00:30:54.614161
4654,9,66.04513232924833,2026-08-14T00:30:54.614161
4655,10,2.11842730832137,2026-08-14T00:30:54.614161
4656,11,1476.4354729974964,2026-08-14T00:30:54.614161
4657,15,66.44972668091593,2026-08-14T00:30:54.614161
4658,1,62.60901890916207,2026-08-14T00:30:56.634609
4659,2,2.011611366959751,2026-08-14T00:30:56.634609
4660,3,1451.4347197803716,2026-08-14T00:30:56.634609
4661,4,68.90635520680732,2026-08-14T00:30:56.634609
4662,5,2.0119661229058923,2026-08-14T00:30:56.634609
4663,6,1508.110222916521,2026-08-14T00:30:56.634609
4664,7,65.58214125090193,2026-08-14T00:30:56.634609
4665,8,92.34142163165247,2026-08-14T00:30:56.634609
4666,9,72.87165072249374,2026-08-14T00:30:56.634609
4667,10,2.231833578851575,2026-08-14T00:30:56.634609
4668,11,1390.3508967680048,2026-08-14T00:30:56.634609
4669,15,65.78439370377838,2026-08-14T00:30:56.634609
4670,1,67.76339856583391,2026-08-14T00:30:58.641190
4671,2,2.0998210965767274,2026-08-14T00:30:58.641190
4672,3,1478.071523695104,2026-08-14T00:30:58.641190
4673,4,70.66815493788621,2026-08-14T00:30:58.641190
4674,5,2.1893362288980915,2026-08-14T00:30:58.641190
4675,6,1461.007170546832,2026-08-14T00:30:58.641190
4676,7,70.94565622160466,2026-08-14T00:30:58.641190
4677,8,106.59267141633391,2026-08-14T00:30:58.641190
4678,9,64.24051415240626,2026-08-14T00:30:58.641190
4679,10,2.1668460636006577,2026-08-14T00:30:58.641190
4680,11,1555.9810095571393,2026-08-14T00:30:58.641190
4681,15,68.02516587101621,2026-08-14T00:30:58.641190
4682,1,69.24682357094093,2026-08-14T00:31:00.660784
4683,2,2.059661559539205,2026-08-14T00:31:00.660784
4684,3,1493.264198603608,2026-08-14T00:31:00.660784
4685,4,71.41920867327079,2026-08-14T00:31:00.660784
4686,5,1.9674626445613796,2026-08-14T00:31:00.660784
4687,6,1517.2683380372603,2026-08-14T00:31:00.660784
4688,7,64.7586218268034,2026-08-14T00:31:00.660784
4689,8,89.05028221451795,2026-08-14T00:31:00.660784
4690,9,65.41014548726876,2026-08-14T00:31:00.660784
4691,10,1.8872829215825855,2026-08-14T00:31:00.660784
4692,11,1519.3938474204517,2026-08-14T00:31:00.660784
4693,15,74.51100122100684,2026-08-14T00:31:00.660784
4694,1,65.1743236673546,2026-08-14T00:31:02.680341
4695,2,2.0728980736981604,2026-08-14T00:31:02.680341
4696,3,1403.8143928083382,2026-08-14T00:31:02.680341
4697,4,68.04872598830133,2026-08-14T00:31:02.680341
4698,5,1.9946690754736038,2026-08-14T00:31:02.680341
4699,6,1596.647561207173,2026-08-14T00:31:02.680341
4700,7,71.54302155803002,2026-08-14T00:31:02.680341
4701,8,100.77927241681486,2026-08-14T00:31:02.680341
4702,9,69.27054920682042,2026-08-14T00:31:02.680341
4703,10,1.891851096780106,2026-08-14T00:31:02.680341
4704,11,1512.4870252703236,2026-08-14T00:31:02.680341
4705,15,70.00135149767505,2026-08-14T00:31:02.680341
4706,1,74.76133372913024,2026-08-14T00:31:04.687735
4707,2,1.9301644640013706,2026-08-14T00:31:04.687735
4708,3,1385.9527218501578,2026-08-14T00:31:04.687735
4709,4,68.63933559848262,2026-08-14T00:31:04.687735
4710,5,2.005782835194167,2026-08-14T00:31:04.687735
4711,6,1401.406266430434,2026-08-14T00:31:04.687735
4712,7,71.58509628874855,2026-08-14T00:31:04.687735
4713,8,104.77482295601304,2026-08-14T00:31:04.687735
4714,9,63.36427232154669,2026-08-14T00:31:04.687735
4715,10,1.9827531730876635,2026-08-14T00:31:04.687735
4716,11,1507.2864422083517,2026-08-14T00:31:04.687735
4717,15,71.93174262528325,2026-08-14T00:31:04.687735
4718,1,63.90361306914542,2026-08-14T00:31:06.696534
4719,2,2.128924024982283,2026-08-14T00:31:06.696534
4720,3,1357.6491041348133,2026-08-14T00:31:06.696534
4721,4,69.90569121850223,2026-08-14T00:31:06.696534
4722,5,2.131665880417877,2026-08-14T00:31:06.696534
4723,6,1378.8469351802194,2026-08-14T00:31:06.696534
4724,7,68.87605360855098,2026-08-14T00:31:06.696534
4725,8,96.65686226644576,2026-08-14T00:31:06.696534
4726,9,67.00618003368905,2026-08-14T00:31:06.696534
4727,10,2.0452190882208643,2026-08-14T00:31:06.696534
4728,11,1452.54830326807,2026-08-14T00:31:06.696534
4729,15,70.22876479341544,2026-08-14T00:31:06.696534
4730,1,71.55011168224156,2026-08-14T00:31:08.702530
4731,2,2.0707146778432897,2026-08-14T00:31:08.702530
4732,3,1561.7806364420128,2026-08-14T00:31:08.702530
4733,4,63.151531862897876,2026-08-14T00:31:08.702530
4734,5,2.0666968378230326,2026-08-14T00:31:08.702530
4735,6,1530.5899848889567,2026-08-14T00:31:08.702530
4736,7,77.5114168237981,2026-08-14T00:31:08.702530
4737,8,102.74617864873318,2026-08-14T00:31:08.702530
4738,9,66.02054984502769,2026-08-14T00:31:08.702530
4739,10,2.0036362416841755,2026-08-14T00:31:08.702530
4740,11,1458.7914652316592,2026-08-14T00:31:08.702530
4741,15,61.870322824354574,2026-08-14T00:31:08.702530
4742,1,69.88122472238508,2026-08-14T00:31:10.709762
4743,2,1.9618426601509946,2026-08-14T00:31:10.709762
4744,3,1385.8558780137535,2026-08-14T00:31:10.709762
4745,4,70.08177194081156,2026-08-14T00:31:10.709762
4746,5,2.218496593260105,2026-08-14T00:31:10.709762
4747,6,1556.168950891426,2026-08-14T00:31:10.709762
4748,7,73.86375809130044,2026-08-14T00:31:10.709762
4749,8,106.16067604304722,2026-08-14T00:31:10.709762
4750,9,71.29494787716989,2026-08-14T00:31:10.709762
4751,10,1.9899853118332231,2026-08-14T00:31:10.709762
4752,11,1572.8830612565566,2026-08-14T00:31:10.709762
4753,15,67.71091477368779,2026-08-14T00:31:10.709762
4754,1,76.57488566519915,2026-08-14T00:31:12.731160
4755,2,1.8648521817048855,2026-08-14T00:31:12.731160
4756,3,1622.270299470873,2026-08-14T00:31:12.731160
4757,4,66.98816646323436,2026-08-14T00:31:12.731160
4758,5,2.067791935073002,2026-08-14T00:31:12.731160
4759,6,1540.4476911251897,2026-08-14T00:31:12.731160
4760,7,73.45796549341114,2026-08-14T00:31:12.731160
4761,8,104.30344131518812,2026-08-14T00:31:12.731160
4762,9,69.42732368945202,2026-08-14T00:31:12.731160
4763,10,1.7914488889575586,2026-08-14T00:31:12.731160
4764,11,1530.8587689452897,2026-08-14T00:31:12.731160
4765,15,69.61292969561909,2026-08-14T00:31:12.731160
4766,1,70.86060279719895,2026-08-14T00:31:14.737495
4767,2,2.091536064883943,2026-08-14T00:31:14.737495
4768,3,1477.2235670113757,2026-08-14T00:31:14.737495
4769,4,76.61204852571619,2026-08-14T00:31:14.737495
4770,5,2.025548945807592,2026-08-14T00:31:14.737495
4771,6,1443.8090364676034,2026-08-14T00:31:14.737495
4772,7,67.22628329456938,2026-08-14T00:31:14.737495
4773,8,102.83678239001843,2026-08-14T00:31:14.737495
4774,9,68.54948986324126,2026-08-14T00:31:14.737495
4775,10,1.979146526057772,2026-08-14T00:31:14.737495
4776,11,1593.5611190737216,2026-08-14T00:31:14.737495
4777,15,70.65582476358888,2026-08-14T00:31:14.737495
4778,1,71.53375171245936,2026-08-14T00:31:16.743946
4779,2,2.116538533151435,2026-08-14T00:31:16.743946
4780,3,1445.2018879532343,2026-08-14T00:31:16.743946
4781,4,68.68826320626553,2026-08-14T00:31:16.743946
4782,5,1.8139891980993161,2026-08-14T00:31:16.743946
4783,6,1553.1321197118432,2026-08-14T00:31:16.743946
4784,9,79.55664512937389,2026-08-14T00:31:16.743946
4785,10,1.937426876691958,2026-08-14T00:31:16.743946
4786,11,1549.2129798099013,2026-08-14T00:31:16.743946
4787,15,69.21045811621919,2026-08-14T00:31:16.743946
4788,1,66.86618973783379,2026-08-14T00:31:18.750598
4789,2,2.1223249206165784,2026-08-14T00:31:18.750598
4790,3,1447.307038870688,2026-08-14T00:31:18.750598
4791,4,69.33668496650404,2026-08-14T00:31:18.750598
4792,5,2.000625916334929,2026-08-14T00:31:18.750598
4793,6,1546.6863181586227,2026-08-14T00:31:18.750598
4794,9,63.88760392040882,2026-08-14T00:31:18.750598
4795,10,1.9604296332569753,2026-08-14T00:31:18.750598
4796,11,1506.5977266717628,2026-08-14T00:31:18.750598
4797,15,66.79010407070508,2026-08-14T00:31:18.750598
4798,1,66.2424456338957,2026-08-14T00:31:20.758267
4799,2,1.9300391973490434,2026-08-14T00:31:20.758267
4800,3,1529.0481668753107,2026-08-14T00:31:20.758267
4801,4,66.34701873576387,2026-08-14T00:31:20.758267
4802,5,1.9749813862578958,2026-08-14T00:31:20.758267
4803,6,1544.490819167141,2026-08-14T00:31:20.758267
4804,9,68.53828066682726,2026-08-14T00:31:20.758267
4805,10,2.003701460325696,2026-08-14T00:31:20.758267
4806,11,1409.0209853142726,2026-08-14T00:31:20.758267
4807,15,66.89856777455142,2026-08-14T00:31:20.758267
4808,1,66.98464627318045,2026-08-14T00:31:22.777928
4809,2,2.0222356031760174,2026-08-14T00:31:22.777928
4810,3,1554.539912573908,2026-08-14T00:31:22.777928
4811,4,69.53676371788507,2026-08-14T00:31:22.777928
4812,5,2.0338220477056685,2026-08-14T00:31:22.777928
4813,6,1425.0398862579507,2026-08-14T00:31:22.777928
4814,9,72.145412608551,2026-08-14T00:31:22.777928
4815,10,1.9625319558402676,2026-08-14T00:31:22.777928
4816,11,1410.9311340607208,2026-08-14T00:31:22.777928
4817,15,63.103399535931274,2026-08-14T00:31:22.777928
4818,1,73.77918827173295,2026-08-14T00:31:24.798499
4819,2,1.9743292897467781,2026-08-14T00:31:24.798499
4820,3,1546.7225157266853,2026-08-14T00:31:24.798499
4821,4,70.83741245798626,2026-08-14T00:31:24.798499
4822,5,1.7975833995151875,2026-08-14T00:31:24.798499
4823,6,1530.0785345832448,2026-08-14T00:31:24.798499
4824,9,71.99235791180035,2026-08-14T00:31:24.798499
4825,10,1.926526033972736,2026-08-14T00:31:24.798499
4826,11,1471.7814679826267,2026-08-14T00:31:24.798499
4827,15,72.03430460441632,2026-08-14T00:31:24.798499
4828,1,69.66732601309371,2026-08-14T00:31:26.818339
4829,2,1.941668552509238,2026-08-14T00:31:26.818339
4830,3,1611.0077932993493,2026-08-14T00:31:26.818339
4831,4,70.45762287434911,2026-08-14T00:31:26.818339
4832,5,2.0791456594289506,2026-08-14T00:31:26.818339
4833,6,1557.8574797974002,2026-08-14T00:31:26.818339
4834,9,70.64834249566724,2026-08-14T00:31:26.818339
4835,10,1.813422641392327,2026-08-14T00:31:26.818339
4836,11,1584.0382386966164,2026-08-14T00:31:26.818339
4837,15,72.25297094528926,2026-08-14T00:31:26.818339
4838,1,69.20289759387704,2026-08-14T00:31:28.840415
4839,2,1.9993787752601424,2026-08-14T00:31:28.840415
4840,3,1455.6857771763753,2026-08-14T00:31:28.840415
4841,4,72.49818204096309,2026-08-14T00:31:28.840415
4842,5,2.0795976556968134,2026-08-14T00:31:28.840415
4843,6,1686.382012963154,2026-08-14T00:31:28.840415
4844,9,72.13811464258556,2026-08-14T00:31:28.840415
4845,10,2.038173332291481,2026-08-14T00:31:28.840415
4846,11,1580.0430993908917,2026-08-14T00:31:28.840415
4847,15,65.9462317193782,2026-08-14T00:31:28.840415
4848,1,69.08924907792064,2026-08-14T00:31:30.862203
4849,2,1.896724642265128,2026-08-14T00:31:30.862203
4850,3,1520.0433663680094,2026-08-14T00:31:30.862203
4851,4,70.93608816731435,2026-08-14T00:31:30.862203
4852,5,2.0161713389724785,2026-08-14T00:31:30.862203
4853,6,1437.34176264166,2026-08-14T00:31:30.862203
4854,9,69.19304533427835,2026-08-14T00:31:30.862203
4855,10,2.165254028524148,2026-08-14T00:31:30.862203
4856,11,1460.7084952343637,2026-08-14T00:31:30.862203
4857,15,68.40190944125314,2026-08-14T00:31:30.862203
4858,1,67.59209779942493,2026-08-14T00:31:32.868513
4859,2,1.9634717747380392,2026-08-14T00:31:32.868513
4860,3,1485.1189622016125,2026-08-14T00:31:32.868513
4861,4,70.30770426767951,2026-08-14T00:31:32.868513
4862,5,2.1955618534676407,2026-08-14T00:31:32.868513
4863,6,1547.9856112247983,2026-08-14T00:31:32.868513
4864,9,70.09908329778835,2026-08-14T00:31:32.868513
4865,10,1.87755608170682,2026-08-14T00:31:32.868513
4866,11,1488.435080516142,2026-08-14T00:31:32.868513
4867,15,75.25605117007723,2026-08-14T00:31:32.868513
4868,1,73.56070787526784,2026-08-14T00:31:34.875444
4869,2,1.8928326329989256,2026-08-14T00:31:34.875444
4870,3,1515.6777075532846,2026-08-14T00:31:34.875444
4871,4,72.23766862101641,2026-08-14T00:31:34.875444
4872,5,1.8722334913027965,2026-08-14T00:31:34.875444
4873,6,1524.487713219719,2026-08-14T00:31:34.875444
4874,7,71.34820663658074,2026-08-14T00:31:34.875444
4875,8,87.44615653320024,2026-08-14T00:31:34.875444
4876,9,73.42512560075518,2026-08-14T00:31:34.875444
4877,10,1.9974654315852787,2026-08-14T00:31:34.875444
4878,11,1492.2847570934186,2026-08-14T00:31:34.875444
4879,15,70.79949223025109,2026-08-14T00:31:34.875444
4880,1,78.87414324735273,2026-08-14T00:31:36.884104
4881,2,2.011942162653848,2026-08-14T00:31:36.884104
4882,3,1421.8763355691724,2026-08-14T00:31:36.884104
4883,4,75.00844444316337,2026-08-14T00:31:36.884104
4884,5,1.791796792695059,2026-08-14T00:31:36.884104
4885,6,1591.322125623185,2026-08-14T00:31:36.884104
4886,7,70.45555649199346,2026-08-14T00:31:36.884104
4887,8,98.44031199479886,2026-08-14T00:31:36.884104
4888,9,70.28978447898386,2026-08-14T00:31:36.884104
4889,10,2.153310697651673,2026-08-14T00:31:36.884104
4890,11,1508.9612833411584,2026-08-14T00:31:36.884104
4891,15,63.17031945347962,2026-08-14T00:31:36.884104
4892,1,73.4677936616906,2026-08-14T00:31:38.903602
4893,2,1.855179444997266,2026-08-14T00:31:38.903602
4894,3,1586.5849087743447,2026-08-14T00:31:38.903602
4895,4,71.88003447462685,2026-08-14T00:31:38.903602
4896,5,2.0941892879163304,2026-08-14T00:31:38.903602
4897,6,1579.9129930160072,2026-08-14T00:31:38.903602
4898,7,73.85359469168164,2026-08-14T00:31:38.903602
4899,8,101.99201478352852,2026-08-14T00:31:38.903602
4900,9,67.46506725410343,2026-08-14T00:31:38.903602
4901,10,1.9699622414287754,2026-08-14T00:31:38.903602
4902,11,1392.7912996372602,2026-08-14T00:31:38.903602
4903,15,69.80063047505728,2026-08-14T00:31:38.903602
4904,1,77.09305683169264,2026-08-14T00:31:40.910836
4905,2,2.0051756497659814,2026-08-14T00:31:40.910836
4906,3,1560.8648088045531,2026-08-14T00:31:40.910836
4907,4,73.04463990570719,2026-08-14T00:31:40.910836
4908,5,2.0777005188975273,2026-08-14T00:31:40.910836
4909,6,1528.9266553487946,2026-08-14T00:31:40.910836
4910,7,65.64450768018254,2026-08-14T00:31:40.910836
4911,8,105.53265324207345,2026-08-14T00:31:40.910836
4912,9,67.6269668798601,2026-08-14T00:31:40.910836
4913,10,2.2017226680460813,2026-08-14T00:31:40.910836
4914,11,1543.067007070158,2026-08-14T00:31:40.910836
4915,12,70.45329244116397,2026-08-14T00:31:40.910836
4916,13,1.965847954797773,2026-08-14T00:31:40.910836
4917,14,1451.0753228718838,2026-08-14T00:31:40.910836
4918,15,74.47468441348776,2026-08-14T00:31:40.910836
4919,1,65.43900667837549,2026-08-14T00:31:42.924021
4920,2,2.0090231708915214,2026-08-14T00:31:42.924021
4921,3,1470.0424106981561,2026-08-14T00:31:42.924021
4922,4,69.20293395936561,2026-08-14T00:31:42.924021
4923,5,2.0098298915286494,2026-08-14T00:31:42.924021
4924,6,1547.3894485827905,2026-08-14T00:31:42.924021
4925,7,66.52760744566132,2026-08-14T00:31:42.924021
4926,8,100.14088389946947,2026-08-14T00:31:42.924021
4927,9,76.65684726905566,2026-08-14T00:31:42.924021
4928,10,2.0444413786056055,2026-08-14T00:31:42.924021
4929,11,1540.7510140585882,2026-08-14T00:31:42.924021
4930,12,73.35137669239627,2026-08-14T00:31:42.924021
4931,13,2.0346851293358523,2026-08-14T00:31:42.924021
4932,14,1468.0580800009227,2026-08-14T00:31:42.924021
4933,15,70.06125156164808,2026-08-14T00:31:42.924021
4934,1,71.202449366903,2026-08-14T00:31:44.943070
4935,2,1.9812506278962536,2026-08-14T00:31:44.943070
4936,3,1480.0804836537902,2026-08-14T00:31:44.943070
4937,4,66.96058482802478,2026-08-14T00:31:44.943070
4938,5,1.9355190619147093,2026-08-14T00:31:44.943070
4939,6,1539.039514458739,2026-08-14T00:31:44.943070
4940,7,73.12790668670594,2026-08-14T00:31:44.943070
4941,8,95.23348391055633,2026-08-14T00:31:44.943070
4942,9,76.74471108230435,2026-08-14T00:31:44.943070
4943,10,2.0415561268697657,2026-08-14T00:31:44.943070
4944,11,1501.158442727019,2026-08-14T00:31:44.943070
4945,12,64.15089898450567,2026-08-14T00:31:44.943070
4946,13,1.9826349115515662,2026-08-14T00:31:44.943070
4947,14,1415.8525838775324,2026-08-14T00:31:44.943070
4948,15,76.79301823235176,2026-08-14T00:31:44.943070
4949,1,73.91952400102605,2026-08-14T00:31:46.964857
4950,2,1.9710614516273153,2026-08-14T00:31:46.964857
4951,3,1526.972776960001,2026-08-14T00:31:46.964857
4952,4,65.21194723457874,2026-08-14T00:31:46.964857
4953,5,2.171042808209724,2026-08-14T00:31:46.964857
4954,6,1576.026444510241,2026-08-14T00:31:46.964857
4955,7,72.37688314551542,2026-08-14T00:31:46.964857
4956,8,92.61558851016405,2026-08-14T00:31:46.964857
4957,9,71.722435783354,2026-08-14T00:31:46.964857
4958,10,1.9655040964531896,2026-08-14T00:31:46.964857
4959,11,1520.5627764421079,2026-08-14T00:31:46.964857
4960,12,68.87688675302564,2026-08-14T00:31:46.964857
4961,13,1.9240680151362946,2026-08-14T00:31:46.964857
4962,14,1440.0900446170517,2026-08-14T00:31:46.964857
4963,15,65.85884488712016,2026-08-14T00:31:46.964857
4964,1,69.25572014841413,2026-08-14T00:31:48.985085
4965,2,2.057296205273417,2026-08-14T00:31:48.985085
4966,3,1603.4746714665023,2026-08-14T00:31:48.985085
4967,4,68.31543118974437,2026-08-14T00:31:48.985085
4968,5,2.0010843838383123,2026-08-14T00:31:48.985085
4969,6,1565.0437936736678,2026-08-14T00:31:48.985085
4970,7,71.26616028129578,2026-08-14T00:31:48.985085
4971,8,103.16687808147076,2026-08-14T00:31:48.985085
4972,9,70.14892330157798,2026-08-14T00:31:48.985085
4973,10,2.108710065752957,2026-08-14T00:31:48.985085
4974,11,1582.6143512347649,2026-08-14T00:31:48.985085
4975,12,70.94174082047365,2026-08-14T00:31:48.985085
4976,13,2.1312390347692487,2026-08-14T00:31:48.985085
4977,14,1534.5958820368676,2026-08-14T00:31:48.985085
4978,15,70.24956722230826,2026-08-14T00:31:48.985085
4979,1,65.54354227601064,2026-08-14T00:31:51.005658
4980,2,1.9873044165114482,2026-08-14T00:31:51.005658
4981,3,1516.4624583707973,2026-08-14T00:31:51.005658
4982,7,74.49327977599413,2026-08-14T00:31:51.005658
4983,8,98.26254298399736,2026-08-14T00:31:51.005658
4984,9,68.35687050417751,2026-08-14T00:31:51.005658
4985,10,2.0403377799655003,2026-08-14T00:31:51.005658
4986,11,1603.482155486277,2026-08-14T00:31:51.005658
4987,12,64.05691170389377,2026-08-14T00:31:51.005658
4988,13,2.118985787516354,2026-08-14T00:31:51.005658
4989,14,1515.3834788039687,2026-08-14T00:31:51.005658
4990,15,73.88919642172172,2026-08-14T00:31:51.005658
4991,1,74.99177753900138,2026-08-14T00:31:53.029051
4992,2,1.8868931725205613,2026-08-14T00:31:53.029051
4993,3,1468.744141566347,2026-08-14T00:31:53.029051
4994,7,67.68988538392702,2026-08-14T00:31:53.029051
4995,8,100.72584248276337,2026-08-14T00:31:53.029051
4996,9,72.09548866604032,2026-08-14T00:31:53.029051
4997,10,1.853863282744563,2026-08-14T00:31:53.029051
4998,11,1490.24941053695,2026-08-14T00:31:53.029051
4999,12,75.35986608016219,2026-08-14T00:31:53.029051
5000,13,2.1462405701451566,2026-08-14T00:31:53.029051
5001,14,1682.3870700665707,2026-08-14T00:31:53.029051
5002,15,71.95901688930728,2026-08-14T00:31:53.029051
5003,1,71.39143270358689,2026-08-14T00:31:55.035678
5004,2,2.2519987869533766,2026-08-14T00:31:55.035678
5005,3,1557.8100115624238,2026-08-14T00:31:55.035678
5006,7,68.37806719746555,2026-08-14T00:31:55.035678
5007,8,94.36879334520897,2026-08-14T00:31:55.035678
5008,9,71.47141612738332,2026-08-14T00:31:55.035678
5009,10,1.9875729754338622,2026-08-14T00:31:55.035678
5010,11,1385.6936564987056,2026-08-14T00:31:55.035678
5011,12,69.39177860307468,2026-08-14T00:31:55.035678
5012,13,1.9829639333616456,2026-08-14T00:31:55.035678
5013,14,1545.356424248295,2026-08-14T00:31:55.035678
5014,15,74.12609843493121,2026-08-14T00:31:55.035678
5015,1,73.15562500057253,2026-08-14T00:31:57.057215
5016,2,1.8276395162053571,2026-08-14T00:31:57.057215
5017,3,1294.331816745492,2026-08-14T00:31:57.057215
5018,7,70.5287444204214,2026-08-14T00:31:57.057215
5019,8,104.68962653930241,2026-08-14T00:31:57.057215
5020,12,68.09329680903991,2026-08-14T00:31:57.057215
5021,13,2.072747482267851,2026-08-14T00:31:57.057215
5022,14,1475.046548353071,2026-08-14T00:31:57.057215
5023,15,69.3478183429674,2026-08-14T00:31:57.057215
5024,1,72.3036097651304,2026-08-14T00:31:59.084634
5025,2,2.087575197007817,2026-08-14T00:31:59.084634
5026,3,1628.1127614327395,2026-08-14T00:31:59.084634
5027,4,71.36037768809086,2026-08-14T00:31:59.084634
5028,5,2.20498658141327,2026-08-14T00:31:59.084634
5029,6,1557.2896008581765,2026-08-14T00:31:59.084634
5030,7,69.52133431085018,2026-08-14T00:31:59.084634
5031,8,94.9429665800331,2026-08-14T00:31:59.084634
5032,12,68.42953510011468,2026-08-14T00:31:59.084634
5033,13,1.7336149760768205,2026-08-14T00:31:59.084634
5034,14,1552.4761372465648,2026-08-14T00:31:59.084634
5035,1,74.1323567755576,2026-08-14T00:32:01.104422
5036,2,2.104978996217136,2026-08-14T00:32:01.104422
5037,3,1561.311942743893,2026-08-14T00:32:01.104422
5038,4,69.90645126666334,2026-08-14T00:32:01.104422
5039,5,2.178326059918737,2026-08-14T00:32:01.104422
5040,6,1443.910061917853,2026-08-14T00:32:01.104422
5041,7,65.78564316393029,2026-08-14T00:32:01.104422
5042,8,99.17035017567876,2026-08-14T00:32:01.104422
5043,12,72.02330855877122,2026-08-14T00:32:01.104422
5044,13,1.876001693471629,2026-08-14T00:32:01.104422
5045,14,1396.070311341288,2026-08-14T00:32:01.104422
5046,1,67.33979069835097,2026-08-14T00:32:03.125826
5047,2,1.9459763578150302,2026-08-14T00:32:03.125826
5048,3,1577.9393555721738,2026-08-14T00:32:03.125826
5049,4,69.40597746226615,2026-08-14T00:32:03.125826
5050,5,2.2191357879500755,2026-08-14T00:32:03.125826
5051,6,1474.6699435676196,2026-08-14T00:32:03.125826
5052,7,69.6753781230036,2026-08-14T00:32:03.125826
5053,8,110.39223494817185,2026-08-14T00:32:03.125826
5054,12,71.6464426703709,2026-08-14T00:32:03.125826
5055,13,1.9250894255319486,2026-08-14T00:32:03.125826
5056,14,1586.5183284615323,2026-08-14T00:32:03.125826
5057,1,71.9377738105688,2026-08-14T00:32:05.153088
5058,2,1.7810585675795805,2026-08-14T00:32:05.153088
5059,3,1511.577530191334,2026-08-14T00:32:05.153088
5060,4,70.28359912510358,2026-08-14T00:32:05.153088
5061,5,1.832135481175436,2026-08-14T00:32:05.153088
5062,6,1494.4872212539622,2026-08-14T00:32:05.153088
5063,7,70.21388547722442,2026-08-14T00:32:05.153088
5064,8,105.99557508275437,2026-08-14T00:32:05.153088
5065,12,66.92326168147939,2026-08-14T00:32:05.153088
5066,13,2.0343786649478117,2026-08-14T00:32:05.153088
5067,14,1379.0865477300956,2026-08-14T00:32:05.153088
5068,1,78.8461858050419,2026-08-14T00:32:07.161899
5069,2,2.1923644849246444,2026-08-14T00:32:07.161899
5070,3,1430.2600964535513,2026-08-14T00:32:07.161899
5071,4,73.89849246253615,2026-08-14T00:32:07.161899
5072,5,1.9862511359735402,2026-08-14T00:32:07.161899
5073,6,1651.3562107336322,2026-08-14T00:32:07.161899
5074,7,66.83079888166928,2026-08-14T00:32:07.161899
5075,8,94.83785481445423,2026-08-14T00:32:07.161899
5076,12,70.01533456910705,2026-08-14T00:32:07.161899
5077,13,2.080678372219214,2026-08-14T00:32:07.161899
5078,14,1406.4982413718653,2026-08-14T00:32:07.161899
5079,15,74.63401117270335,2026-08-14T00:32:07.161899
5080,1,75.52845732397,2026-08-14T00:32:09.182134
5081,2,2.104243326244757,2026-08-14T00:32:09.182134
5082,3,1552.047184189257,2026-08-14T00:32:09.182134
5083,4,72.06498552303738,2026-08-14T00:32:09.182134
5084,5,1.9610289379390136,2026-08-14T00:32:09.182134
5085,6,1554.2760181586243,2026-08-14T00:32:09.182134
5086,7,70.04108607698596,2026-08-14T00:32:09.182134
5087,8,91.31171626384614,2026-08-14T00:32:09.182134
5088,12,66.75971721239894,2026-08-14T00:32:09.182134
5089,13,2.2194515352408177,2026-08-14T00:32:09.182134
5090,14,1476.1348121469803,2026-08-14T00:32:09.182134
5091,15,63.873238147845775,2026-08-14T00:32:09.182134
5092,1,64.6824150697478,2026-08-14T00:32:11.193324
5093,2,1.9749338941717671,2026-08-14T00:32:11.193324
5094,3,1488.2095372658018,2026-08-14T00:32:11.193324
5095,4,76.21215060744586,2026-08-14T00:32:11.193324
5096,5,2.0139794431892333,2026-08-14T00:32:11.193324
5097,6,1512.6774199492238,2026-08-14T00:32:11.193324
5098,7,67.39510719914966,2026-08-14T00:32:11.193324
5099,8,114.06612554184072,2026-08-14T00:32:11.193324
5100,12,66.4269154996242,2026-08-14T00:32:11.193324
5101,13,1.9822924177494465,2026-08-14T00:32:11.193324
5102,14,1636.8025654118146,2026-08-14T00:32:11.193324
5103,15,75.32947254411978,2026-08-14T00:32:11.193324
5104,1,71.19707532403135,2026-08-14T00:32:13.215832
5105,2,1.9128748439165641,2026-08-14T00:32:13.215832
5106,3,1528.4086471859778,2026-08-14T00:32:13.215832
5107,4,70.64521325506675,2026-08-14T00:32:13.215832
5108,5,1.787889663971262,2026-08-14T00:32:13.215832
5109,6,1592.8239483850066,2026-08-14T00:32:13.215832
5110,7,66.46068594938023,2026-08-14T00:32:13.215832
5111,8,107.64473932289364,2026-08-14T00:32:13.215832
5112,9,66.29838163897344,2026-08-14T00:32:13.215832
5113,10,1.883529924084549,2026-08-14T00:32:13.215832
5114,11,1462.7899256652079,2026-08-14T00:32:13.215832
5115,12,68.95350346796867,2026-08-14T00:32:13.215832
5116,13,1.925584347372441,2026-08-14T00:32:13.215832
5117,14,1440.606633476612,2026-08-14T00:32:13.215832
5118,15,69.34352975660775,2026-08-14T00:32:13.215832
5119,1,69.23865053915053,2026-08-14T00:32:15.243984
5120,2,1.94560328214553,2026-08-14T00:32:15.243984
5121,3,1583.5678369418504,2026-08-14T00:32:15.243984
5122,4,69.8451234472851,2026-08-14T00:32:15.243984
5123,5,1.962155965210702,2026-08-14T00:32:15.243984
5124,6,1414.3490364468178,2026-08-14T00:32:15.243984
5125,7,64.2976026850371,2026-08-14T00:32:15.243984
5126,8,101.9504086237894,2026-08-14T00:32:15.243984
5127,9,72.80060810635248,2026-08-14T00:32:15.243984
5128,10,2.07348432153131,2026-08-14T00:32:15.243984
5129,11,1584.4074555576954,2026-08-14T00:32:15.243984
5130,12,65.65063049339886,2026-08-14T00:32:15.243984
5131,13,2.018937509086142,2026-08-14T00:32:15.243984
5132,14,1468.424548028398,2026-08-14T00:32:15.243984
5133,15,76.32592516521676,2026-08-14T00:32:15.243984
5134,4,69.17470965408992,2026-08-14T00:32:17.264742
5135,5,1.9962192398302616,2026-08-14T00:32:17.264742
5136,6,1537.1494695435686,2026-08-14T00:32:17.264742
5137,7,72.12260990433934,2026-08-14T00:32:17.264742
5138,8,93.22006619152124,2026-08-14T00:32:17.264742
5139,9,71.28575768708995,2026-08-14T00:32:17.264742
5140,10,2.0812776783708884,2026-08-14T00:32:17.264742
5141,11,1434.1712109962846,2026-08-14T00:32:17.264742
5142,12,69.46831079446662,2026-08-14T00:32:17.264742
5143,13,1.960676073984121,2026-08-14T00:32:17.264742
5144,14,1551.840531418266,2026-08-14T00:32:17.264742
5145,15,70.17691964139149,2026-08-14T00:32:17.264742
5146,4,69.04646639433264,2026-08-14T00:32:19.270884
5147,5,2.0563150423480896,2026-08-14T00:32:19.270884
5148,6,1541.7406870609393,2026-08-14T00:32:19.270884
5149,7,67.48330360666067,2026-08-14T00:32:19.270884
5150,8,99.97336913203198,2026-08-14T00:32:19.270884
5151,9,63.29915082035002,2026-08-14T00:32:19.270884
5152,10,2.1413516902850755,2026-08-14T00:32:19.270884
5153,11,1445.3598610857314,2026-08-14T00:32:19.270884
5154,12,72.36468197388675,2026-08-14T00:32:19.270884
5155,13,1.8646593505512226,2026-08-14T00:32:19.270884
5156,14,1466.2649446384044,2026-08-14T00:32:19.270884
5157,15,63.58191879987278,2026-08-14T00:32:19.270884
5158,4,71.91226204811012,2026-08-14T00:32:21.276568
5159,5,1.8134052559783211,2026-08-14T00:32:21.276568
5160,6,1583.1639464635987,2026-08-14T00:32:21.276568
5161,7,68.3759957949223,2026-08-14T00:32:21.276568
5162,8,102.090020084147,2026-08-14T00:32:21.276568
5163,9,63.15713061400634,2026-08-14T00:32:21.276568
5164,10,2.0043591293458403,2026-08-14T00:32:21.276568
5165,11,1528.95309323699,2026-08-14T00:32:21.276568
5166,12,73.9747721401293,2026-08-14T00:32:21.276568
5167,13,2.0663844792200927,2026-08-14T00:32:21.276568
5168,14,1564.0422573222386,2026-08-14T00:32:21.276568
5169,15,72.05404845101984,2026-08-14T00:32:21.276568
5170,4,73.81300584772895,2026-08-14T00:32:23.294890
5171,5,2.0602856905233184,2026-08-14T00:32:23.294890
5172,6,1417.7598953473087,2026-08-14T00:32:23.294890
5173,7,66.94304464076487,2026-08-14T00:32:23.294890
5174,8,105.80809785462489,2026-08-14T00:32:23.294890
5175,9,72.01939780673295,2026-08-14T00:32:23.294890
5176,10,2.1889018271018648,2026-08-14T00:32:23.294890
5177,11,1423.1539435803745,2026-08-14T00:32:23.294890
5178,12,67.9019548690513,2026-08-14T00:32:23.294890
5179,13,2.016724884204345,2026-08-14T00:32:23.294890
5180,14,1513.738481253556,2026-08-14T00:32:23.294890
5181,15,72.09652782252869,2026-08-14T00:32:23.294890
5182,4,72.25072269453851,2026-08-14T00:32:25.321670
5183,5,1.8972208528945287,2026-08-14T00:32:25.321670
5184,6,1556.3074796817257,2026-08-14T00:32:25.321670
5185,7,72.35955098076785,2026-08-14T00:32:25.321670
5186,8,100.36611837410788,2026-08-14T00:32:25.321670
5187,9,66.51284874672412,2026-08-14T00:32:25.321670
5188,10,2.128095137158377,2026-08-14T00:32:25.321670
5189,11,1439.1169314765764,2026-08-14T00:32:25.321670
5190,12,73.90000793314147,2026-08-14T00:32:25.321670
5191,13,1.930389197130903,2026-08-14T00:32:25.321670
5192,14,1400.2232081006493,2026-08-14T00:32:25.321670
5193,15,71.45233002565189,2026-08-14T00:32:25.321670
5194,4,71.32107137354424,2026-08-14T00:32:27.333614
5195,5,2.1387520969926563,2026-08-14T00:32:27.333614
5196,6,1444.5140290855938,2026-08-14T00:32:27.333614
5197,7,73.62889188557293,2026-08-14T00:32:27.333614
5198,8,99.11675472466362,2026-08-14T00:32:27.333614
5199,9,66.89465865314737,2026-08-14T00:32:27.333614
5200,10,2.1075258535383545,2026-08-14T00:32:27.333614
5201,11,1554.2343197860203,2026-08-14T00:32:27.333614
5202,12,64.2018584149818,2026-08-14T00:32:27.333614
5203,13,2.070467009630754,2026-08-14T00:32:27.333614
5204,14,1496.3534382104967,2026-08-14T00:32:27.333614
5205,15,71.55490431594781,2026-08-14T00:32:27.333614
5206,1,72.71236174152982,2026-08-14T00:32:29.361516
5207,2,1.8404304823114215,2026-08-14T00:32:29.361516
5208,3,1464.558988992532,2026-08-14T00:32:29.361516
5209,4,73.63507902401244,2026-08-14T00:32:29.361516
5210,5,2.0810101284097513,2026-08-14T00:32:29.361516
5211,6,1591.5804155791157,2026-08-14T00:32:29.361516
5212,7,64.4344121848103,2026-08-14T00:32:29.361516
5213,8,94.02568737792745,2026-08-14T00:32:29.361516
5214,9,69.78601329622666,2026-08-14T00:32:29.361516
5215,10,2.035944479491667,2026-08-14T00:32:29.361516
5216,11,1464.8395111049758,2026-08-14T00:32:29.361516
5217,12,64.82843994938693,2026-08-14T00:32:29.361516
5218,13,1.940872394293058,2026-08-14T00:32:29.361516
5219,14,1568.1647878577912,2026-08-14T00:32:29.361516
5220,15,70.73590589678297,2026-08-14T00:32:29.361516
5221,1,71.94304694905755,2026-08-14T00:32:31.374408
5222,2,2.143997429827397,2026-08-14T00:32:31.374408
5223,3,1504.6052399497064,2026-08-14T00:32:31.374408
5224,4,77.7967370549054,2026-08-14T00:32:31.374408
5225,5,2.1413875293147955,2026-08-14T00:32:31.374408
5226,6,1494.3617013146818,2026-08-14T00:32:31.374408
5227,7,66.65114180128074,2026-08-14T00:32:31.374408
5228,8,97.55276585303095,2026-08-14T00:32:31.374408
5229,9,64.8365647112271,2026-08-14T00:32:31.374408
5230,10,2.1595689415542827,2026-08-14T00:32:31.374408
5231,11,1547.3157179195327,2026-08-14T00:32:31.374408
5232,12,67.62048342270533,2026-08-14T00:32:31.374408
5233,13,2.014228647526379,2026-08-14T00:32:31.374408
5234,14,1527.5732808926061,2026-08-14T00:32:31.374408
5235,15,65.20593962931059,2026-08-14T00:32:31.374408
5236,1,74.79400323097964,2026-08-14T00:32:33.396968
5237,2,2.0424482386681007,2026-08-14T00:32:33.396968
5238,3,1446.4957391075623,2026-08-14T00:32:33.396968
5239,4,65.08886936655615,2026-08-14T00:32:33.396968
5240,5,1.9836156768746005,2026-08-14T00:32:33.396968
5241,6,1417.1532508831501,2026-08-14T00:32:33.396968
5242,7,72.23340979404384,2026-08-14T00:32:33.396968
5243,8,101.6173374003912,2026-08-14T00:32:33.396968
5244,9,68.70173818299146,2026-08-14T00:32:33.396968
5245,10,1.9927304305397475,2026-08-14T00:32:33.396968
5246,11,1421.9206935747725,2026-08-14T00:32:33.396968
5247,12,78.1643411496455,2026-08-14T00:32:33.396968
5248,13,2.048235071110776,2026-08-14T00:32:33.396968
5249,14,1449.291678689219,2026-08-14T00:32:33.396968
5250,15,67.56162237719063,2026-08-14T00:32:33.396968
5251,1,66.1823531094724,2026-08-14T00:32:35.430269
5252,2,1.8420448656398816,2026-08-14T00:32:35.430269
5253,3,1474.245801340308,2026-08-14T00:32:35.430269
5254,4,75.33164001154996,2026-08-14T00:32:35.430269
5255,5,1.890701088214662,2026-08-14T00:32:35.430269
5256,6,1278.217395674995,2026-08-14T00:32:35.430269
5257,7,67.93073073422181,2026-08-14T00:32:35.430269
5258,8,104.18286744313407,2026-08-14T00:32:35.430269
5259,9,71.04166713034918,2026-08-14T00:32:35.430269
5260,10,1.888106703150062,2026-08-14T00:32:35.430269
5261,11,1596.8942084787107,2026-08-14T00:32:35.430269
5262,12,70.1710572100757,2026-08-14T00:32:35.430269
5263,13,2.177034904903436,2026-08-14T00:32:35.430269
5264,14,1455.5305492153782,2026-08-14T00:32:35.430269
5265,15,70.69606508151507,2026-08-14T00:32:35.430269
5266,1,76.22556072141481,2026-08-14T00:32:37.469034
5267,2,2.1776389231301834,2026-08-14T00:32:37.469034
5268,3,1459.9136336526724,2026-08-14T00:32:37.469034
5269,4,67.68230025048267,2026-08-14T00:32:37.469034
5270,5,2.059337763002556,2026-08-14T00:32:37.469034
5271,6,1492.80104299323,2026-08-14T00:32:37.469034
5272,7,67.67382359648799,2026-08-14T00:32:37.469034
5273,8,95.81840220017178,2026-08-14T00:32:37.469034
5274,9,67.5471583933959,2026-08-14T00:32:37.469034
5275,10,2.135749083944649,2026-08-14T00:32:37.469034
5276,11,1364.1864427619087,2026-08-14T00:32:37.469034
5277,12,67.43382943188536,2026-08-14T00:32:37.469034
5278,13,2.0313266051935432,2026-08-14T00:32:37.469034
5279,14,1446.1058609043866,2026-08-14T00:32:37.469034
5280,15,72.94607819833733,2026-08-14T00:32:37.469034
5281,1,64.0620134157205,2026-08-14T00:32:39.496289
5282,2,2.2049162846882107,2026-08-14T00:32:39.496289
5283,3,1422.387848899677,2026-08-14T00:32:39.496289
5284,4,68.73798458264989,2026-08-14T00:32:39.496289
5285,5,1.8700872311521328,2026-08-14T00:32:39.496289
5286,6,1515.808559590903,2026-08-14T00:32:39.496289
5287,7,68.46218211640465,2026-08-14T00:32:39.496289
5288,8,103.88198588611014,2026-08-14T00:32:39.496289
5289,9,73.62898124780762,2026-08-14T00:32:39.496289
5290,10,1.947297970699897,2026-08-14T00:32:39.496289
5291,11,1463.1175341609085,2026-08-14T00:32:39.496289
5292,12,72.12131629897725,2026-08-14T00:32:39.496289
5293,13,2.0854343902070926,2026-08-14T00:32:39.496289
5294,14,1434.330945054618,2026-08-14T00:32:39.496289
5295,15,79.40902308440494,2026-08-14T00:32:39.496289
5296,1,66.94698690805816,2026-08-14T00:32:41.525837
5297,2,1.9952019424292413,2026-08-14T00:32:41.525837
5298,3,1484.9549231660815,2026-08-14T00:32:41.525837
5299,4,66.95680904543111,2026-08-14T00:32:41.525837
5300,5,2.014658904144163,2026-08-14T00:32:41.525837
5301,6,1510.523899296345,2026-08-14T00:32:41.525837
5302,9,70.49115722837105,2026-08-14T00:32:41.525837
5303,10,1.9880295242656358,2026-08-14T00:32:41.525837
5304,11,1418.1306579834716,2026-08-14T00:32:41.525837
5305,12,70.01142719398732,2026-08-14T00:32:41.525837
5306,13,1.9486174698417595,2026-08-14T00:32:41.525837
5307,14,1445.2462698124884,2026-08-14T00:32:41.525837
5308,15,66.64187707629408,2026-08-14T00:32:41.525837
5309,1,64.4942841949069,2026-08-14T00:32:43.559022
5310,2,1.9426996049203527,2026-08-14T00:32:43.559022
5311,3,1385.5467559510182,2026-08-14T00:32:43.559022
5312,4,67.82734369235213,2026-08-14T00:32:43.559022
5313,5,2.0234268558047255,2026-08-14T00:32:43.559022
5314,6,1530.7393483001433,2026-08-14T00:32:43.559022
5315,9,66.00114000428536,2026-08-14T00:32:43.559022
5316,10,2.032154516168903,2026-08-14T00:32:43.559022
5317,11,1513.355470309785,2026-08-14T00:32:43.559022
5318,12,68.43589240991382,2026-08-14T00:32:43.559022
5319,13,2.0175540747028435,2026-08-14T00:32:43.559022
5320,14,1456.71492294896,2026-08-14T00:32:43.559022
5321,15,73.226021588237,2026-08-14T00:32:43.559022
5322,1,70.13073550703203,2026-08-14T00:32:45.592584
5323,2,1.9174622896147984,2026-08-14T00:32:45.592584
5324,3,1392.169929882621,2026-08-14T00:32:45.592584
5325,4,64.75381643330194,2026-08-14T00:32:45.592584
5326,5,1.942159869529025,2026-08-14T00:32:45.592584
5327,6,1457.1403885065718,2026-08-14T00:32:45.592584
5328,9,63.067178881029385,2026-08-14T00:32:45.592584
5329,10,2.0335631428489536,2026-08-14T00:32:45.592584
5330,11,1437.4586610330864,2026-08-14T00:32:45.592584
5331,12,66.04771585070979,2026-08-14T00:32:45.592584
5332,13,2.0319893054987,2026-08-14T00:32:45.592584
5333,14,1624.2190580226024,2026-08-14T00:32:45.592584
5334,15,67.23799629049549,2026-08-14T00:32:45.592584
5335,1,68.2376428487606,2026-08-14T00:32:47.600954
5336,2,2.0436504936758135,2026-08-14T00:32:47.600954
5337,3,1503.5436666652524,2026-08-14T00:32:47.600954
5338,4,68.26582583940208,2026-08-14T00:32:47.600954
5339,5,1.8476664382256267,2026-08-14T00:32:47.600954
5340,6,1398.862274153239,2026-08-14T00:32:47.600954
5341,7,69.34464980674286,2026-08-14T00:32:47.600954
5342,8,106.61966540109711,2026-08-14T00:32:47.600954
5343,9,69.08637934692571,2026-08-14T00:32:47.600954
5344,10,2.049413544515763,2026-08-14T00:32:47.600954
5345,11,1510.576736937012,2026-08-14T00:32:47.600954
5346,12,67.2440440043806,2026-08-14T00:32:47.600954
5347,13,1.9968087589708607,2026-08-14T00:32:47.600954
5348,14,1596.0182008970082,2026-08-14T00:32:47.600954
5349,15,71.0753363740504,2026-08-14T00:32:47.600954
5350,1,71.92526735243214,2026-08-14T00:32:49.638656
5351,2,1.874176394088826,2026-08-14T00:32:49.638656
5352,3,1564.2650447368205,2026-08-14T00:32:49.638656
5353,4,67.0909001928622,2026-08-14T00:32:49.638656
5354,5,1.9737682022427205,2026-08-14T00:32:49.638656
5355,6,1556.5923388929734,2026-08-14T00:32:49.638656
5356,7,71.22604107284576,2026-08-14T00:32:49.638656
5357,8,103.35840295217113,2026-08-14T00:32:49.638656
5358,9,69.6742821359812,2026-08-14T00:32:49.638656
5359,10,2.1377675747507427,2026-08-14T00:32:49.638656
5360,11,1504.4690487531109,2026-08-14T00:32:49.638656
5361,12,73.8051138823209,2026-08-14T00:32:49.638656
5362,13,1.9983766107959138,2026-08-14T00:32:49.638656
5363,14,1593.151471818611,2026-08-14T00:32:49.638656
5364,15,72.22784800324528,2026-08-14T00:32:49.638656
5365,1,69.05451048875717,2026-08-14T00:32:51.672393
5366,2,1.9931462759955798,2026-08-14T00:32:51.672393
5367,3,1511.032308657592,2026-08-14T00:32:51.672393
5368,4,65.88814779851155,2026-08-14T00:32:51.672393
5369,5,1.8228889767790661,2026-08-14T00:32:51.672393
5370,6,1458.0796230914289,2026-08-14T00:32:51.672393
5371,7,67.09909692158088,2026-08-14T00:32:51.672393
5372,8,98.20653280256028,2026-08-14T00:32:51.672393
5373,9,68.51494187522466,2026-08-14T00:32:51.672393
5374,10,2.0361112172332567,2026-08-14T00:32:51.672393
5375,11,1393.4610912091496,2026-08-14T00:32:51.672393
5376,12,68.19421503325542,2026-08-14T00:32:51.672393
5377,13,2.0871860768439414,2026-08-14T00:32:51.672393
5378,14,1403.3793506859527,2026-08-14T00:32:51.672393
5379,15,65.79588275606555,2026-08-14T00:32:51.672393
5380,1,64.00216361020425,2026-08-14T00:32:53.691776
5381,2,1.9968505927588496,2026-08-14T00:32:53.691776
5382,3,1469.5337527083059,2026-08-14T00:32:53.691776
5383,4,68.47649775506054,2026-08-14T00:32:53.691776
5384,5,2.0288425058277353,2026-08-14T00:32:53.691776
5385,6,1508.414943257383,2026-08-14T00:32:53.691776
5386,7,76.79803701930672,2026-08-14T00:32:53.691776
5387,8,90.46859548001402,2026-08-14T00:32:53.691776
5388,9,73.59151633190038,2026-08-14T00:32:53.691776
5389,10,2.0127801314024487,2026-08-14T00:32:53.691776
5390,11,1434.358547886179,2026-08-14T00:32:53.691776
5391,12,76.30243136954122,2026-08-14T00:32:53.691776
5392,13,2.056721020194876,2026-08-14T00:32:53.691776
5393,14,1470.553098173543,2026-08-14T00:32:53.691776
5394,15,66.41647135324143,2026-08-14T00:32:53.691776
5395,1,69.2079847791625,2026-08-14T00:32:55.711075
5396,2,2.065690304438474,2026-08-14T00:32:55.711075
5397,3,1343.7302876740819,2026-08-14T00:32:55.711075
5398,4,75.12262113160733,2026-08-14T00:32:55.711075
5399,5,1.9685020306543461,2026-08-14T00:32:55.711075
5400,6,1634.573438724268,2026-08-14T00:32:55.711075
5401,7,71.74654821058755,2026-08-14T00:32:55.711075
5402,8,102.01324213113318,2026-08-14T00:32:55.711075
5403,9,73.15548567974909,2026-08-14T00:32:55.711075
5404,10,2.031944589977263,2026-08-14T00:32:55.711075
5405,11,1479.7015223044555,2026-08-14T00:32:55.711075
5406,12,68.34152277269841,2026-08-14T00:32:55.711075
5407,13,2.045631707321792,2026-08-14T00:32:55.711075
5408,14,1614.6045638399612,2026-08-14T00:32:55.711075
5409,15,70.29696522219967,2026-08-14T00:32:55.711075
5410,1,61.5461527503839,2026-08-14T00:32:57.730876
5411,2,1.8026624712276564,2026-08-14T00:32:57.730876
5412,3,1520.8483872661823,2026-08-14T00:32:57.730876
5413,4,69.62595539546744,2026-08-14T00:32:57.730876
5414,5,2.0052361342857217,2026-08-14T00:32:57.730876
5415,6,1517.610411326904,2026-08-14T00:32:57.730876
5416,7,68.79757244252767,2026-08-14T00:32:57.730876
5417,8,94.98750912976857,2026-08-14T00:32:57.730876
5418,9,75.2552747867182,2026-08-14T00:32:57.730876
5419,10,1.8341174197966483,2026-08-14T00:32:57.730876
5420,11,1547.8691139908067,2026-08-14T00:32:57.730876
5421,12,72.12996788485526,2026-08-14T00:32:57.730876
5422,13,2.030537586015715,2026-08-14T00:32:57.730876
5423,14,1518.980951806658,2026-08-14T00:32:57.730876
5424,15,71.11244486811769,2026-08-14T00:32:57.730876
5425,1,71.24439585059235,2026-08-14T00:32:59.751677
5426,2,1.9459169123727815,2026-08-14T00:32:59.751677
5427,3,1568.5873806183333,2026-08-14T00:32:59.751677
5428,4,68.28074461139057,2026-08-14T00:32:59.751677
5429,5,2.0865703036217846,2026-08-14T00:32:59.751677
5430,6,1594.2730175538643,2026-08-14T00:32:59.751677
5431,7,63.940863780822674,2026-08-14T00:32:59.751677
5432,8,100.80029388196499,2026-08-14T00:32:59.751677
5433,9,63.61256978544437,2026-08-14T00:32:59.751677
5434,10,1.9099076660636352,2026-08-14T00:32:59.751677
5435,11,1485.4373546421275,2026-08-14T00:32:59.751677
5436,15,68.16748422576673,2026-08-14T00:32:59.751677
5437,1,70.63217490251498,2026-08-14T00:33:01.772444
5438,2,1.9679016266949212,2026-08-14T00:33:01.772444
5439,3,1513.2722576415083,2026-08-14T00:33:01.772444
5440,4,71.79029846060274,2026-08-14T00:33:01.772444
5441,5,2.025823482282085,2026-08-14T00:33:01.772444
5442,6,1540.3760154006807,2026-08-14T00:33:01.772444
5443,7,75.82581275303549,2026-08-14T00:33:01.772444
5444,8,99.50872609110672,2026-08-14T00:33:01.772444
5445,9,75.15049425546306,2026-08-14T00:33:01.772444
5446,10,1.927616134013683,2026-08-14T00:33:01.772444
5447,11,1530.7110306607797,2026-08-14T00:33:01.772444
5448,15,63.600515852534734,2026-08-14T00:33:01.772444
5449,1,77.63212934286584,2026-08-14T00:33:03.778888
5450,2,2.051852548254502,2026-08-14T00:33:03.778888
5451,3,1501.536285233956,2026-08-14T00:33:03.778888
5452,4,63.28019681505747,2026-08-14T00:33:03.778888
5453,5,1.9688730923568265,2026-08-14T00:33:03.778888
5454,6,1513.014374051716,2026-08-14T00:33:03.778888
5455,7,70.24194883433832,2026-08-14T00:33:03.778888
5456,8,99.8739231940562,2026-08-14T00:33:03.778888
5457,9,74.7576746494218,2026-08-14T00:33:03.778888
5458,10,2.1789195865464146,2026-08-14T00:33:03.778888
5459,11,1685.4301606751453,2026-08-14T00:33:03.778888
5460,15,70.04690522823154,2026-08-14T00:33:03.778888
5461,1,71.51227240734859,2026-08-14T00:33:05.799490
5462,2,2.1707398167117242,2026-08-14T00:33:05.799490
5463,3,1497.8451434275287,2026-08-14T00:33:05.799490
5464,4,71.03119174613288,2026-08-14T00:33:05.799490
5465,5,1.9285587185074415,2026-08-14T00:33:05.799490
5466,6,1432.9586556874262,2026-08-14T00:33:05.799490
5467,7,75.25100208264016,2026-08-14T00:33:05.799490
5468,8,99.01565047308597,2026-08-14T00:33:05.799490
5469,9,75.3274934491033,2026-08-14T00:33:05.799490
5470,10,1.913858521546253,2026-08-14T00:33:05.799490
5471,11,1620.9223598263468,2026-08-14T00:33:05.799490
5472,15,74.013422370592,2026-08-14T00:33:05.799490
5473,1,66.56963615722137,2026-08-14T00:33:07.820357
5474,2,1.91989000499181,2026-08-14T00:33:07.820357
5475,3,1526.2828957642334,2026-08-14T00:33:07.820357
5476,4,64.37054340329027,2026-08-14T00:33:07.820357
5477,5,2.0084340099775146,2026-08-14T00:33:07.820357
5478,6,1517.546679443583,2026-08-14T00:33:07.820357
5479,7,67.05685850317802,2026-08-14T00:33:07.820357
5480,8,96.81772224800825,2026-08-14T00:33:07.820357
5481,9,73.3740934458138,2026-08-14T00:33:07.820357
5482,10,1.971166525986122,2026-08-14T00:33:07.820357
5483,11,1423.0526343059455,2026-08-14T00:33:07.820357
5484,15,67.05579256754997,2026-08-14T00:33:07.820357
5485,1,68.48929441309332,2026-08-14T00:33:09.855935
5486,2,1.9659365914550304,2026-08-14T00:33:09.855935
5487,3,1469.3885151903298,2026-08-14T00:33:09.855935
5488,4,67.29871438629141,2026-08-14T00:33:09.855935
5489,5,2.023077250091835,2026-08-14T00:33:09.855935
5490,6,1437.8916993436997,2026-08-14T00:33:09.855935
5491,7,67.65219023846319,2026-08-14T00:33:09.855935
5492,8,96.11385721216972,2026-08-14T00:33:09.855935
5493,9,74.47600324683474,2026-08-14T00:33:09.855935
5494,10,1.972371857027397,2026-08-14T00:33:09.855935
5495,11,1530.0593420313696,2026-08-14T00:33:09.855935
5496,15,73.41259931354375,2026-08-14T00:33:09.855935
5497,1,70.22118602603297,2026-08-14T00:33:11.882772
5498,2,1.9224492255411465,2026-08-14T00:33:11.882772
5499,3,1422.4377743630114,2026-08-14T00:33:11.882772
5500,4,67.37467395782502,2026-08-14T00:33:11.882772
5501,5,1.851904247046416,2026-08-14T00:33:11.882772
5502,6,1455.7655124999164,2026-08-14T00:33:11.882772
5503,7,64.23455431114496,2026-08-14T00:33:11.882772
5504,8,104.70624833463141,2026-08-14T00:33:11.882772
5505,9,72.37973404422719,2026-08-14T00:33:11.882772
5506,10,2.0585559523046237,2026-08-14T00:33:11.882772
5507,11,1637.6221838837532,2026-08-14T00:33:11.882772
5508,15,70.02344792981245,2026-08-14T00:33:11.882772
5509,1,71.93437656941194,2026-08-14T00:33:13.900631
5510,2,1.915641392981286,2026-08-14T00:33:13.900631
5511,3,1505.1673349200041,2026-08-14T00:33:13.900631
5512,7,64.12411759538625,2026-08-14T00:33:13.900631
5513,8,96.36379154313433,2026-08-14T00:33:13.900631
5514,9,70.55436380113545,2026-08-14T00:33:13.900631
5515,10,1.8744040711971977,2026-08-14T00:33:13.900631
5516,11,1509.727680660985,2026-08-14T00:33:13.900631
5517,15,72.86390195570084,2026-08-14T00:33:13.900631
5518,1,71.94549502956862,2026-08-14T00:33:15.936080
5519,2,1.9610934928656696,2026-08-14T00:33:15.936080
5520,3,1450.9031386462375,2026-08-14T00:33:15.936080
5521,7,74.47830306595908,2026-08-14T00:33:15.936080
5522,8,107.60608207279465,2026-08-14T00:33:15.936080
5523,9,67.53844496230795,2026-08-14T00:33:15.936080
5524,10,1.9763641946630226,2026-08-14T00:33:15.936080
5525,11,1467.3798130016478,2026-08-14T00:33:15.936080
5526,15,67.20894694333859,2026-08-14T00:33:15.936080
5527,1,74.56421026009176,2026-08-14T00:33:17.954978
5528,2,1.9145963124498842,2026-08-14T00:33:17.954978
5529,3,1497.8034293813755,2026-08-14T00:33:17.954978
5530,7,76.96464808450327,2026-08-14T00:33:17.954978
5531,8,88.21655521072961,2026-08-14T00:33:17.954978
5532,9,67.91637791342662,2026-08-14T00:33:17.954978
5533,10,2.0812663555529203,2026-08-14T00:33:17.954978
5534,11,1444.8269124014348,2026-08-14T00:33:17.954978
5535,15,68.01285413658863,2026-08-14T00:33:17.954978
5536,1,62.234916579119755,2026-08-14T00:33:19.992068
5537,2,2.0062126353286365,2026-08-14T00:33:19.992068
5538,3,1540.4683521258596,2026-08-14T00:33:19.992068
5539,7,67.32242919021162,2026-08-14T00:33:19.992068
5540,8,103.9194976750944,2026-08-14T00:33:19.992068
5541,9,74.07287218602077,2026-08-14T00:33:19.992068
5542,10,1.9125382975063625,2026-08-14T00:33:19.992068
5543,11,1387.6489979640194,2026-08-14T00:33:19.992068
5544,12,76.07878487692858,2026-08-14T00:33:19.992068
5545,13,1.9757975265127383,2026-08-14T00:33:19.992068
5546,14,1467.0611535392973,2026-08-14T00:33:19.992068
5547,15,67.01970759048223,2026-08-14T00:33:19.992068
5548,1,69.53415368272819,2026-08-14T00:33:22.017975
5549,2,1.8559528163179897,2026-08-14T00:33:22.017975
5550,3,1500.8708342075518,2026-08-14T00:33:22.017975
5551,7,66.17657532544071,2026-08-14T00:33:22.017975
5552,8,102.88669811067338,2026-08-14T00:33:22.017975
5553,9,75.26473117061637,2026-08-14T00:33:22.017975
5554,10,1.9048665901985058,2026-08-14T00:33:22.017975
5555,11,1480.3498832564412,2026-08-14T00:33:22.017975
5556,12,72.43166479268625,2026-08-14T00:33:22.017975
5557,13,2.0180419214720784,2026-08-14T00:33:22.017975
5558,14,1527.9380571860056,2026-08-14T00:33:22.017975
5559,15,70.10436062077045,2026-08-14T00:33:22.017975
5560,1,71.52000735730849,2026-08-14T00:33:24.025048
5561,2,1.7698077891740154,2026-08-14T00:33:24.025048
5562,3,1434.5477877813798,2026-08-14T00:33:24.025048
5563,7,73.88063424317767,2026-08-14T00:33:24.025048
5564,8,99.76229031600528,2026-08-14T00:33:24.025048
5565,9,67.88801688677093,2026-08-14T00:33:24.025048
5566,10,1.8584710361375731,2026-08-14T00:33:24.025048
5567,11,1532.329497339325,2026-08-14T00:33:24.025048
5568,12,66.24346556764557,2026-08-14T00:33:24.025048
5569,13,1.8830877983031877,2026-08-14T00:33:24.025048
5570,14,1548.6753476856327,2026-08-14T00:33:24.025048
5571,15,69.12362812424519,2026-08-14T00:33:24.025048
5572,1,75.24737551304356,2026-08-14T00:33:26.033757
5573,2,2.099113149355807,2026-08-14T00:33:26.033757
5574,3,1598.2670077383011,2026-08-14T00:33:26.033757
5575,7,63.90511790960739,2026-08-14T00:33:26.033757
5576,8,103.57875957826514,2026-08-14T00:33:26.033757
5577,12,71.43814702386301,2026-08-14T00:33:26.033757
5578,13,1.9942782210678625,2026-08-14T00:33:26.033757
5579,14,1444.1673217452665,2026-08-14T00:33:26.033757
5580,15,76.8336097457353,2026-08-14T00:33:26.033757
5581,1,70.67280943280963,2026-08-14T00:33:28.053788
5582,2,2.0127723634624823,2026-08-14T00:33:28.053788
5583,3,1478.8995611113778,2026-08-14T00:33:28.053788
5584,7,67.62528604525798,2026-08-14T00:33:28.053788
5585,8,96.93294259534774,2026-08-14T00:33:28.053788
5586,12,66.97459472003354,2026-08-14T00:33:28.053788
5587,13,1.9577946432784255,2026-08-14T00:33:28.053788
5588,14,1446.1097031218942,2026-08-14T00:33:28.053788
5589,15,78.2794114856708,2026-08-14T00:33:28.053788
5590,1,65.36540953481612,2026-08-14T00:33:30.060704
5591,2,2.034483712282537,2026-08-14T00:33:30.060704
5592,3,1467.658729421584,2026-08-14T00:33:30.060704
5593,7,66.87264095125603,2026-08-14T00:33:30.060704
5594,8,103.47238370211271,2026-08-14T00:33:30.060704
5595,12,70.83346676703648,2026-08-14T00:33:30.060704
5596,13,1.811899304180361,2026-08-14T00:33:30.060704
5597,14,1410.2436955508936,2026-08-14T00:33:30.060704
5598,1,64.11159948567615,2026-08-14T00:33:32.079946
5599,2,2.092638522802274,2026-08-14T00:33:32.079946
5600,3,1536.5612046337435,2026-08-14T00:33:32.079946
5601,7,71.3187471452293,2026-08-14T00:33:32.079946
5602,8,90.68901743208241,2026-08-14T00:33:32.079946
5603,12,70.15424836401006,2026-08-14T00:33:32.079946
5604,13,1.7576258174568415,2026-08-14T00:33:32.079946
5605,14,1607.2144934892985,2026-08-14T00:33:32.079946
5606,1,74.91330958990125,2026-08-14T00:33:34.085764
5607,2,1.9810628520138895,2026-08-14T00:33:34.085764
5608,3,1397.6713732734208,2026-08-14T00:33:34.085764
5609,7,64.23926202071682,2026-08-14T00:33:34.085764
5610,8,103.13218742989682,2026-08-14T00:33:34.085764
5611,12,78.4888950475721,2026-08-14T00:33:34.085764
5612,13,1.966713525485319,2026-08-14T00:33:34.085764
5613,14,1458.397516132267,2026-08-14T00:33:34.085764
5614,1,71.12846814014776,2026-08-14T00:33:36.104350
5615,2,2.0661829117935993,2026-08-14T00:33:36.104350
5616,3,1392.8153779229704,2026-08-14T00:33:36.104350
5617,7,74.51745206134778,2026-08-14T00:33:36.104350
5618,8,96.02777991655807,2026-08-14T00:33:36.104350
5619,12,71.01800253155628,2026-08-14T00:33:36.104350
5620,13,1.984203985534863,2026-08-14T00:33:36.104350
5621,14,1580.161769453051,2026-08-14T00:33:36.104350
5622,1,71.30217496277665,2026-08-14T00:33:38.125025
5623,2,1.893491642794055,2026-08-14T00:33:38.125025
5624,3,1486.9434023196375,2026-08-14T00:33:38.125025
5625,7,71.23243226279656,2026-08-14T00:33:38.125025
5626,8,97.05516565409741,2026-08-14T00:33:38.125025
5627,9,70.04760415025393,2026-08-14T00:33:38.125025
5628,10,1.9137070393473457,2026-08-14T00:33:38.125025
5629,11,1362.4683003652242,2026-08-14T00:33:38.125025
5630,12,67.48254920986167,2026-08-14T00:33:38.125025
5631,13,2.042989898499565,2026-08-14T00:33:38.125025
5632,14,1551.0375374845303,2026-08-14T00:33:38.125025
5633,1,71.7103480067944,2026-08-14T00:33:40.149069
5634,2,1.9397276894663336,2026-08-14T00:33:40.149069
5635,3,1459.2598313444348,2026-08-14T00:33:40.149069
5636,7,72.7113669304858,2026-08-14T00:33:40.149069
5637,8,97.95491091398324,2026-08-14T00:33:40.149069
5638,9,73.54794765893764,2026-08-14T00:33:40.149069
5639,10,2.0576507138062192,2026-08-14T00:33:40.149069
5640,11,1530.1934168395187,2026-08-14T00:33:40.149069
5641,12,68.30515982634915,2026-08-14T00:33:40.149069
5642,13,1.9004183979644662,2026-08-14T00:33:40.149069
5643,14,1571.1604981437924,2026-08-14T00:33:40.149069
5644,1,69.08655296449741,2026-08-14T00:33:42.178605
5645,2,1.8940130575448388,2026-08-14T00:33:42.178605
5646,3,1510.1342740179398,2026-08-14T00:33:42.178605
5647,7,71.8623254153898,2026-08-14T00:33:42.178605
5648,8,99.41783801286776,2026-08-14T00:33:42.178605
5649,9,73.69992708463967,2026-08-14T00:33:42.178605
5650,10,2.0024080604874928,2026-08-14T00:33:42.178605
5651,11,1529.4995329817614,2026-08-14T00:33:42.178605
5652,12,67.64284522012075,2026-08-14T00:33:42.178605
5653,13,2.0940793788730305,2026-08-14T00:33:42.178605
5654,14,1512.0242678919594,2026-08-14T00:33:42.178605
5655,15,76.92670095744441,2026-08-14T00:33:42.178605
5656,1,67.46544318695327,2026-08-14T00:33:44.208470
5657,2,2.016146800316403,2026-08-14T00:33:44.208470
5658,3,1498.487450156582,2026-08-14T00:33:44.208470
5659,7,69.7975701722951,2026-08-14T00:33:44.208470
5660,8,106.7605564221249,2026-08-14T00:33:44.208470
5661,9,67.45211055675638,2026-08-14T00:33:44.208470
5662,10,1.952607718677768,2026-08-14T00:33:44.208470
5663,11,1581.9168187001055,2026-08-14T00:33:44.208470
5664,12,69.1545245801153,2026-08-14T00:33:44.208470
5665,13,2.08311267757862,2026-08-14T00:33:44.208470
5666,14,1458.148220098814,2026-08-14T00:33:44.208470
5667,15,64.00737390916755,2026-08-14T00:33:44.208470
5668,1,74.2095868140248,2026-08-14T00:33:46.229847
5669,2,1.9640713411096566,2026-08-14T00:33:46.229847
5670,3,1422.7162499055487,2026-08-14T00:33:46.229847
5671,7,65.34934237884129,2026-08-14T00:33:46.229847
5672,8,94.15990154564453,2026-08-14T00:33:46.229847
5673,9,70.44546849664347,2026-08-14T00:33:46.229847
5674,10,1.9545811977820138,2026-08-14T00:33:46.229847
5675,11,1428.4528804593592,2026-08-14T00:33:46.229847
5676,12,72.84902193728956,2026-08-14T00:33:46.229847
5677,13,1.876938943709521,2026-08-14T00:33:46.229847
5678,14,1538.769214300519,2026-08-14T00:33:46.229847
5679,15,68.62608335568517,2026-08-14T00:33:46.229847
5680,1,69.5506023962873,2026-08-14T00:33:48.266462
5681,2,1.9812575066786098,2026-08-14T00:33:48.266462
5682,3,1452.349066036061,2026-08-14T00:33:48.266462
5683,7,70.74071995611843,2026-08-14T00:33:48.266462
5684,8,104.15378979927462,2026-08-14T00:33:48.266462
5685,9,74.5024836576929,2026-08-14T00:33:48.266462
5686,10,2.007917184020288,2026-08-14T00:33:48.266462
5687,11,1513.4563470191806,2026-08-14T00:33:48.266462
5688,12,78.790216903503,2026-08-14T00:33:48.266462
5689,13,1.8963075001976728,2026-08-14T00:33:48.266462
5690,14,1401.363046575789,2026-08-14T00:33:48.266462
5691,15,72.72650125060063,2026-08-14T00:33:48.266462
5692,7,74.5003661194449,2026-08-14T00:33:50.290866
5693,8,98.5076743185341,2026-08-14T00:33:50.290866
5694,9,64.31647620215975,2026-08-14T00:33:50.290866
5695,10,2.052361074689581,2026-08-14T00:33:50.290866
5696,11,1448.7473546901901,2026-08-14T00:33:50.290866
5697,12,72.33090221185604,2026-08-14T00:33:50.290866
5698,13,1.9964881197070952,2026-08-14T00:33:50.290866
5699,14,1651.4486110837113,2026-08-14T00:33:50.290866
5700,15,71.15718653878434,2026-08-14T00:33:50.290866
5701,7,77.31237318785122,2026-08-14T00:33:52.310985
5702,8,89.66452089582626,2026-08-14T00:33:52.310985
5703,9,66.79285496943895,2026-08-14T00:33:52.310985
5704,10,1.973301422540529,2026-08-14T00:33:52.310985
5705,11,1529.808015049978,2026-08-14T00:33:52.310985
5706,12,66.06064247206604,2026-08-14T00:33:52.310985
5707,13,2.08509319213056,2026-08-14T00:33:52.310985
5708,14,1433.308040289758,2026-08-14T00:33:52.310985
5709,15,66.95763237911997,2026-08-14T00:33:52.310985
5710,7,68.78484901176779,2026-08-14T00:33:54.341319
5711,8,97.6437501381517,2026-08-14T00:33:54.341319
5712,9,72.1031032078418,2026-08-14T00:33:54.341319
5713,10,2.050486107246007,2026-08-14T00:33:54.341319
5714,11,1577.0402395617184,2026-08-14T00:33:54.341319
5715,12,71.40479476993427,2026-08-14T00:33:54.341319
5716,13,2.0233158209969413,2026-08-14T00:33:54.341319
5717,14,1709.0019906785008,2026-08-14T00:33:54.341319
5718,15,67.76163905962176,2026-08-14T00:33:54.341319
5719,9,70.40568085233117,2026-08-14T00:33:56.371734
5720,10,2.0848355060774466,2026-08-14T00:33:56.371734
5721,11,1655.9138130368042,2026-08-14T00:33:56.371734
5722,12,69.46444120482306,2026-08-14T00:33:56.371734
5723,13,2.0643876342343006,2026-08-14T00:33:56.371734
5724,14,1622.335984795598,2026-08-14T00:33:56.371734
5725,15,74.42093159269423,2026-08-14T00:33:56.371734
5726,9,69.48001571648993,2026-08-14T00:33:58.391152
5727,10,2.010686936922583,2026-08-14T00:33:58.391152
5728,11,1521.7565185657782,2026-08-14T00:33:58.391152
5729,12,66.89061428126094,2026-08-14T00:33:58.391152
5730,13,1.840160577119453,2026-08-14T00:33:58.391152
5731,14,1539.7246388667656,2026-08-14T00:33:58.391152
5732,15,65.78512508346344,2026-08-14T00:33:58.391152
5733,9,68.91393473065065,2026-08-14T00:34:00.396699
5734,10,1.9636386073344902,2026-08-14T00:34:00.396699
5735,11,1493.976630146223,2026-08-14T00:34:00.396699
5736,12,69.3728119051443,2026-08-14T00:34:00.396699
5737,13,1.950040376502563,2026-08-14T00:34:00.396699
5738,14,1520.0293277672333,2026-08-14T00:34:00.396699
5739,15,73.55805192956808,2026-08-14T00:34:00.396699
5740,4,75.85502408307939,2026-08-14T00:34:02.426597
5741,5,2.066596156840263,2026-08-14T00:34:02.426597
5742,6,1493.697019508493,2026-08-14T00:34:02.426597
5743,9,74.76538761324306,2026-08-14T00:34:02.426597
5744,10,2.041859766065446,2026-08-14T00:34:02.426597
5745,11,1576.2014969530533,2026-08-14T00:34:02.426597
5746,12,67.87476230278473,2026-08-14T00:34:02.426597
5747,13,1.979473567509651,2026-08-14T00:34:02.426597
5748,14,1554.8731627948596,2026-08-14T00:34:02.426597
5749,15,70.64770986811249,2026-08-14T00:34:02.426597
5750,4,70.26608189540276,2026-08-14T00:34:04.433599
5751,5,2.045093686652092,2026-08-14T00:34:04.433599
5752,6,1569.3826463445776,2026-08-14T00:34:04.433599
5753,9,70.8499176368774,2026-08-14T00:34:04.433599
5754,10,1.9531320273918331,2026-08-14T00:34:04.433599
5755,11,1586.8558006383387,2026-08-14T00:34:04.433599
5756,12,70.1879613467835,2026-08-14T00:34:04.433599
5757,13,2.0391551358953,2026-08-14T00:34:04.433599
5758,14,1497.444833025557,2026-08-14T00:34:04.433599
5759,15,66.37806182469737,2026-08-14T00:34:04.433599
5760,4,66.94996447342064,2026-08-14T00:34:06.462236
5761,5,1.8975004617145408,2026-08-14T00:34:06.462236
5762,6,1483.4857965998503,2026-08-14T00:34:06.462236
5763,9,68.680380300606,2026-08-14T00:34:06.462236
5764,10,1.9992167298969798,2026-08-14T00:34:06.462236
5765,11,1473.3649157519499,2026-08-14T00:34:06.462236
5766,12,75.73780658717695,2026-08-14T00:34:06.462236
5767,13,2.0717853474053216,2026-08-14T00:34:06.462236
5768,14,1563.9583258888363,2026-08-14T00:34:06.462236
5769,15,71.48285699242268,2026-08-14T00:34:06.462236
5770,4,69.22527933979283,2026-08-14T00:34:08.468674
5771,5,1.964741102331079,2026-08-14T00:34:08.468674
5772,6,1486.8533651045507,2026-08-14T00:34:08.468674
5773,9,71.96407548736764,2026-08-14T00:34:08.468674
5774,10,2.1963674665688537,2026-08-14T00:34:08.468674
5775,11,1477.7510665408438,2026-08-14T00:34:08.468674
5776,12,63.10794578674843,2026-08-14T00:34:08.468674
5777,13,2.030789002440837,2026-08-14T00:34:08.468674
5778,14,1396.723587635413,2026-08-14T00:34:08.468674
5779,15,68.25146956881323,2026-08-14T00:34:08.468674
5780,4,69.99753526351145,2026-08-14T00:34:10.477391
5781,5,2.0356722972196475,2026-08-14T00:34:10.477391
5782,6,1585.9274518311015,2026-08-14T00:34:10.477391
5783,9,70.31084965562147,2026-08-14T00:34:10.477391
5784,10,2.049577623332187,2026-08-14T00:34:10.477391
5785,11,1550.982240212121,2026-08-14T00:34:10.477391
5786,12,66.34842880419144,2026-08-14T00:34:10.477391
5787,13,1.970698935236908,2026-08-14T00:34:10.477391
5788,14,1409.8926214716528,2026-08-14T00:34:10.477391
5789,15,67.6766988086475,2026-08-14T00:34:10.477391
5790,4,61.08389529884867,2026-08-14T00:34:12.497778
5791,5,2.0381066980568177,2026-08-14T00:34:12.497778
5792,6,1607.1718481444088,2026-08-14T00:34:12.497778
5793,9,68.15291282031302,2026-08-14T00:34:12.497778
5794,10,1.8580831894514973,2026-08-14T00:34:12.497778
5795,11,1566.2905794576377,2026-08-14T00:34:12.497778
5796,12,67.584749056391,2026-08-14T00:34:12.497778
5797,13,2.0722942124149406,2026-08-14T00:34:12.497778
5798,14,1558.493744111706,2026-08-14T00:34:12.497778
5799,15,68.82262669958104,2026-08-14T00:34:12.497778
5800,4,68.46974791089798,2026-08-14T00:34:14.519840
5801,5,2.0225098113689444,2026-08-14T00:34:14.519840
5802,6,1477.2898591595906,2026-08-14T00:34:14.519840
5803,9,67.61040174900985,2026-08-14T00:34:14.519840
5804,10,2.0761893024042744,2026-08-14T00:34:14.519840
5805,11,1377.9363532220812,2026-08-14T00:34:14.519840
5806,12,70.31833812767299,2026-08-14T00:34:14.519840
5807,13,1.9009784957279021,2026-08-14T00:34:14.519840
5808,14,1497.4393800122023,2026-08-14T00:34:14.519840
5809,15,70.23473787310638,2026-08-14T00:34:14.519840
5810,4,70.33267675383799,2026-08-14T00:34:16.527208
5811,5,2.161061125755355,2026-08-14T00:34:16.527208
5812,6,1471.762720330111,2026-08-14T00:34:16.527208
5813,9,66.52659051895965,2026-08-14T00:34:16.527208
5814,10,1.9043727842922442,2026-08-14T00:34:16.527208
5815,11,1500.2029379092444,2026-08-14T00:34:16.527208
5816,12,68.38536799032057,2026-08-14T00:34:16.527208
5817,13,2.15367365956017,2026-08-14T00:34:16.527208
5818,14,1537.6965569020579,2026-08-14T00:34:16.527208
5819,15,70.73112887303932,2026-08-14T00:34:16.527208
5820,4,64.84665850465373,2026-08-14T00:34:18.548048
5821,5,1.9309246575088186,2026-08-14T00:34:18.548048
5822,6,1605.0134554677566,2026-08-14T00:34:18.548048
5823,9,66.45413110668002,2026-08-14T00:34:18.548048
5824,10,1.9879276088893403,2026-08-14T00:34:18.548048
5825,11,1351.9697996005332,2026-08-14T00:34:18.548048
5826,12,69.5305592991055,2026-08-14T00:34:18.548048
5827,13,2.088201245470247,2026-08-14T00:34:18.548048
5828,14,1451.988135538958,2026-08-14T00:34:18.548048
5829,15,70.06995408035668,2026-08-14T00:34:18.548048
5830,4,69.6190269602248,2026-08-14T00:34:20.557571
5831,5,2.0755779049683136,2026-08-14T00:34:20.557571
5832,6,1472.5479308865722,2026-08-14T00:34:20.557571
5833,9,76.63842165671394,2026-08-14T00:34:20.557571
5834,10,1.9872459877734694,2026-08-14T00:34:20.557571
5835,11,1637.2764686174937,2026-08-14T00:34:20.557571
5836,12,68.25494625047097,2026-08-14T00:34:20.557571
5837,13,1.9490740423429687,2026-08-14T00:34:20.557571
5838,14,1494.7581587011018,2026-08-14T00:34:20.557571
5839,15,71.18726307104639,2026-08-14T00:34:20.557571
5840,4,69.57642221327804,2026-08-14T00:34:22.565248
5841,5,1.920060059999447,2026-08-14T00:34:22.565248
5842,6,1694.9345802843739,2026-08-14T00:34:22.565248
5843,9,72.46971396391692,2026-08-14T00:34:22.565248
5844,10,2.115152478964676,2026-08-14T00:34:22.565248
5845,11,1404.1712527701025,2026-08-14T00:34:22.565248
5846,12,72.8178680482706,2026-08-14T00:34:22.565248
5847,13,1.9034333496680171,2026-08-14T00:34:22.565248
5848,14,1537.4675142285234,2026-08-14T00:34:22.565248
5849,15,71.4573596280659,2026-08-14T00:34:22.565248
5850,4,77.81624495107836,2026-08-14T00:34:24.577609
5851,5,1.860309971814585,2026-08-14T00:34:24.577609
5852,6,1479.7358103639717,2026-08-14T00:34:24.577609
5853,9,75.18984781466324,2026-08-14T00:34:24.577609
5854,10,1.8289654204043138,2026-08-14T00:34:24.577609
5855,11,1491.3157790331318,2026-08-14T00:34:24.577609
5856,12,68.81188453224443,2026-08-14T00:34:24.577609
5857,13,2.0631491193870866,2026-08-14T00:34:24.577609
5858,14,1334.6120824111974,2026-08-14T00:34:24.577609
5859,15,69.99572425548214,2026-08-14T00:34:24.577609
5860,4,70.84380443882846,2026-08-14T00:34:26.583605
5861,5,2.009940416243249,2026-08-14T00:34:26.583605
5862,6,1491.881660407881,2026-08-14T00:34:26.583605
5863,9,70.84035056267678,2026-08-14T00:34:26.583605
5864,10,2.0871046448448887,2026-08-14T00:34:26.583605
5865,11,1457.8771117120739,2026-08-14T00:34:26.583605
5866,12,69.44266540662439,2026-08-14T00:34:26.583605
5867,13,2.16393475950822,2026-08-14T00:34:26.583605
5868,14,1385.6809854448445,2026-08-14T00:34:26.583605
5869,15,69.17970109452439,2026-08-14T00:34:26.583605
5870,4,69.81735934332264,2026-08-14T00:34:28.590107
5871,5,2.09833470629428,2026-08-14T00:34:28.590107
5872,6,1527.4843454927443,2026-08-14T00:34:28.590107
5873,9,70.80338024513351,2026-08-14T00:34:28.590107
5874,10,2.0263084917702896,2026-08-14T00:34:28.590107
5875,11,1442.040966449944,2026-08-14T00:34:28.590107
5876,12,72.19196052160807,2026-08-14T00:34:28.590107
5877,13,1.9963219527367793,2026-08-14T00:34:28.590107
5878,14,1520.3902816981333,2026-08-14T00:34:28.590107
5879,15,71.44176462285832,2026-08-14T00:34:28.590107
5880,4,64.53911848697841,2026-08-14T00:34:30.610993
5881,5,1.7748601937707196,2026-08-14T00:34:30.610993
5882,6,1365.170114774602,2026-08-14T00:34:30.610993
5883,9,70.18540425312003,2026-08-14T00:34:30.610993
5884,10,2.240492918861977,2026-08-14T00:34:30.610993
5885,11,1486.947142700791,2026-08-14T00:34:30.610993
5886,15,74.31128222543848,2026-08-14T00:34:30.610993
5887,4,72.2502147792011,2026-08-14T00:34:32.629136
5888,5,2.058254469945315,2026-08-14T00:34:32.629136
5889,6,1588.16190312201,2026-08-14T00:34:32.629136
5890,9,68.33000021294077,2026-08-14T00:34:32.629136
5891,10,1.9122420596012666,2026-08-14T00:34:32.629136
5892,11,1502.4655477487352,2026-08-14T00:34:32.629136
5893,15,70.02731660235425,2026-08-14T00:34:32.629136
5894,4,73.93793316071654,2026-08-14T00:34:34.647838
5895,5,1.9986685801125836,2026-08-14T00:34:34.647838
5896,6,1501.1438913245668,2026-08-14T00:34:34.647838
5897,9,66.25534517404967,2026-08-14T00:34:34.647838
5898,10,1.8491793972123518,2026-08-14T00:34:34.647838
5899,11,1472.0290277708918,2026-08-14T00:34:34.647838
5900,15,60.6798853036523,2026-08-14T00:34:34.647838
5901,4,65.75888716681408,2026-08-14T00:34:36.653509
5902,5,1.9475250061477671,2026-08-14T00:34:36.653509
5903,6,1458.6472617223324,2026-08-14T00:34:36.653509
5904,9,71.42347043212348,2026-08-14T00:34:36.653509
5905,10,1.964852184917172,2026-08-14T00:34:36.653509
5906,11,1512.4959879322898,2026-08-14T00:34:36.653509
5907,15,67.8452865723203,2026-08-14T00:34:36.653509
5908,4,67.76189119155806,2026-08-14T00:34:38.660514
5909,5,1.9602378849885869,2026-08-14T00:34:38.660514
5910,6,1546.3033770024604,2026-08-14T00:34:38.660514
5911,7,69.70489755462877,2026-08-14T00:34:38.660514
5912,8,97.40545241353304,2026-08-14T00:34:38.660514
5913,9,69.15984718563406,2026-08-14T00:34:38.660514
5914,10,1.9821905175900036,2026-08-14T00:34:38.660514
5915,11,1393.7248038170067,2026-08-14T00:34:38.660514
5916,15,66.8620301620253,2026-08-14T00:34:38.660514
5917,1,70.74146412881773,2026-08-14T00:34:40.686663
5918,2,1.8750242240224586,2026-08-14T00:34:40.686663
5919,3,1630.086578302268,2026-08-14T00:34:40.686663
5920,4,66.60384505209947,2026-08-14T00:34:40.686663
5921,5,2.133137748596149,2026-08-14T00:34:40.686663
5922,6,1622.8632344485823,2026-08-14T00:34:40.686663
5923,7,64.59159567749359,2026-08-14T00:34:40.686663
5924,8,95.61627605084205,2026-08-14T00:34:40.686663
5925,9,64.73776853781368,2026-08-14T00:34:40.686663
5926,10,2.0839029187753924,2026-08-14T00:34:40.686663
5927,11,1478.2073207068697,2026-08-14T00:34:40.686663
5928,15,69.0196490281499,2026-08-14T00:34:40.686663
5929,1,66.38055408032882,2026-08-14T00:34:42.692899
5930,2,1.948154990990802,2026-08-14T00:34:42.692899
5931,3,1453.6894216305072,2026-08-14T00:34:42.692899
5932,4,67.32167283957826,2026-08-14T00:34:42.692899
5933,5,2.1146481885004325,2026-08-14T00:34:42.692899
5934,6,1442.6943090244074,2026-08-14T00:34:42.692899
5935,7,74.67456917022228,2026-08-14T00:34:42.692899
5936,8,93.12515970862971,2026-08-14T00:34:42.692899
5937,9,68.99551838129021,2026-08-14T00:34:42.692899
5938,10,2.0218947176047912,2026-08-14T00:34:42.692899
5939,11,1519.7400382153494,2026-08-14T00:34:42.692899
5940,15,72.12527348385503,2026-08-14T00:34:42.692899
5941,1,75.5181309914903,2026-08-14T00:34:44.724230
5942,2,1.9152940273486796,2026-08-14T00:34:44.724230
5943,3,1479.4426808090375,2026-08-14T00:34:44.724230
5944,4,62.607485841967836,2026-08-14T00:34:44.724230
5945,5,1.9764815548689456,2026-08-14T00:34:44.724230
5946,6,1549.8624410174687,2026-08-14T00:34:44.724230
5947,7,66.12485177210063,2026-08-14T00:34:44.724230
5948,8,95.47444641113336,2026-08-14T00:34:44.724230
5949,9,68.40358318637345,2026-08-14T00:34:44.724230
5950,10,1.9626389226754004,2026-08-14T00:34:44.724230
5951,11,1619.2240726739662,2026-08-14T00:34:44.724230
5952,12,69.56022159594974,2026-08-14T00:34:44.724230
5953,13,1.9172937606981408,2026-08-14T00:34:44.724230
5954,14,1516.712676184812,2026-08-14T00:34:44.724230
5955,15,65.81596580163674,2026-08-14T00:34:44.724230
5956,1,76.6122549690998,2026-08-14T00:34:46.753783
5957,2,1.9873959274364037,2026-08-14T00:34:46.753783
5958,3,1418.2320609314718,2026-08-14T00:34:46.753783
5959,4,78.59332038137521,2026-08-14T00:34:46.753783
5960,5,2.092350357343623,2026-08-14T00:34:46.753783
5961,6,1651.170025049336,2026-08-14T00:34:46.753783
5962,7,76.74589706822928,2026-08-14T00:34:46.753783
5963,8,104.40425050621921,2026-08-14T00:34:46.753783
5964,9,72.79203625162353,2026-08-14T00:34:46.753783
5965,10,1.8970918280008884,2026-08-14T00:34:46.753783
5966,11,1594.135452833676,2026-08-14T00:34:46.753783
5967,12,66.57324125824707,2026-08-14T00:34:46.753783
5968,13,2.016527207927588,2026-08-14T00:34:46.753783
5969,14,1459.985899813413,2026-08-14T00:34:46.753783
5970,15,69.17197866324962,2026-08-14T00:34:46.753783
5971,1,73.49542410330147,2026-08-14T00:34:48.774985
5972,2,2.001104373738832,2026-08-14T00:34:48.774985
5973,3,1385.0103583017321,2026-08-14T00:34:48.774985
5974,4,71.76588383572141,2026-08-14T00:34:48.774985
5975,5,1.8768820206543404,2026-08-14T00:34:48.774985
5976,6,1470.00046443002,2026-08-14T00:34:48.774985
5977,7,65.32026101080595,2026-08-14T00:34:48.774985
5978,8,94.87926878974291,2026-08-14T00:34:48.774985
5979,9,78.33592856424019,2026-08-14T00:34:48.774985
5980,10,2.0982404422186702,2026-08-14T00:34:48.774985
5981,11,1425.984186478278,2026-08-14T00:34:48.774985
5982,12,63.21092543254989,2026-08-14T00:34:48.774985
5983,13,1.940224447654555,2026-08-14T00:34:48.774985
5984,14,1662.054430715156,2026-08-14T00:34:48.774985
5985,15,68.08442139265634,2026-08-14T00:34:48.774985
5986,1,71.42500282165526,2026-08-14T00:34:50.796114
5987,2,2.0138092947550468,2026-08-14T00:34:50.796114
5988,3,1494.851477084811,2026-08-14T00:34:50.796114
5989,4,65.52531008606753,2026-08-14T00:34:50.796114
5990,5,1.91622458334914,2026-08-14T00:34:50.796114
5991,6,1539.2261537059758,2026-08-14T00:34:50.796114
5992,7,70.98931016487963,2026-08-14T00:34:50.796114
5993,8,97.23194486354292,2026-08-14T00:34:50.796114
5994,9,66.38640784141374,2026-08-14T00:34:50.796114
5995,10,1.9983071179543168,2026-08-14T00:34:50.796114
5996,11,1464.0135300623813,2026-08-14T00:34:50.796114
5997,12,62.33518317382587,2026-08-14T00:34:50.796114
5998,13,2.012720050852828,2026-08-14T00:34:50.796114
5999,14,1562.9711413967248,2026-08-14T00:34:50.796114
6000,15,67.14988630368185,2026-08-14T00:34:50.796114
6001,1,67.58102273438726,2026-08-14T00:34:52.802291
6002,2,2.16839678478714,2026-08-14T00:34:52.802291
6003,3,1508.5118503151127,2026-08-14T00:34:52.802291
6004,4,73.897290698578,2026-08-14T00:34:52.802291
6005,5,2.122709607679144,2026-08-14T00:34:52.802291
6006,6,1562.9668310251852,2026-08-14T00:34:52.802291
6007,7,69.70355237237673,2026-08-14T00:34:52.802291
6008,8,100.45000020389591,2026-08-14T00:34:52.802291
6009,9,73.47692438513164,2026-08-14T00:34:52.802291
6010,10,1.9699475232676367,2026-08-14T00:34:52.802291
6011,11,1569.2262272367177,2026-08-14T00:34:52.802291
6012,12,73.67970641438458,2026-08-14T00:34:52.802291
6013,13,2.0102061976476637,2026-08-14T00:34:52.802291
6014,14,1358.5404739704757,2026-08-14T00:34:52.802291
6015,15,70.51177597053939,2026-08-14T00:34:52.802291
6016,1,64.26617462752178,2026-08-14T00:34:54.808597
6017,2,1.892657693647821,2026-08-14T00:34:54.808597
6018,3,1613.1639360110464,2026-08-14T00:34:54.808597
6019,4,69.05531797660704,2026-08-14T00:34:54.808597
6020,5,2.094662851865051,2026-08-14T00:34:54.808597
6021,6,1589.1765664863665,2026-08-14T00:34:54.808597
6022,7,71.0873167926683,2026-08-14T00:34:54.808597
6023,8,99.9424731631789,2026-08-14T00:34:54.808597
6024,9,66.14618256941617,2026-08-14T00:34:54.808597
6025,10,2.076875047522539,2026-08-14T00:34:54.808597
6026,11,1525.6899473448202,2026-08-14T00:34:54.808597
6027,12,71.9164249157829,2026-08-14T00:34:54.808597
6028,13,1.9305020203793586,2026-08-14T00:34:54.808597
6029,14,1445.1628775753259,2026-08-14T00:34:54.808597
6030,15,70.34111591976902,2026-08-14T00:34:54.808597
6031,1,70.34762946327206,2026-08-14T00:34:56.816574
6032,2,2.1003904349019877,2026-08-14T00:34:56.816574
6033,3,1456.64839109401,2026-08-14T00:34:56.816574
6034,4,77.60005971114256,2026-08-14T00:34:56.816574
6035,5,2.256740187521429,2026-08-14T00:34:56.816574
6036,6,1579.1910785834016,2026-08-14T00:34:56.816574
6037,7,66.12296669626336,2026-08-14T00:34:56.816574
6038,8,98.94536452746318,2026-08-14T00:34:56.816574
6039,9,69.22120910005084,2026-08-14T00:34:56.816574
6040,10,2.026060411017078,2026-08-14T00:34:56.816574
6041,11,1627.783312125395,2026-08-14T00:34:56.816574
6042,12,65.65102702131573,2026-08-14T00:34:56.816574
6043,13,2.0416678761309925,2026-08-14T00:34:56.816574
6044,14,1552.7375990488817,2026-08-14T00:34:56.816574
6045,15,61.156899481234205,2026-08-14T00:34:56.816574
6046,1,65.03119017262983,2026-08-14T00:34:58.822982
6047,2,2.027348968589694,2026-08-14T00:34:58.822982
6048,3,1572.0385495475439,2026-08-14T00:34:58.822982
6049,4,71.40842619820518,2026-08-14T00:34:58.822982
6050,5,2.0267299977916275,2026-08-14T00:34:58.822982
6051,6,1258.5487486926997,2026-08-14T00:34:58.822982
6052,7,66.76044590944247,2026-08-14T00:34:58.822982
6053,8,104.42429926837892,2026-08-14T00:34:58.822982
6054,9,67.38714556181512,2026-08-14T00:34:58.822982
6055,10,1.926258843370271,2026-08-14T00:34:58.822982
6056,11,1554.7094232108204,2026-08-14T00:34:58.822982
6057,12,68.3594687851163,2026-08-14T00:34:58.822982
6058,13,2.07888158049594,2026-08-14T00:34:58.822982
6059,14,1452.261808587742,2026-08-14T00:34:58.822982
6060,15,67.17300605832033,2026-08-14T00:34:58.822982
6061,1,69.80316513812582,2026-08-14T00:35:00.830115
6062,2,2.036850378207906,2026-08-14T00:35:00.830115
6063,3,1692.9371679317017,2026-08-14T00:35:00.830115
6064,4,69.00186245614434,2026-08-14T00:35:00.830115
6065,5,2.062223609465167,2026-08-14T00:35:00.830115
6066,6,1518.5250013114112,2026-08-14T00:35:00.830115
6067,7,70.04642395239395,2026-08-14T00:35:00.830115
6068,8,91.67158843855465,2026-08-14T00:35:00.830115
6069,9,67.3424532554873,2026-08-14T00:35:00.830115
6070,10,2.145937462204052,2026-08-14T00:35:00.830115
6071,11,1381.86030040273,2026-08-14T00:35:00.830115
6072,12,69.17327154366936,2026-08-14T00:35:00.830115
6073,13,2.2199921718162914,2026-08-14T00:35:00.830115
6074,14,1551.6336090152622,2026-08-14T00:35:00.830115
6075,1,70.42348543541893,2026-08-14T00:35:02.841870
6076,2,1.8666533460503305,2026-08-14T00:35:02.841870
6077,3,1407.1010996356863,2026-08-14T00:35:02.841870
6078,4,73.9198086936736,2026-08-14T00:35:02.841870
6079,5,1.880077744974241,2026-08-14T00:35:02.841870
6080,6,1633.2518511758813,2026-08-14T00:35:02.841870
6081,7,74.30816110499322,2026-08-14T00:35:02.841870
6082,8,105.47549352935661,2026-08-14T00:35:02.841870
6083,9,70.63358741751193,2026-08-14T00:35:02.841870
6084,10,1.9595227209881627,2026-08-14T00:35:02.841870
6085,11,1484.1676088761433,2026-08-14T00:35:02.841870
6086,12,68.27719599676394,2026-08-14T00:35:02.841870
6087,13,2.0361244991032565,2026-08-14T00:35:02.841870
6088,14,1512.0425726923795,2026-08-14T00:35:02.841870
6089,1,71.63592635601063,2026-08-14T00:35:04.861456
6090,2,2.0708729945595117,2026-08-14T00:35:04.861456
6091,3,1561.8715914080174,2026-08-14T00:35:04.861456
6092,4,70.78050308824157,2026-08-14T00:35:04.861456
6093,5,2.1052621630637645,2026-08-14T00:35:04.861456
6094,6,1374.641532559468,2026-08-14T00:35:04.861456
6095,7,73.88713587253962,2026-08-14T00:35:04.861456
6096,8,105.74158992851754,2026-08-14T00:35:04.861456
6097,12,71.54842708538072,2026-08-14T00:35:04.861456
6098,13,1.9763081090434171,2026-08-14T00:35:04.861456
6099,14,1501.1178953211042,2026-08-14T00:35:04.861456
6100,1,65.90425462046271,2026-08-14T00:35:06.866534
6101,2,1.9170503115408948,2026-08-14T00:35:06.866534
6102,3,1433.0379854588375,2026-08-14T00:35:06.866534
6103,4,62.94610881775123,2026-08-14T00:35:06.866534
6104,5,2.0173934750913074,2026-08-14T00:35:06.866534
6105,6,1478.67285375177,2026-08-14T00:35:06.866534
6106,7,71.16337147583296,2026-08-14T00:35:06.866534
6107,8,109.08984546018428,2026-08-14T00:35:06.866534
6108,12,65.53556558705846,2026-08-14T00:35:06.866534
6109,13,1.874944048444818,2026-08-14T00:35:06.866534
6110,14,1446.4306628016172,2026-08-14T00:35:06.866534
6111,1,69.188739818717,2026-08-14T00:35:08.872324
6112,2,1.9137716031049392,2026-08-14T00:35:08.872324
6113,3,1421.3459225778033,2026-08-14T00:35:08.872324
6114,4,64.25499539229992,2026-08-14T00:35:08.872324
6115,5,2.05893055479522,2026-08-14T00:35:08.872324
6116,6,1505.3341700232438,2026-08-14T00:35:08.872324
6117,7,71.85926163075688,2026-08-14T00:35:08.872324
6118,8,101.07575125746624,2026-08-14T00:35:08.872324
6119,12,69.94393499454607,2026-08-14T00:35:08.872324
6120,13,1.9476179143747887,2026-08-14T00:35:08.872324
6121,14,1485.2161893515727,2026-08-14T00:35:08.872324
6122,1,68.75055480206663,2026-08-14T00:35:10.892463
6123,2,2.0133433419103173,2026-08-14T00:35:10.892463
6124,3,1534.6960278585395,2026-08-14T00:35:10.892463
6125,7,70.57297310428379,2026-08-14T00:35:10.892463
6126,8,97.7779413766439,2026-08-14T00:35:10.892463
6127,9,70.83902266686063,2026-08-14T00:35:10.892463
6128,10,2.007842209088697,2026-08-14T00:35:10.892463
6129,11,1507.017835526346,2026-08-14T00:35:10.892463
6130,12,59.74114390866621,2026-08-14T00:35:10.892463
6131,13,2.08923896073407,2026-08-14T00:35:10.892463
6132,14,1415.7458079255123,2026-08-14T00:35:10.892463
6133,1,73.40522285852465,2026-08-14T00:35:12.912585
6134,2,1.9395279201425224,2026-08-14T00:35:12.912585
6135,3,1531.9345697025203,2026-08-14T00:35:12.912585
6136,7,78.70812684330889,2026-08-14T00:35:12.912585
6137,8,100.05623861883929,2026-08-14T00:35:12.912585
6138,9,73.90846801699334,2026-08-14T00:35:12.912585
6139,10,1.9389635117140578,2026-08-14T00:35:12.912585
6140,11,1498.277145474787,2026-08-14T00:35:12.912585
6141,12,70.55584408860068,2026-08-14T00:35:12.912585
6142,13,2.039512216016788,2026-08-14T00:35:12.912585
6143,14,1570.1464545678768,2026-08-14T00:35:12.912585
6144,1,64.39583009473333,2026-08-14T00:35:14.931507
6145,2,1.991194028313291,2026-08-14T00:35:14.931507
6146,3,1372.6413682383466,2026-08-14T00:35:14.931507
6147,7,64.4404451909001,2026-08-14T00:35:14.931507
6148,8,93.53119899454337,2026-08-14T00:35:14.931507
6149,9,71.08431946547208,2026-08-14T00:35:14.931507
6150,10,2.1239997155696537,2026-08-14T00:35:14.931507
6151,11,1575.3335299504183,2026-08-14T00:35:14.931507
6152,12,66.93036667676303,2026-08-14T00:35:14.931507
6153,13,2.104771154456639,2026-08-14T00:35:14.931507
6154,14,1454.3078411729418,2026-08-14T00:35:14.931507
6155,1,76.98872438280989,2026-08-14T00:35:16.952415
6156,2,2.077248950009481,2026-08-14T00:35:16.952415
6157,3,1433.5501321156416,2026-08-14T00:35:16.952415
6158,7,65.22813508594203,2026-08-14T00:35:16.952415
6159,8,103.5388614450702,2026-08-14T00:35:16.952415
6160,9,75.97406105550886,2026-08-14T00:35:16.952415
6161,10,2.069705775536701,2026-08-14T00:35:16.952415
6162,11,1528.746658844297,2026-08-14T00:35:16.952415
6163,12,68.58922010275163,2026-08-14T00:35:16.952415
6164,13,2.052430240896209,2026-08-14T00:35:16.952415
6165,14,1544.9173295568835,2026-08-14T00:35:16.952415
6166,1,71.55156303546987,2026-08-14T00:35:18.972551
6167,2,1.8820491463177185,2026-08-14T00:35:18.972551
6168,3,1407.2350566875136,2026-08-14T00:35:18.972551
6169,4,71.93622187988062,2026-08-14T00:35:18.972551
6170,5,2.1169211534233785,2026-08-14T00:35:18.972551
6171,6,1507.657678252013,2026-08-14T00:35:18.972551
6172,7,65.13118568129377,2026-08-14T00:35:18.972551
6173,8,92.26423690984193,2026-08-14T00:35:18.972551
6174,9,77.17661018076282,2026-08-14T00:35:18.972551
6175,10,1.9623546506611995,2026-08-14T00:35:18.972551
6176,11,1468.0524609699787,2026-08-14T00:35:18.972551
6177,12,61.61487950872606,2026-08-14T00:35:18.972551
6178,13,2.3362904206793083,2026-08-14T00:35:18.972551
6179,14,1477.8742500735773,2026-08-14T00:35:18.972551
6180,1,67.06205573272273,2026-08-14T00:35:20.991015
6181,2,1.9904192255140263,2026-08-14T00:35:20.991015
6182,3,1421.938273517243,2026-08-14T00:35:20.991015
6183,4,64.88840422471542,2026-08-14T00:35:20.991015
6184,5,1.95022698591441,2026-08-14T00:35:20.991015
6185,6,1350.0398714832263,2026-08-14T00:35:20.991015
6186,7,71.40812476041431,2026-08-14T00:35:20.991015
6187,8,111.45964571903521,2026-08-14T00:35:20.991015
6188,9,72.74541132049544,2026-08-14T00:35:20.991015
6189,10,1.874270154401501,2026-08-14T00:35:20.991015
6190,11,1572.6135878687032,2026-08-14T00:35:20.991015
6191,12,70.85904408814596,2026-08-14T00:35:20.991015
6192,13,2.131928879769657,2026-08-14T00:35:20.991015
6193,14,1384.497421186596,2026-08-14T00:35:20.991015
6194,1,66.72155735812544,2026-08-14T00:35:23.011434
6195,2,2.028445721875652,2026-08-14T00:35:23.011434
6196,3,1491.3269472602308,2026-08-14T00:35:23.011434
6197,4,68.40345604155199,2026-08-14T00:35:23.011434
6198,5,2.05751702533301,2026-08-14T00:35:23.011434
6199,6,1575.9816446609866,2026-08-14T00:35:23.011434
6200,7,70.745890053995,2026-08-14T00:35:23.011434
6201,8,98.82502086648294,2026-08-14T00:35:23.011434
6202,9,68.56417831947192,2026-08-14T00:35:23.011434
6203,10,1.957855950184513,2026-08-14T00:35:23.011434
6204,11,1420.275717098146,2026-08-14T00:35:23.011434
6205,12,65.62674327772729,2026-08-14T00:35:23.011434
6206,13,1.9863520245045405,2026-08-14T00:35:23.011434
6207,14,1622.3984670429616,2026-08-14T00:35:23.011434
6208,15,71.60913418976409,2026-08-14T00:35:23.011434
6209,1,66.75071704653459,2026-08-14T00:35:25.030311
6210,2,1.9795627262308502,2026-08-14T00:35:25.030311
6211,3,1396.8201799829076,2026-08-14T00:35:25.030311
6212,4,68.56213572699151,2026-08-14T00:35:25.030311
6213,5,1.9680433327049287,2026-08-14T00:35:25.030311
6214,6,1415.6126048943356,2026-08-14T00:35:25.030311
6215,7,68.56089575737622,2026-08-14T00:35:25.030311
6216,8,113.71873473989264,2026-08-14T00:35:25.030311
6217,9,70.17498073406759,2026-08-14T00:35:25.030311
6218,10,1.7699212936216027,2026-08-14T00:35:25.030311
6219,11,1516.2224012272334,2026-08-14T00:35:25.030311
6220,12,74.4428031081732,2026-08-14T00:35:25.030311
6221,13,1.9814635940041636,2026-08-14T00:35:25.030311
6222,14,1385.4113758368972,2026-08-14T00:35:25.030311
6223,15,72.7506527969623,2026-08-14T00:35:25.030311
6224,1,72.78982655554472,2026-08-14T00:35:27.036560
6225,2,1.8633159019828671,2026-08-14T00:35:27.036560
6226,3,1477.943108201044,2026-08-14T00:35:27.036560
6227,4,72.22072241783502,2026-08-14T00:35:27.036560
6228,5,1.9863979723312453,2026-08-14T00:35:27.036560
6229,6,1478.22355357019,2026-08-14T00:35:27.036560
6230,7,65.87089627611536,2026-08-14T00:35:27.036560
6231,8,95.8076373575218,2026-08-14T00:35:27.036560
6232,9,71.8020839710494,2026-08-14T00:35:27.036560
6233,10,2.06195298247571,2026-08-14T00:35:27.036560
6234,11,1501.5181151639063,2026-08-14T00:35:27.036560
6235,12,71.51545404942475,2026-08-14T00:35:27.036560
6236,13,1.9229815067318443,2026-08-14T00:35:27.036560
6237,14,1452.2574224131076,2026-08-14T00:35:27.036560
6238,15,68.08079035797726,2026-08-14T00:35:27.036560
6239,1,68.49386285111312,2026-08-14T00:35:29.055615
6240,2,2.0343663375830867,2026-08-14T00:35:29.055615
6241,3,1576.278516155389,2026-08-14T00:35:29.055615
6242,4,68.94156551483975,2026-08-14T00:35:29.055615
6243,5,1.8795280520677036,2026-08-14T00:35:29.055615
6244,6,1537.9253427692558,2026-08-14T00:35:29.055615
6245,7,64.73023504722698,2026-08-14T00:35:29.055615
6246,8,105.62359814980753,2026-08-14T00:35:29.055615
6247,9,62.99668904107812,2026-08-14T00:35:29.055615
6248,10,1.9673599734257063,2026-08-14T00:35:29.055615
6249,11,1511.5333312488065,2026-08-14T00:35:29.055615
6250,12,71.23416182677764,2026-08-14T00:35:29.055615
6251,13,1.7997756422717965,2026-08-14T00:35:29.055615
6252,14,1492.8694203251898,2026-08-14T00:35:29.055615
6253,15,68.29819320123237,2026-08-14T00:35:29.055615
6254,1,67.15594745622262,2026-08-14T00:35:31.076918
6255,2,1.997878679978405,2026-08-14T00:35:31.076918
6256,3,1453.7638664015076,2026-08-14T00:35:31.076918
6257,4,73.54399955748268,2026-08-14T00:35:31.076918
6258,5,2.0581029699619484,2026-08-14T00:35:31.076918
6259,6,1664.2196487937522,2026-08-14T00:35:31.076918
6260,7,74.26061676941119,2026-08-14T00:35:31.076918
6261,8,103.10502375797951,2026-08-14T00:35:31.076918
6262,9,69.19499930501365,2026-08-14T00:35:31.076918
6263,10,1.9310822529926197,2026-08-14T00:35:31.076918
6264,11,1368.9414623674606,2026-08-14T00:35:31.076918
6265,12,63.01976647519804,2026-08-14T00:35:31.076918
6266,13,1.9985875137388656,2026-08-14T00:35:31.076918
6267,14,1534.9195301752732,2026-08-14T00:35:31.076918
6268,15,69.87974318687938,2026-08-14T00:35:31.076918
6269,1,73.31295645546973,2026-08-14T00:35:33.096558
6270,2,2.1310298061078012,2026-08-14T00:35:33.096558
6271,3,1546.539055568261,2026-08-14T00:35:33.096558
6272,4,69.3359472645959,2026-08-14T00:35:33.096558
6273,5,1.9340539139696433,2026-08-14T00:35:33.096558
6274,6,1401.5996112347132,2026-08-14T00:35:33.096558
6275,7,70.88537506737266,2026-08-14T00:35:33.096558
6276,8,103.53158479269385,2026-08-14T00:35:33.096558
6277,9,72.24293064520609,2026-08-14T00:35:33.096558
6278,10,1.9427664721738414,2026-08-14T00:35:33.096558
6279,11,1451.1208874907586,2026-08-14T00:35:33.096558
6280,12,69.2290269329404,2026-08-14T00:35:33.096558
6281,13,1.9135720129171467,2026-08-14T00:35:33.096558
6282,14,1485.0623797233009,2026-08-14T00:35:33.096558
6283,15,64.6741258397979,2026-08-14T00:35:33.096558
6284,1,71.51674689655073,2026-08-14T00:35:35.115814
6285,2,2.176207856595766,2026-08-14T00:35:35.115814
6286,3,1591.9805186765466,2026-08-14T00:35:35.115814
6287,4,67.33734279932365,2026-08-14T00:35:35.115814
6288,5,2.034264249442591,2026-08-14T00:35:35.115814
6289,6,1607.3173116233495,2026-08-14T00:35:35.115814
6290,7,69.99434923469033,2026-08-14T00:35:35.115814
6291,8,101.68376010383685,2026-08-14T00:35:35.115814
6292,9,70.9674981088288,2026-08-14T00:35:35.115814
6293,10,2.1478233402799125,2026-08-14T00:35:35.115814
6294,11,1571.576436252804,2026-08-14T00:35:35.115814
6295,12,69.06775699402885,2026-08-14T00:35:35.115814
6296,13,1.9612624061510755,2026-08-14T00:35:35.115814
6297,14,1475.0080474406257,2026-08-14T00:35:35.115814
6298,15,70.2096291751252,2026-08-14T00:35:35.115814
6299,1,72.71071647507549,2026-08-14T00:35:37.135259
6300,2,2.033680020343623,2026-08-14T00:35:37.135259
6301,3,1621.2385080239728,2026-08-14T00:35:37.135259
6302,4,72.47787166725735,2026-08-14T00:35:37.135259
6303,5,2.115760681395043,2026-08-14T00:35:37.135259
6304,6,1607.0841200314958,2026-08-14T00:35:37.135259
6305,7,68.27324965293111,2026-08-14T00:35:37.135259
6306,8,96.50261080628616,2026-08-14T00:35:37.135259
6307,9,65.28515403835061,2026-08-14T00:35:37.135259
6308,10,1.9533383882792912,2026-08-14T00:35:37.135259
6309,11,1455.364813214424,2026-08-14T00:35:37.135259
6310,12,66.23680696418373,2026-08-14T00:35:37.135259
6311,13,1.9616281668848157,2026-08-14T00:35:37.135259
6312,14,1494.8306825701131,2026-08-14T00:35:37.135259
6313,15,74.41880668454642,2026-08-14T00:35:37.135259
6314,1,67.68579081715176,2026-08-14T00:35:39.154043
6315,2,1.956023458870836,2026-08-14T00:35:39.154043
6316,3,1426.9392247792625,2026-08-14T00:35:39.154043
6317,4,69.73777131678858,2026-08-14T00:35:39.154043
6318,5,2.0870029753713077,2026-08-14T00:35:39.154043
6319,6,1495.825713537224,2026-08-14T00:35:39.154043
6320,7,69.23498397171856,2026-08-14T00:35:39.154043
6321,8,100.16607307090486,2026-08-14T00:35:39.154043
6322,9,71.71207854755475,2026-08-14T00:35:39.154043
6323,10,1.904274374182107,2026-08-14T00:35:39.154043
6324,11,1507.8153090894284,2026-08-14T00:35:39.154043
6325,12,72.23118393943346,2026-08-14T00:35:39.154043
6326,13,2.1160822993730215,2026-08-14T00:35:39.154043
6327,14,1491.4465322619862,2026-08-14T00:35:39.154043
6328,15,73.54373676121607,2026-08-14T00:35:39.154043
6329,1,62.818619736695815,2026-08-14T00:35:41.160574
6330,2,2.003323688303068,2026-08-14T00:35:41.160574
6331,3,1498.8357182339576,2026-08-14T00:35:41.160574
6332,4,72.04785394398976,2026-08-14T00:35:41.160574
6333,5,1.897046860522945,2026-08-14T00:35:41.160574
6334,6,1528.0381362050541,2026-08-14T00:35:41.160574
6335,7,67.38951474874558,2026-08-14T00:35:41.160574
6336,8,100.0709861718427,2026-08-14T00:35:41.160574
6337,9,68.35089160864472,2026-08-14T00:35:41.160574
6338,10,2.043599140064078,2026-08-14T00:35:41.160574
6339,11,1445.4670069010458,2026-08-14T00:35:41.160574
6340,12,70.96722271252874,2026-08-14T00:35:41.160574
6341,13,2.104477033563455,2026-08-14T00:35:41.160574
6342,14,1465.1567789001042,2026-08-14T00:35:41.160574
6343,15,76.74213843109766,2026-08-14T00:35:41.160574
6344,1,71.36101037618297,2026-08-14T00:35:43.167826
6345,2,1.971980416548058,2026-08-14T00:35:43.167826
6346,3,1669.3726679068031,2026-08-14T00:35:43.167826
6347,4,71.06691219255309,2026-08-14T00:35:43.167826
6348,5,1.9524613899049275,2026-08-14T00:35:43.167826
6349,6,1569.423612052354,2026-08-14T00:35:43.167826
6350,7,71.29968466650158,2026-08-14T00:35:43.167826
6351,8,88.79691436173489,2026-08-14T00:35:43.167826
6352,9,73.05594530351316,2026-08-14T00:35:43.167826
6353,10,2.1918246137348953,2026-08-14T00:35:43.167826
6354,11,1433.915513647421,2026-08-14T00:35:43.167826
6355,12,57.812449724940336,2026-08-14T00:35:43.167826
6356,13,1.969261810561103,2026-08-14T00:35:43.167826
6357,14,1367.4832371221642,2026-08-14T00:35:43.167826
6358,15,66.50386333924136,2026-08-14T00:35:43.167826
6359,1,67.70072551393956,2026-08-14T00:35:45.188686
6360,2,1.8901675280279475,2026-08-14T00:35:45.188686
6361,3,1492.871698862551,2026-08-14T00:35:45.188686
6362,4,70.65097674774967,2026-08-14T00:35:45.188686
6363,5,1.9243786979896953,2026-08-14T00:35:45.188686
6364,6,1494.2867000673002,2026-08-14T00:35:45.188686
6365,7,72.575543210957,2026-08-14T00:35:45.188686
6366,8,99.20717856903994,2026-08-14T00:35:45.188686
6367,9,63.13131191115465,2026-08-14T00:35:45.188686
6368,10,2.1026731684333577,2026-08-14T00:35:45.188686
6369,11,1608.7674085842327,2026-08-14T00:35:45.188686
6370,12,67.57688579536102,2026-08-14T00:35:45.188686
6371,13,2.1830592626670655,2026-08-14T00:35:45.188686
6372,14,1568.9083261085784,2026-08-14T00:35:45.188686
6373,15,67.92236520219608,2026-08-14T00:35:45.188686
6374,1,75.255026540108,2026-08-14T00:35:47.208355
6375,2,2.2487383471705393,2026-08-14T00:35:47.208355
6376,3,1484.867400026864,2026-08-14T00:35:47.208355
6377,4,72.60048666431967,2026-08-14T00:35:47.208355
6378,5,1.9479091245404683,2026-08-14T00:35:47.208355
6379,6,1408.0932103456412,2026-08-14T00:35:47.208355
6380,7,64.49782798867842,2026-08-14T00:35:47.208355
6381,8,107.71841047154332,2026-08-14T00:35:47.208355
6382,9,68.66412613506076,2026-08-14T00:35:47.208355
6383,10,2.0414018863174594,2026-08-14T00:35:47.208355
6384,11,1665.3019058468744,2026-08-14T00:35:47.208355
6385,12,64.66744151969606,2026-08-14T00:35:47.208355
6386,13,2.052336147889437,2026-08-14T00:35:47.208355
6387,14,1441.6046416579288,2026-08-14T00:35:47.208355
6388,15,69.42062982394027,2026-08-14T00:35:47.208355
6389,1,69.379101988115,2026-08-14T00:35:49.215410
6390,2,2.0958604159518286,2026-08-14T00:35:49.215410
6391,3,1512.4685748002407,2026-08-14T00:35:49.215410
6392,4,68.99895392749299,2026-08-14T00:35:49.215410
6393,5,1.855616148242403,2026-08-14T00:35:49.215410
6394,6,1608.763563706236,2026-08-14T00:35:49.215410
6395,7,65.59728832846892,2026-08-14T00:35:49.215410
6396,8,98.63372078603271,2026-08-14T00:35:49.215410
6397,9,77.61723960802614,2026-08-14T00:35:49.215410
6398,10,1.9619282314695474,2026-08-14T00:35:49.215410
6399,11,1483.0579781489196,2026-08-14T00:35:49.215410
6400,12,72.36908727699199,2026-08-14T00:35:49.215410
6401,13,1.8599843718475961,2026-08-14T00:35:49.215410
6402,14,1407.8012776999153,2026-08-14T00:35:49.215410
6403,15,64.12743452289664,2026-08-14T00:35:49.215410
6404,1,75.82279736954129,2026-08-14T00:35:51.236541
6405,2,1.9906527668678868,2026-08-14T00:35:51.236541
6406,3,1449.8455408586017,2026-08-14T00:35:51.236541
6407,4,74.22804591659144,2026-08-14T00:35:51.236541
6408,5,1.9964611311444265,2026-08-14T00:35:51.236541
6409,6,1583.699314385879,2026-08-14T00:35:51.236541
6410,7,66.42508840643215,2026-08-14T00:35:51.236541
6411,8,102.63878983055181,2026-08-14T00:35:51.236541
6412,9,71.57365046717847,2026-08-14T00:35:51.236541
6413,10,1.7674025917734872,2026-08-14T00:35:51.236541
6414,11,1588.9613938451578,2026-08-14T00:35:51.236541
6415,15,66.75232063468765,2026-08-14T00:35:51.236541
6416,4,70.85125083759048,2026-08-14T00:35:53.245639
6417,5,1.9828361538060575,2026-08-14T00:35:53.245639
6418,6,1305.5713550626597,2026-08-14T00:35:53.245639
6419,7,75.80988393471253,2026-08-14T00:35:53.245639
6420,8,101.76753267641973,2026-08-14T00:35:53.245639
6421,9,72.70349465401515,2026-08-14T00:35:53.245639
6422,10,2.0104647710207884,2026-08-14T00:35:53.245639
6423,11,1441.2881228829685,2026-08-14T00:35:53.245639
6424,15,70.83027367406224,2026-08-14T00:35:53.245639
6425,4,67.33852042044103,2026-08-14T00:35:55.269237
6426,5,1.838074065540708,2026-08-14T00:35:55.269237
6427,6,1608.6630976553017,2026-08-14T00:35:55.269237
6428,9,70.09013911356685,2026-08-14T00:35:55.269237
6429,10,2.0396396696977694,2026-08-14T00:35:55.269237
6430,11,1448.0391358089626,2026-08-14T00:35:55.269237
6431,15,71.28814885752179,2026-08-14T00:35:55.269237
6432,4,76.17485554729082,2026-08-14T00:35:57.276881
6433,5,1.801131851412499,2026-08-14T00:35:57.276881
6434,6,1439.433649108841,2026-08-14T00:35:57.276881
6435,9,67.77955687239891,2026-08-14T00:35:57.276881
6436,10,2.0928929247824413,2026-08-14T00:35:57.276881
6437,11,1429.625628946937,2026-08-14T00:35:57.276881
6438,15,62.861757577770625,2026-08-14T00:35:57.276881
6439,4,73.06114776377335,2026-08-14T00:35:59.283045
6440,5,2.1020535572749326,2026-08-14T00:35:59.283045
6441,6,1443.3470246490124,2026-08-14T00:35:59.283045
6442,9,74.45949043023185,2026-08-14T00:35:59.283045
6443,10,2.0837198122232072,2026-08-14T00:35:59.283045
6444,11,1484.2692026582201,2026-08-14T00:35:59.283045
6445,15,68.41177666805008,2026-08-14T00:35:59.283045
6446,1,70.97479037242395,2026-08-14T00:36:01.289744
6447,2,1.9093939337069246,2026-08-14T00:36:01.289744
6448,3,1581.1525066543948,2026-08-14T00:36:01.289744
6449,4,69.73151477840288,2026-08-14T00:36:01.289744
6450,5,1.9310099970881505,2026-08-14T00:36:01.289744
6451,6,1485.7373275938016,2026-08-14T00:36:01.289744
6452,9,66.2124364554966,2026-08-14T00:36:01.289744
6453,10,2.052748744445203,2026-08-14T00:36:01.289744
6454,11,1501.0149688114102,2026-08-14T00:36:01.289744
6455,15,74.9195190409118,2026-08-14T00:36:01.289744
6456,1,71.88328662250325,2026-08-14T00:36:03.295622
6457,2,2.1188923204954984,2026-08-14T00:36:03.295622
6458,3,1375.5526195053867,2026-08-14T00:36:03.295622
6459,4,73.29755448155233,2026-08-14T00:36:03.295622
6460,5,2.0294772191756363,2026-08-14T00:36:03.295622
6461,6,1530.958566869649,2026-08-14T00:36:03.295622
6462,9,59.10435532098581,2026-08-14T00:36:03.295622
6463,10,1.9890371633712216,2026-08-14T00:36:03.295622
6464,11,1658.8056101737805,2026-08-14T00:36:03.295622
6465,15,66.22197152187677,2026-08-14T00:36:03.295622
6466,1,67.0193177761522,2026-08-14T00:36:05.315170
6467,2,1.942994172340214,2026-08-14T00:36:05.315170
6468,3,1456.3684655372037,2026-08-14T00:36:05.315170
6469,4,70.81637881085402,2026-08-14T00:36:05.315170
6470,5,2.064151984407967,2026-08-14T00:36:05.315170
6471,6,1527.0128780639018,2026-08-14T00:36:05.315170
6472,9,73.53583164358399,2026-08-14T00:36:05.315170
6473,10,2.000145756002808,2026-08-14T00:36:05.315170
6474,11,1598.3364981802488,2026-08-14T00:36:05.315170
6475,15,68.51323117396774,2026-08-14T00:36:05.315170
6476,1,74.04234485937137,2026-08-14T00:36:07.321661
6477,2,2.11121441465029,2026-08-14T00:36:07.321661
6478,3,1436.49681880181,2026-08-14T00:36:07.321661
6479,4,66.76762842466925,2026-08-14T00:36:07.321661
6480,5,2.1858012458739813,2026-08-14T00:36:07.321661
6481,6,1416.8420695023067,2026-08-14T00:36:07.321661
6482,9,78.13694459801106,2026-08-14T00:36:07.321661
6483,10,1.880129375057765,2026-08-14T00:36:07.321661
6484,11,1490.2314131890712,2026-08-14T00:36:07.321661
6485,15,67.01006760029313,2026-08-14T00:36:07.321661
6486,1,68.25328955538183,2026-08-14T00:36:09.341120
6487,2,1.9900026597008085,2026-08-14T00:36:09.341120
6488,3,1620.7172151820387,2026-08-14T00:36:09.341120
6489,4,65.4398954170906,2026-08-14T00:36:09.341120
6490,5,1.8603784486777064,2026-08-14T00:36:09.341120
6491,6,1563.8610311177563,2026-08-14T00:36:09.341120
6492,9,67.77870703697955,2026-08-14T00:36:09.341120
6493,10,2.0094804446055874,2026-08-14T00:36:09.341120
6494,11,1485.498376095662,2026-08-14T00:36:09.341120
6495,15,75.66859125842262,2026-08-14T00:36:09.341120
6496,1,63.56698586297602,2026-08-14T00:36:11.347457
6497,2,1.9603191371882212,2026-08-14T00:36:11.347457
6498,3,1470.7463503612007,2026-08-14T00:36:11.347457
6499,4,72.09748948890373,2026-08-14T00:36:11.347457
6500,5,1.9280796571795493,2026-08-14T00:36:11.347457
6501,6,1482.6836791342496,2026-08-14T00:36:11.347457
6502,9,71.74741252407635,2026-08-14T00:36:11.347457
6503,10,1.945942110813761,2026-08-14T00:36:11.347457
6504,11,1427.7542883285917,2026-08-14T00:36:11.347457
6505,15,69.88837421209661,2026-08-14T00:36:11.347457
6506,1,74.6065840932326,2026-08-14T00:36:13.368475
6507,2,2.129483734781813,2026-08-14T00:36:13.368475
6508,3,1517.362799874004,2026-08-14T00:36:13.368475
6509,4,69.0631830712354,2026-08-14T00:36:13.368475
6510,5,1.874866305685304,2026-08-14T00:36:13.368475
6511,6,1614.7441196642255,2026-08-14T00:36:13.368475
6512,9,69.37139364908757,2026-08-14T00:36:13.368475
6513,10,1.7421854759463753,2026-08-14T00:36:13.368475
6514,11,1501.6646513766561,2026-08-14T00:36:13.368475
6515,15,69.7528524762374,2026-08-14T00:36:13.368475
6516,1,69.42680268217282,2026-08-14T00:36:15.389101
6517,2,2.048262997457656,2026-08-14T00:36:15.389101
6518,3,1529.8321905594123,2026-08-14T00:36:15.389101
6519,4,72.58653195008274,2026-08-14T00:36:15.389101
6520,5,2.0563976857574673,2026-08-14T00:36:15.389101
6521,6,1487.0031090786968,2026-08-14T00:36:15.389101
6522,9,68.01532189106766,2026-08-14T00:36:15.389101
6523,10,1.9296563361145622,2026-08-14T00:36:15.389101
6524,11,1268.6788255854244,2026-08-14T00:36:15.389101
6525,15,63.8808592303886,2026-08-14T00:36:15.389101
6526,1,74.75263886268793,2026-08-14T00:36:18.433768
6527,2,1.9767015724838664,2026-08-14T00:36:18.433768
6528,3,1591.8470358169486,2026-08-14T00:36:18.433768
6529,4,70.14067433562168,2026-08-14T00:36:18.433768
6530,5,1.9853091908236682,2026-08-14T00:36:18.433768
6531,6,1487.5232070603276,2026-08-14T00:36:18.433768
6532,9,72.97925004653709,2026-08-14T00:36:18.433768
6533,10,2.0852960867238273,2026-08-14T00:36:18.433768
6534,11,1530.3089935580472,2026-08-14T00:36:18.433768
6535,15,65.74710123893294,2026-08-14T00:36:18.433768
6536,1,77.66422978595891,2026-08-14T00:36:20.441887
6537,2,1.9676837783242742,2026-08-14T00:36:20.441887
6538,3,1413.7268747586645,2026-08-14T00:36:20.441887
6539,4,76.67755597456359,2026-08-14T00:36:20.441887
6540,5,2.049784383961083,2026-08-14T00:36:20.441887
6541,6,1450.3013815265167,2026-08-14T00:36:20.441887
6542,9,71.08342165385957,2026-08-14T00:36:20.441887
6543,10,2.1277732409211785,2026-08-14T00:36:20.441887
6544,11,1519.7678875628533,2026-08-14T00:36:20.441887
6545,15,73.15245656234735,2026-08-14T00:36:20.441887
6546,1,67.76451195536713,2026-08-14T00:36:22.448436
6547,2,1.9999864058237171,2026-08-14T00:36:22.448436
6548,3,1625.90117406477,2026-08-14T00:36:22.448436
6549,4,65.83193798892776,2026-08-14T00:36:22.448436
6550,5,1.9710166370289581,2026-08-14T00:36:22.448436
6551,6,1534.5017903579062,2026-08-14T00:36:22.448436
6552,9,72.04580605866072,2026-08-14T00:36:22.448436
6553,10,1.9858218035299764,2026-08-14T00:36:22.448436
6554,11,1527.7952470543619,2026-08-14T00:36:22.448436
6555,15,70.46820468944122,2026-08-14T00:36:22.448436
6556,1,72.40830064667318,2026-08-14T00:36:24.457843
6557,2,1.8513412398959115,2026-08-14T00:36:24.457843
6558,3,1454.5524604596003,2026-08-14T00:36:24.457843
6559,4,72.43642285535354,2026-08-14T00:36:24.457843
6560,5,2.0684116531640324,2026-08-14T00:36:24.457843
6561,6,1580.1805714430939,2026-08-14T00:36:24.457843
6562,9,72.21100642713049,2026-08-14T00:36:24.457843
6563,10,2.080059216801624,2026-08-14T00:36:24.457843
6564,11,1406.4725263323849,2026-08-14T00:36:24.457843
6565,15,67.27367548694467,2026-08-14T00:36:24.457843
6566,1,74.95117389734004,2026-08-14T00:36:27.318093
6567,2,1.9529671735244953,2026-08-14T00:36:27.318093
6568,3,1491.3276921463362,2026-08-14T00:36:27.318093
6569,4,65.76546260347956,2026-08-14T00:36:27.318093
6570,5,2.0731455373840446,2026-08-14T00:36:27.318093
6571,6,1588.5339317231249,2026-08-14T00:36:27.318093
6572,9,64.55961379227261,2026-08-14T00:36:27.318093
6573,10,1.9661399295186714,2026-08-14T00:36:27.318093
6574,11,1478.137351591672,2026-08-14T00:36:27.318093
6575,15,65.09716385398511,2026-08-14T00:36:27.318093
6576,1,74.21620388335947,2026-08-14T00:36:29.338009
6577,2,2.0028943456750063,2026-08-14T00:36:29.338009
6578,3,1451.0089578628385,2026-08-14T00:36:29.338009
6579,4,70.08272530592674,2026-08-14T00:36:29.338009
6580,5,1.9283334845496911,2026-08-14T00:36:29.338009
6581,6,1463.2890214680667,2026-08-14T00:36:29.338009
6582,9,66.35507480699177,2026-08-14T00:36:29.338009
6583,10,2.141899162355413,2026-08-14T00:36:29.338009
6584,11,1455.2892371976873,2026-08-14T00:36:29.338009
6585,15,70.69133989017948,2026-08-14T00:36:29.338009
6586,1,73.13487572317884,2026-08-14T00:36:32.202737
6587,2,2.1091775510626314,2026-08-14T00:36:32.202737
6588,3,1338.7474771723705,2026-08-14T00:36:32.202737
6589,4,72.26565464900027,2026-08-14T00:36:32.202737
6590,5,2.024790594919356,2026-08-14T00:36:32.202737
6591,6,1545.5485441084759,2026-08-14T00:36:32.202737
6592,9,72.39423640863676,2026-08-14T00:36:32.202737
6593,10,2.0562509789353767,2026-08-14T00:36:32.202737
6594,11,1359.1783204607095,2026-08-14T00:36:32.202737
6595,15,61.00498004808554,2026-08-14T00:36:32.202737
6596,1,68.4427423368426,2026-08-14T00:36:35.076467
6597,2,2.0317630498428167,2026-08-14T00:36:35.076467
6598,3,1558.0030604925716,2026-08-14T00:36:35.076467
6599,4,70.33337921792717,2026-08-14T00:36:35.076467
6600,5,1.9654591224602591,2026-08-14T00:36:35.076467
6601,6,1473.5973466510495,2026-08-14T00:36:35.076467
6602,9,72.47034389477156,2026-08-14T00:36:35.076467
6603,10,1.9366203622134475,2026-08-14T00:36:35.076467
6604,11,1440.4587639039792,2026-08-14T00:36:35.076467
6605,15,67.58877822378734,2026-08-14T00:36:35.076467
6606,1,70.86911409510347,2026-08-14T00:36:37.098751
6607,2,1.96992076017046,2026-08-14T00:36:37.098751
6608,3,1630.922854259504,2026-08-14T00:36:37.098751
6609,4,68.92927018342394,2026-08-14T00:36:37.098751
6610,5,2.0505050489429983,2026-08-14T00:36:37.098751
6611,6,1512.5568347808492,2026-08-14T00:36:37.098751
6612,9,70.64632881030643,2026-08-14T00:36:37.098751
6613,10,2.038708837265467,2026-08-14T00:36:37.098751
6614,11,1474.2816527625118,2026-08-14T00:36:37.098751
6615,15,68.1254997824248,2026-08-14T00:36:37.098751
6616,1,71.22286970833483,2026-08-14T00:36:39.988473
6617,2,2.059490594818538,2026-08-14T00:36:39.988473
6618,3,1616.1230470162532,2026-08-14T00:36:39.988473
6619,4,71.77926403441604,2026-08-14T00:36:39.988473
6620,5,2.009592303914732,2026-08-14T00:36:39.988473
6621,6,1515.3024221253177,2026-08-14T00:36:39.988473
6622,9,74.08848688347346,2026-08-14T00:36:39.988473
6623,10,1.9920211685170544,2026-08-14T00:36:39.988473
6624,11,1500.8721670135628,2026-08-14T00:36:39.988473
6625,15,69.84465575474124,2026-08-14T00:36:39.988473
6626,1,69.74500747647117,2026-08-14T00:36:42.023404
6627,2,1.9752024768328322,2026-08-14T00:36:42.023404
6628,3,1473.1583768329367,2026-08-14T00:36:42.023404
6629,4,77.57076277337049,2026-08-14T00:36:42.023404
6630,5,2.2111566034966117,2026-08-14T00:36:42.023404
6631,6,1464.3882693476767,2026-08-14T00:36:42.023404
6632,9,70.30249324207752,2026-08-14T00:36:42.023404
6633,10,1.9717606138511408,2026-08-14T00:36:42.023404
6634,11,1404.546092726532,2026-08-14T00:36:42.023404
6635,15,74.5367451246048,2026-08-14T00:36:42.023404
6636,1,71.66626002346678,2026-08-14T00:36:44.908274
6637,2,2.013333819214067,2026-08-14T00:36:44.908274
6638,3,1500.8583737041738,2026-08-14T00:36:44.908274
6639,4,65.80235762593303,2026-08-14T00:36:44.908274
6640,5,1.9375769635910514,2026-08-14T00:36:44.908274
6641,6,1421.5823012077335,2026-08-14T00:36:44.908274
6642,9,64.7024289554604,2026-08-14T00:36:44.908274
6643,10,1.7698557297869821,2026-08-14T00:36:44.908274
6644,11,1652.3780128910905,2026-08-14T00:36:44.908274
6645,12,74.1852705250946,2026-08-14T00:36:44.908274
6646,13,1.8627954755063059,2026-08-14T00:36:44.908274
6647,14,1536.4128905563591,2026-08-14T00:36:44.908274
6648,15,69.58842331039922,2026-08-14T00:36:44.908274
6649,1,69.22421828340906,2026-08-14T00:36:46.929782
6650,2,1.9017908460275736,2026-08-14T00:36:46.929782
6651,3,1501.6231850326515,2026-08-14T00:36:46.929782
6652,4,62.969527346428656,2026-08-14T00:36:46.929782
6653,5,1.9280253924551052,2026-08-14T00:36:46.929782
6654,6,1482.4946211515023,2026-08-14T00:36:46.929782
6655,9,73.43889717866368,2026-08-14T00:36:46.929782
6656,10,2.0463922903613447,2026-08-14T00:36:46.929782
6657,11,1601.5182926959853,2026-08-14T00:36:46.929782
6658,12,68.67002550464126,2026-08-14T00:36:46.929782
6659,13,2.0227050294572924,2026-08-14T00:36:46.929782
6660,14,1440.2332954033739,2026-08-14T00:36:46.929782
6661,15,74.75891491474037,2026-08-14T00:36:46.929782
6662,1,70.43879209823284,2026-08-14T00:36:48.936462
6663,2,2.1146609214766423,2026-08-14T00:36:48.936462
6664,3,1426.2762671707635,2026-08-14T00:36:48.936462
6665,4,70.68289538411129,2026-08-14T00:36:48.936462
6666,5,2.0435731930353342,2026-08-14T00:36:48.936462
6667,6,1504.9165978117467,2026-08-14T00:36:48.936462
6668,9,73.72273872801135,2026-08-14T00:36:48.936462
6669,10,1.9559886125331534,2026-08-14T00:36:48.936462
6670,11,1528.3391851337688,2026-08-14T00:36:48.936462
6671,12,66.77944687212685,2026-08-14T00:36:48.936462
6672,13,2.0850612412256835,2026-08-14T00:36:48.936462
6673,14,1609.7538037401491,2026-08-14T00:36:48.936462
6674,15,66.5240295875654,2026-08-14T00:36:48.936462
6675,1,70.32901480922553,2026-08-14T00:36:50.956227
6676,2,2.076558078019218,2026-08-14T00:36:50.956227
6677,3,1461.4283259491028,2026-08-14T00:36:50.956227
6678,4,83.1052784882701,2026-08-14T00:36:50.956227
6679,5,2.059034167138495,2026-08-14T00:36:50.956227
6680,6,1568.8347035194947,2026-08-14T00:36:50.956227
6681,9,68.94520752828561,2026-08-14T00:36:50.956227
6682,10,2.0327026394496124,2026-08-14T00:36:50.956227
6683,11,1353.7913784894326,2026-08-14T00:36:50.956227
6684,12,74.36689622768138,2026-08-14T00:36:50.956227
6685,13,2.1268713146100744,2026-08-14T00:36:50.956227
6686,14,1495.7461588123606,2026-08-14T00:36:50.956227
6687,15,67.65676786994611,2026-08-14T00:36:50.956227
6688,1,68.22147804035596,2026-08-14T00:36:52.979345
6689,2,2.026660536130302,2026-08-14T00:36:52.979345
6690,3,1525.3440865153111,2026-08-14T00:36:52.979345
6691,4,71.12044846743967,2026-08-14T00:36:52.979345
6692,5,1.9075021634961846,2026-08-14T00:36:52.979345
6693,6,1510.834150427312,2026-08-14T00:36:52.979345
6694,9,66.84018729843194,2026-08-14T00:36:52.979345
6695,10,1.9105986648056739,2026-08-14T00:36:52.979345
6696,11,1483.890246100886,2026-08-14T00:36:52.979345
6697,12,71.124307583205,2026-08-14T00:36:52.979345
6698,13,2.037808008396125,2026-08-14T00:36:52.979345
6699,14,1371.1111089287535,2026-08-14T00:36:52.979345
6700,15,66.57028481182365,2026-08-14T00:36:52.979345
6701,1,69.60158937318532,2026-08-14T00:36:55.000882
6702,2,1.8459705116145961,2026-08-14T00:36:55.000882
6703,3,1586.8173601590515,2026-08-14T00:36:55.000882
6704,4,78.00403340889116,2026-08-14T00:36:55.000882
6705,5,1.8513763384480713,2026-08-14T00:36:55.000882
6706,6,1478.3978172934162,2026-08-14T00:36:55.000882
6707,9,70.5388849556384,2026-08-14T00:36:55.000882
6708,10,1.9221884292610434,2026-08-14T00:36:55.000882
6709,11,1544.1335294395624,2026-08-14T00:36:55.000882
6710,12,68.19430230411866,2026-08-14T00:36:55.000882
6711,13,2.0591303020087977,2026-08-14T00:36:55.000882
6712,14,1439.101311844448,2026-08-14T00:36:55.000882
6713,15,68.26438299885224,2026-08-14T00:36:55.000882
6714,1,68.38053989755852,2026-08-14T00:36:57.022253
6715,2,2.041177246368671,2026-08-14T00:36:57.022253
6716,3,1514.9437123030054,2026-08-14T00:36:57.022253
6717,4,70.67919984470856,2026-08-14T00:36:57.022253
6718,5,1.9054654215176174,2026-08-14T00:36:57.022253
6719,6,1426.277583441456,2026-08-14T00:36:57.022253
6720,9,70.93518007513445,2026-08-14T00:36:57.022253
6721,10,1.8523197055918366,2026-08-14T00:36:57.022253
6722,11,1385.2245599188082,2026-08-14T00:36:57.022253
6723,12,66.61293017466579,2026-08-14T00:36:57.022253
6724,13,1.8426654314457616,2026-08-14T00:36:57.022253
6725,14,1609.8023330984802,2026-08-14T00:36:57.022253
6726,15,65.97266565415308,2026-08-14T00:36:57.022253
6727,1,71.75976684849219,2026-08-14T00:36:59.029773
6728,2,2.039241126158289,2026-08-14T00:36:59.029773
6729,3,1395.2799667497673,2026-08-14T00:36:59.029773
6730,4,66.38950302461268,2026-08-14T00:36:59.029773
6731,5,2.1289252673830332,2026-08-14T00:36:59.029773
6732,6,1516.5695566440713,2026-08-14T00:36:59.029773
6733,7,68.4206021612032,2026-08-14T00:36:59.029773
6734,8,106.24419224039968,2026-08-14T00:36:59.029773
6735,9,66.34793135020611,2026-08-14T00:36:59.029773
6736,10,2.1399869906781688,2026-08-14T00:36:59.029773
6737,11,1435.6558585313173,2026-08-14T00:36:59.029773
6738,12,69.23808191462433,2026-08-14T00:36:59.029773
6739,13,1.9406646150142195,2026-08-14T00:36:59.029773
6740,14,1432.975814253283,2026-08-14T00:36:59.029773
6741,15,69.52401687452165,2026-08-14T00:36:59.029773
6742,1,68.91766719007467,2026-08-14T00:37:01.879805
6743,2,1.833204255676172,2026-08-14T00:37:01.879805
6744,3,1537.666713663265,2026-08-14T00:37:01.879805
6745,4,69.3350078648642,2026-08-14T00:37:01.879805
6746,5,2.013360507196491,2026-08-14T00:37:01.879805
6747,6,1520.0929544864284,2026-08-14T00:37:01.879805
6748,7,63.28407124397417,2026-08-14T00:37:01.879805
6749,8,101.18832331119887,2026-08-14T00:37:01.879805
6750,9,76.31898997488143,2026-08-14T00:37:01.879805
6751,10,2.011982157205027,2026-08-14T00:37:01.879805
6752,11,1452.7624256540885,2026-08-14T00:37:01.879805
6753,12,64.8034312078165,2026-08-14T00:37:01.879805
6754,13,2.0823307831426736,2026-08-14T00:37:01.879805
6755,14,1399.554561003245,2026-08-14T00:37:01.879805
6756,15,73.13947437791832,2026-08-14T00:37:01.879805
6757,1,67.97561129510292,2026-08-14T00:37:03.902356
6758,2,2.02855969128418,2026-08-14T00:37:03.902356
6759,3,1510.0400971345157,2026-08-14T00:37:03.902356
6760,4,69.1026455448241,2026-08-14T00:37:03.902356
6761,5,1.8651842728553745,2026-08-14T00:37:03.902356
6762,6,1653.9621044429284,2026-08-14T00:37:03.902356
6763,7,69.80182817857214,2026-08-14T00:37:03.902356
6764,8,102.04718476431249,2026-08-14T00:37:03.902356
6765,9,76.59404397407353,2026-08-14T00:37:03.902356
6766,10,1.7862128700092565,2026-08-14T00:37:03.902356
6767,11,1465.5640431256763,2026-08-14T00:37:03.902356
6768,12,68.73419220817838,2026-08-14T00:37:03.902356
6769,13,2.0731912083118536,2026-08-14T00:37:03.902356
6770,14,1525.3627239202958,2026-08-14T00:37:03.902356
6771,15,64.81601961949222,2026-08-14T00:37:03.902356
6772,1,72.55554904582377,2026-08-14T00:37:05.924775
6773,2,1.8895644165982532,2026-08-14T00:37:05.924775
6774,3,1543.1485245341792,2026-08-14T00:37:05.924775
6775,4,62.54638229483702,2026-08-14T00:37:05.924775
6776,5,2.0023659353655674,2026-08-14T00:37:05.924775
6777,6,1583.0320426562296,2026-08-14T00:37:05.924775
6778,7,73.24247734854964,2026-08-14T00:37:05.924775
6779,8,101.29336040695742,2026-08-14T00:37:05.924775
6780,9,65.0196892597165,2026-08-14T00:37:05.924775
6781,10,2.1064386234969046,2026-08-14T00:37:05.924775
6782,11,1473.0986307748456,2026-08-14T00:37:05.924775
6783,12,69.21240892568676,2026-08-14T00:37:05.924775
6784,13,2.028764598558384,2026-08-14T00:37:05.924775
6785,14,1424.4835507078128,2026-08-14T00:37:05.924775
6786,15,68.98698391600493,2026-08-14T00:37:05.924775
6787,1,68.4047025158353,2026-08-14T00:37:07.945575
6788,2,2.053017439161335,2026-08-14T00:37:07.945575
6789,3,1542.6398190766129,2026-08-14T00:37:07.945575
6790,4,68.91168527530498,2026-08-14T00:37:07.945575
6791,5,2.0591892411451624,2026-08-14T00:37:07.945575
6792,6,1482.642057382703,2026-08-14T00:37:07.945575
6793,7,71.7477327013964,2026-08-14T00:37:07.945575
6794,8,95.98052029957896,2026-08-14T00:37:07.945575
6795,9,71.5457541709988,2026-08-14T00:37:07.945575
6796,10,2.0215970419716447,2026-08-14T00:37:07.945575
6797,11,1464.901108404268,2026-08-14T00:37:07.945575
6798,12,68.41509510787944,2026-08-14T00:37:07.945575
6799,13,2.088143529513819,2026-08-14T00:37:07.945575
6800,14,1493.4777218892596,2026-08-14T00:37:07.945575
6801,15,75.50166814507749,2026-08-14T00:37:07.945575
6802,1,69.59535725141282,2026-08-14T00:37:09.956588
6803,2,2.071456600709335,2026-08-14T00:37:09.956588
6804,3,1389.1517190143902,2026-08-14T00:37:09.956588
6805,4,67.28351156425973,2026-08-14T00:37:09.956588
6806,5,2.0139675246572812,2026-08-14T00:37:09.956588
6807,6,1641.1558171662555,2026-08-14T00:37:09.956588
6808,7,67.15104324036609,2026-08-14T00:37:09.956588
6809,8,103.10416648308602,2026-08-14T00:37:09.956588
6810,9,66.05581678633304,2026-08-14T00:37:09.956588
6811,10,2.0184073656200363,2026-08-14T00:37:09.956588
6812,11,1385.548108604938,2026-08-14T00:37:09.956588
6813,12,71.92523025463315,2026-08-14T00:37:09.956588
6814,13,2.0342407178428825,2026-08-14T00:37:09.956588
6815,14,1449.390346419123,2026-08-14T00:37:09.956588
6816,15,66.99755182074578,2026-08-14T00:37:09.956588
6817,1,65.3137044421729,2026-08-14T00:37:11.978524
6818,2,2.098255617276847,2026-08-14T00:37:11.978524
6819,3,1466.2685899539451,2026-08-14T00:37:11.978524
6820,4,67.79717219390275,2026-08-14T00:37:11.978524
6821,5,1.9750821736160133,2026-08-14T00:37:11.978524
6822,6,1701.014604673786,2026-08-14T00:37:11.978524
6823,7,68.68541035280295,2026-08-14T00:37:11.978524
6824,8,84.37902760331049,2026-08-14T00:37:11.978524
6825,9,62.61889530328594,2026-08-14T00:37:11.978524
6826,10,2.0003266068250167,2026-08-14T00:37:11.978524
6827,11,1424.9512336914456,2026-08-14T00:37:11.978524
6828,12,70.45140752988294,2026-08-14T00:37:11.978524
6829,13,1.9906177200862953,2026-08-14T00:37:11.978524
6830,14,1537.543433861843,2026-08-14T00:37:11.978524
6831,15,71.28255335611344,2026-08-14T00:37:11.978524
6832,1,74.58089952500117,2026-08-14T00:37:13.986735
6833,2,2.0408851975412867,2026-08-14T00:37:13.986735
6834,3,1546.2633295175979,2026-08-14T00:37:13.986735
6835,4,70.5852532152048,2026-08-14T00:37:13.986735
6836,5,1.7733866631844841,2026-08-14T00:37:13.986735
6837,6,1305.1683368251915,2026-08-14T00:37:13.986735
6838,7,67.44115855542985,2026-08-14T00:37:13.986735
6839,8,97.19481377071321,2026-08-14T00:37:13.986735
6840,9,71.27089360050901,2026-08-14T00:37:13.986735
6841,10,2.0872202922174985,2026-08-14T00:37:13.986735
6842,11,1421.7463548045798,2026-08-14T00:37:13.986735
6843,12,63.15717151907503,2026-08-14T00:37:13.986735
6844,13,2.193261903495136,2026-08-14T00:37:13.986735
6845,14,1577.1926933047591,2026-08-14T00:37:13.986735
6846,15,71.65208829473677,2026-08-14T00:37:13.986735
6847,1,73.5978737963424,2026-08-14T00:37:15.996568
6848,2,2.0491046831084945,2026-08-14T00:37:15.996568
6849,3,1381.853825936433,2026-08-14T00:37:15.996568
6850,4,67.97944182484588,2026-08-14T00:37:15.996568
6851,5,1.8341352873300067,2026-08-14T00:37:15.996568
6852,6,1471.8539065754876,2026-08-14T00:37:15.996568
6853,7,69.0426101184859,2026-08-14T00:37:15.996568
6854,8,96.48229720377633,2026-08-14T00:37:15.996568
6855,9,70.65709356696937,2026-08-14T00:37:15.996568
6856,10,1.886331706636274,2026-08-14T00:37:15.996568
6857,11,1557.9016955987724,2026-08-14T00:37:15.996568
6858,12,66.54215740726492,2026-08-14T00:37:15.996568
6859,13,2.0623174549578285,2026-08-14T00:37:15.996568
6860,14,1492.9250421502165,2026-08-14T00:37:15.996568
6861,15,64.51428231322264,2026-08-14T00:37:15.996568
6862,1,73.8257906398107,2026-08-14T00:37:18.005579
6863,2,1.9361713703532641,2026-08-14T00:37:18.005579
6864,3,1362.5170752263098,2026-08-14T00:37:18.005579
6865,4,71.75822091824037,2026-08-14T00:37:18.005579
6866,5,2.0940686530068464,2026-08-14T00:37:18.005579
6867,6,1494.7473272389525,2026-08-14T00:37:18.005579
6868,7,61.74107229251442,2026-08-14T00:37:18.005579
6869,8,102.00762662919263,2026-08-14T00:37:18.005579
6870,9,66.14301331461908,2026-08-14T00:37:18.005579
6871,10,2.0712354108411897,2026-08-14T00:37:18.005579
6872,11,1613.506658377588,2026-08-14T00:37:18.005579
6873,12,76.17232401926758,2026-08-14T00:37:18.005579
6874,13,1.8430712261049251,2026-08-14T00:37:18.005579
6875,14,1410.8622090163617,2026-08-14T00:37:18.005579
6876,15,69.44398313133244,2026-08-14T00:37:18.005579
6877,1,68.25422970884165,2026-08-14T00:37:20.028382
6878,2,1.9139728585752218,2026-08-14T00:37:20.028382
6879,3,1414.5993406858022,2026-08-14T00:37:20.028382
6880,4,70.23640536968556,2026-08-14T00:37:20.028382
6881,5,1.8750952761824942,2026-08-14T00:37:20.028382
6882,6,1478.2887060111245,2026-08-14T00:37:20.028382
6883,7,68.80727625461125,2026-08-14T00:37:20.028382
6884,8,100.09500562992397,2026-08-14T00:37:20.028382
6885,9,75.16127924703227,2026-08-14T00:37:20.028382
6886,10,1.9874819430794135,2026-08-14T00:37:20.028382
6887,11,1599.5196648235317,2026-08-14T00:37:20.028382
6888,12,82.19797060038844,2026-08-14T00:37:20.028382
6889,13,1.9665941432240719,2026-08-14T00:37:20.028382
6890,14,1434.9347566554989,2026-08-14T00:37:20.028382
6891,15,63.69692126815038,2026-08-14T00:37:20.028382
6892,1,70.64261962930271,2026-08-14T00:37:22.054881
6893,2,2.1038186968752512,2026-08-14T00:37:22.054881
6894,3,1544.0399784371352,2026-08-14T00:37:22.054881
6895,4,71.7924079202209,2026-08-14T00:37:22.054881
6896,5,1.880358786041095,2026-08-14T00:37:22.054881
6897,6,1424.8296815930148,2026-08-14T00:37:22.054881
6898,7,72.99053251607245,2026-08-14T00:37:22.054881
6899,8,101.26817135279576,2026-08-14T00:37:22.054881
6900,9,70.36342381392657,2026-08-14T00:37:22.054881
6901,10,2.0812526200942796,2026-08-14T00:37:22.054881
6902,11,1474.588505866453,2026-08-14T00:37:22.054881
6903,12,72.74128489643178,2026-08-14T00:37:22.054881
6904,13,1.8276414502546403,2026-08-14T00:37:22.054881
6905,14,1559.8970797986922,2026-08-14T00:37:22.054881
6906,15,70.7189513847879,2026-08-14T00:37:22.054881
6907,1,77.32162817393136,2026-08-14T00:37:24.069719
6908,2,2.0150219205981634,2026-08-14T00:37:24.069719
6909,3,1419.0082028415384,2026-08-14T00:37:24.069719
6910,4,67.44750116488208,2026-08-14T00:37:24.069719
6911,5,1.9492527702661955,2026-08-14T00:37:24.069719
6912,6,1580.7330801302435,2026-08-14T00:37:24.069719
6913,7,78.47800557186785,2026-08-14T00:37:24.069719
6914,8,93.9166606386274,2026-08-14T00:37:24.069719
6915,9,78.8679071862925,2026-08-14T00:37:24.069719
6916,10,2.041264277640986,2026-08-14T00:37:24.069719
6917,11,1498.2792599596708,2026-08-14T00:37:24.069719
6918,12,73.59906831341458,2026-08-14T00:37:24.069719
6919,13,1.9079556576390424,2026-08-14T00:37:24.069719
6920,14,1543.4888164534386,2026-08-14T00:37:24.069719
6921,15,73.41576361823223,2026-08-14T00:37:24.069719
6922,1,64.9562626701803,2026-08-14T00:37:26.084978
6923,2,2.075146588578767,2026-08-14T00:37:26.084978
6924,3,1508.5869732713084,2026-08-14T00:37:26.084978
6925,4,68.73073020943608,2026-08-14T00:37:26.084978
6926,5,1.9973612439227315,2026-08-14T00:37:26.084978
6927,6,1587.0911987570314,2026-08-14T00:37:26.084978
6928,7,67.43951015065251,2026-08-14T00:37:26.084978
6929,8,104.44398609686255,2026-08-14T00:37:26.084978
6930,9,68.65065787891314,2026-08-14T00:37:26.084978
6931,10,1.8763378954341012,2026-08-14T00:37:26.084978
6932,11,1569.7482359517962,2026-08-14T00:37:26.084978
6933,12,68.40856757940841,2026-08-14T00:37:26.084978
6934,13,2.1817486822317163,2026-08-14T00:37:26.084978
6935,14,1444.7706867512245,2026-08-14T00:37:26.084978
6936,15,69.37156681109293,2026-08-14T00:37:26.084978
6937,1,67.19676897134323,2026-08-14T00:37:28.940431
6938,2,1.9107156389647786,2026-08-14T00:37:28.940431
6939,3,1384.5160288915265,2026-08-14T00:37:28.940431
6940,4,71.13452281081202,2026-08-14T00:37:28.940431
6941,5,2.022541576366904,2026-08-14T00:37:28.940431
6942,6,1497.1992666456945,2026-08-14T00:37:28.940431
6943,7,71.23603977754905,2026-08-14T00:37:28.940431
6944,8,95.01702773851902,2026-08-14T00:37:28.940431
6945,9,64.23991523835672,2026-08-14T00:37:28.940431
6946,10,2.0447132233639924,2026-08-14T00:37:28.940431
6947,11,1527.2210760703338,2026-08-14T00:37:28.940431
6948,12,66.60359972217651,2026-08-14T00:37:28.940431
6949,13,2.0098551406198912,2026-08-14T00:37:28.940431
6950,14,1624.683882758513,2026-08-14T00:37:28.940431
6951,15,70.60274535793444,2026-08-14T00:37:28.940431
6952,1,67.14001131548471,2026-08-14T00:37:30.962325
6953,2,2.040270793000966,2026-08-14T00:37:30.962325
6954,3,1473.341936269387,2026-08-14T00:37:30.962325
6955,4,64.91813683232456,2026-08-14T00:37:30.962325
6956,5,1.97603531483966,2026-08-14T00:37:30.962325
6957,6,1422.4121326116717,2026-08-14T00:37:30.962325
6958,7,68.67385599060182,2026-08-14T00:37:30.962325
6959,8,94.94429871919904,2026-08-14T00:37:30.962325
6960,9,71.66813187968279,2026-08-14T00:37:30.962325
6961,10,1.8618815534981568,2026-08-14T00:37:30.962325
6962,11,1540.3681185816918,2026-08-14T00:37:30.962325
6963,12,72.79884656414072,2026-08-14T00:37:30.962325
6964,13,1.9898739755592976,2026-08-14T00:37:30.962325
6965,14,1502.6232855335468,2026-08-14T00:37:30.962325
6966,15,67.51500334373242,2026-08-14T00:37:30.962325
6967,1,69.46388205257396,2026-08-14T00:37:32.968624
6968,2,1.8496500190820437,2026-08-14T00:37:32.968624
6969,3,1390.5083917165007,2026-08-14T00:37:32.968624
6970,4,76.74373142582638,2026-08-14T00:37:32.968624
6971,5,1.8141210239818233,2026-08-14T00:37:32.968624
6972,6,1432.8390238351496,2026-08-14T00:37:32.968624
6973,7,69.32425157424889,2026-08-14T00:37:32.968624
6974,8,101.08833029199589,2026-08-14T00:37:32.968624
6975,9,65.20583958574528,2026-08-14T00:37:32.968624
6976,10,2.0577657439307897,2026-08-14T00:37:32.968624
6977,11,1432.3022079401317,2026-08-14T00:37:32.968624
6978,12,65.47281585260143,2026-08-14T00:37:32.968624
6979,13,2.12236535790928,2026-08-14T00:37:32.968624
6980,14,1563.9500275492715,2026-08-14T00:37:32.968624
6981,15,68.62447435160341,2026-08-14T00:37:32.968624
6982,1,68.31134399518548,2026-08-14T00:37:35.819792
6983,2,2.1351394852932213,2026-08-14T00:37:35.819792
6984,3,1534.949064568882,2026-08-14T00:37:35.819792
6985,4,72.6767050558555,2026-08-14T00:37:35.819792
6986,5,1.7821152572956354,2026-08-14T00:37:35.819792
6987,6,1454.8956336075664,2026-08-14T00:37:35.819792
6988,7,68.98024478820629,2026-08-14T00:37:35.819792
6989,8,102.62316967302671,2026-08-14T00:37:35.819792
6990,9,72.99962483522474,2026-08-14T00:37:35.819792
6991,10,2.0409491642203204,2026-08-14T00:37:35.819792
6992,11,1466.163597677601,2026-08-14T00:37:35.819792
6993,12,68.94719217851517,2026-08-14T00:37:35.819792
6994,13,1.9828628653355855,2026-08-14T00:37:35.819792
6995,14,1513.001826196962,2026-08-14T00:37:35.819792
6996,15,71.08286249223234,2026-08-14T00:37:35.819792
6997,1,70.82440371034755,2026-08-14T00:37:37.839366
6998,2,1.8791909885234312,2026-08-14T00:37:37.839366
6999,3,1413.2098450454582,2026-08-14T00:37:37.839366
7000,4,69.63855244021114,2026-08-14T00:37:37.839366
7001,5,1.9976371676853482,2026-08-14T00:37:37.839366
7002,6,1533.339950619934,2026-08-14T00:37:37.839366
7003,7,71.38485282314122,2026-08-14T00:37:37.839366
7004,8,110.64509345308103,2026-08-14T00:37:37.839366
7005,9,74.1647734110021,2026-08-14T00:37:37.839366
7006,10,1.853108266782286,2026-08-14T00:37:37.839366
7007,11,1600.1435826611332,2026-08-14T00:37:37.839366
7008,12,71.82732356547046,2026-08-14T00:37:37.839366
7009,13,2.071533585123954,2026-08-14T00:37:37.839366
7010,14,1491.3940551051135,2026-08-14T00:37:37.839366
7011,15,69.20796225544235,2026-08-14T00:37:37.839366
7012,1,76.98250409714895,2026-08-14T00:37:39.846312
7013,2,2.0129990767287502,2026-08-14T00:37:39.846312
7014,3,1629.4944678002685,2026-08-14T00:37:39.846312
7015,4,66.58812604456354,2026-08-14T00:37:39.846312
7016,5,2.225851581180225,2026-08-14T00:37:39.846312
7017,6,1588.7769675702457,2026-08-14T00:37:39.846312
7018,7,71.06003391963472,2026-08-14T00:37:39.846312
7019,8,95.73681530886344,2026-08-14T00:37:39.846312
7020,9,71.73844609625799,2026-08-14T00:37:39.846312
7021,10,1.8934480299935208,2026-08-14T00:37:39.846312
7022,11,1538.9720140609084,2026-08-14T00:37:39.846312
7023,12,69.078705405628,2026-08-14T00:37:39.846312
7024,13,2.044513275046043,2026-08-14T00:37:39.846312
7025,14,1582.9224984075854,2026-08-14T00:37:39.846312
7026,15,71.08573907068113,2026-08-14T00:37:39.846312
7027,1,65.68266793227073,2026-08-14T00:37:41.866853
7028,2,1.8836547948585969,2026-08-14T00:37:41.866853
7029,3,1598.5371554269864,2026-08-14T00:37:41.866853
7030,4,72.217255352904,2026-08-14T00:37:41.866853
7031,5,2.076235587037666,2026-08-14T00:37:41.866853
7032,6,1435.4342015783166,2026-08-14T00:37:41.866853
7033,7,67.26385165854107,2026-08-14T00:37:41.866853
7034,8,99.81509239021112,2026-08-14T00:37:41.866853
7035,9,74.82471717686609,2026-08-14T00:37:41.866853
7036,10,2.0035235945557233,2026-08-14T00:37:41.866853
7037,11,1507.272939171851,2026-08-14T00:37:41.866853
7038,12,71.26545381025659,2026-08-14T00:37:41.866853
7039,13,1.916570218369427,2026-08-14T00:37:41.866853
7040,14,1432.3569729857575,2026-08-14T00:37:41.866853
7041,15,68.08424933513822,2026-08-14T00:37:41.866853
7042,1,72.05836297255658,2026-08-14T00:37:43.883409
7043,2,2.031352851254221,2026-08-14T00:37:43.883409
7044,3,1584.8221375788441,2026-08-14T00:37:43.883409
7045,4,73.16887853209589,2026-08-14T00:37:43.883409
7046,5,1.9618961447971865,2026-08-14T00:37:43.883409
7047,6,1573.074821749507,2026-08-14T00:37:43.883409
7048,7,69.49883341950947,2026-08-14T00:37:43.883409
7049,8,98.17882596870636,2026-08-14T00:37:43.883409
7050,9,69.71232135345548,2026-08-14T00:37:43.883409
7051,10,1.8379546275898004,2026-08-14T00:37:43.883409
7052,11,1564.8554062541334,2026-08-14T00:37:43.883409
7053,12,74.30272382296843,2026-08-14T00:37:43.883409
7054,13,2.0583752474904435,2026-08-14T00:37:43.883409
7055,14,1432.4435797375352,2026-08-14T00:37:43.883409
7056,15,64.23064430087237,2026-08-14T00:37:43.883409
7057,1,71.73022610636453,2026-08-14T00:37:45.904169
7058,2,1.7694789292985256,2026-08-14T00:37:45.904169
7059,3,1551.642649820886,2026-08-14T00:37:45.904169
7060,4,68.58917223720042,2026-08-14T00:37:45.904169
7061,5,2.0726196130730616,2026-08-14T00:37:45.904169
7062,6,1538.2036601405996,2026-08-14T00:37:45.904169
7063,7,71.07815453909745,2026-08-14T00:37:45.904169
7064,8,90.02155566126292,2026-08-14T00:37:45.904169
7065,9,72.1969961746102,2026-08-14T00:37:45.904169
7066,10,2.004673458349956,2026-08-14T00:37:45.904169
7067,11,1427.6080930421513,2026-08-14T00:37:45.904169
7068,12,70.1640694655416,2026-08-14T00:37:45.904169
7069,13,1.960730484056051,2026-08-14T00:37:45.904169
7070,14,1570.1875841366684,2026-08-14T00:37:45.904169
7071,15,67.6349591448497,2026-08-14T00:37:45.904169
7072,1,63.985270003290644,2026-08-14T00:37:47.924183
7073,2,1.8611653681926201,2026-08-14T00:37:47.924183
7074,3,1557.2567692166756,2026-08-14T00:37:47.924183
7075,4,67.0354751319817,2026-08-14T00:37:47.924183
7076,5,1.962583125459463,2026-08-14T00:37:47.924183
7077,6,1589.8235280717686,2026-08-14T00:37:47.924183
7078,7,69.47414212104655,2026-08-14T00:37:47.924183
7079,8,106.62399477097804,2026-08-14T00:37:47.924183
7080,9,70.707958780114,2026-08-14T00:37:47.924183
7081,10,2.0164325728063064,2026-08-14T00:37:47.924183
7082,11,1614.6567442034595,2026-08-14T00:37:47.924183
7083,12,73.87496007896553,2026-08-14T00:37:47.924183
7084,13,1.9588610121596863,2026-08-14T00:37:47.924183
7085,14,1481.2478026619344,2026-08-14T00:37:47.924183
7086,15,63.14162852627844,2026-08-14T00:37:47.924183
7087,1,68.8288204261004,2026-08-14T00:37:50.808418
7088,2,1.9553785898376683,2026-08-14T00:37:50.808418
7089,3,1521.5517209607715,2026-08-14T00:37:50.808418
7090,4,69.17947102373621,2026-08-14T00:37:50.808418
7091,5,1.9910607812251884,2026-08-14T00:37:50.808418
7092,6,1429.7206344382053,2026-08-14T00:37:50.808418
7093,7,66.06555651897433,2026-08-14T00:37:50.808418
7094,8,107.26313247734234,2026-08-14T00:37:50.808418
7095,9,67.05586545380577,2026-08-14T00:37:50.808418
7096,10,2.0481348641855086,2026-08-14T00:37:50.808418
7097,11,1555.650411800691,2026-08-14T00:37:50.808418
7098,12,64.20150677506099,2026-08-14T00:37:50.808418
7099,13,1.952588655087455,2026-08-14T00:37:50.808418
7100,14,1486.602289587727,2026-08-14T00:37:50.808418
7101,15,63.5071750725311,2026-08-14T00:37:50.808418
7102,1,66.27288380864853,2026-08-14T00:37:52.830544
7103,2,2.105430915129132,2026-08-14T00:37:52.830544
7104,3,1626.767987671773,2026-08-14T00:37:52.830544
7105,4,70.3124888996167,2026-08-14T00:37:52.830544
7106,5,1.81161463089822,2026-08-14T00:37:52.830544
7107,6,1478.9726347157061,2026-08-14T00:37:52.830544
7108,7,69.7107088052245,2026-08-14T00:37:52.830544
7109,8,95.5812353247698,2026-08-14T00:37:52.830544
7110,9,73.38286490635375,2026-08-14T00:37:52.830544
7111,10,2.0364264804374774,2026-08-14T00:37:52.830544
7112,11,1431.4292800375647,2026-08-14T00:37:52.830544
7113,12,68.96337179729198,2026-08-14T00:37:52.830544
7114,13,1.9852913603650328,2026-08-14T00:37:52.830544
7115,14,1409.254952098137,2026-08-14T00:37:52.830544
7116,15,65.56010077690705,2026-08-14T00:37:52.830544
7117,1,77.61414196607615,2026-08-14T00:37:54.850788
7118,2,2.0648669386879828,2026-08-14T00:37:54.850788
7119,3,1523.390868646939,2026-08-14T00:37:54.850788
7120,4,71.37068605921537,2026-08-14T00:37:54.850788
7121,5,2.0256487180637515,2026-08-14T00:37:54.850788
7122,6,1431.031426678968,2026-08-14T00:37:54.850788
7123,7,69.30072512714531,2026-08-14T00:37:54.850788
7124,8,107.9485881791378,2026-08-14T00:37:54.850788
7125,9,66.42167995653249,2026-08-14T00:37:54.850788
7126,10,2.09896183927914,2026-08-14T00:37:54.850788
7127,11,1577.63946414067,2026-08-14T00:37:54.850788
7128,12,77.15757549245922,2026-08-14T00:37:54.850788
7129,13,2.086792011655634,2026-08-14T00:37:54.850788
7130,14,1551.7361589830064,2026-08-14T00:37:54.850788
7131,15,71.00481533629282,2026-08-14T00:37:54.850788
7132,1,69.09840019780317,2026-08-14T00:37:56.872597
7133,2,2.0659460007109223,2026-08-14T00:37:56.872597
7134,3,1483.8601299152908,2026-08-14T00:37:56.872597
7135,4,66.88446521445415,2026-08-14T00:37:56.872597
7136,5,1.8776785248333345,2026-08-14T00:37:56.872597
7137,6,1477.3439013079076,2026-08-14T00:37:56.872597
7138,7,74.92968767393664,2026-08-14T00:37:56.872597
7139,8,90.93478649121096,2026-08-14T00:37:56.872597
7140,9,70.09290611856812,2026-08-14T00:37:56.872597
7141,10,1.9957932169812902,2026-08-14T00:37:56.872597
7142,11,1412.0789699197474,2026-08-14T00:37:56.872597
7143,12,67.59282731786787,2026-08-14T00:37:56.872597
7144,13,1.907812658181143,2026-08-14T00:37:56.872597
7145,14,1502.5452717637788,2026-08-14T00:37:56.872597
7146,15,69.8814585786554,2026-08-14T00:37:56.872597
7147,1,70.025263256216,2026-08-14T00:37:58.897102
7148,2,1.8761227424640425,2026-08-14T00:37:58.897102
7149,3,1512.2328075199455,2026-08-14T00:37:58.897102
7150,4,66.92706176668432,2026-08-14T00:37:58.897102
7151,5,2.0514008234900296,2026-08-14T00:37:58.897102
7152,6,1548.8869968826589,2026-08-14T00:37:58.897102
7153,7,69.96601371123216,2026-08-14T00:37:58.897102
7154,8,96.02354384500116,2026-08-14T00:37:58.897102
7155,9,70.79286168393506,2026-08-14T00:37:58.897102
7156,10,2.0492715321635293,2026-08-14T00:37:58.897102
7157,11,1516.1051251514934,2026-08-14T00:37:58.897102
7158,12,69.25115694295623,2026-08-14T00:37:58.897102
7159,13,1.7960092606152618,2026-08-14T00:37:58.897102
7160,14,1518.368843508302,2026-08-14T00:37:58.897102
7161,15,62.63583410803091,2026-08-14T00:37:58.897102
7162,1,72.7596582536571,2026-08-14T00:38:00.916917
7163,2,1.7563530706994563,2026-08-14T00:38:00.916917
7164,3,1484.6353914122842,2026-08-14T00:38:00.916917
7165,4,70.84284941411792,2026-08-14T00:38:00.916917
7166,5,2.0825514919376964,2026-08-14T00:38:00.916917
7167,6,1400.4226098474137,2026-08-14T00:38:00.916917
7168,7,67.78948759433221,2026-08-14T00:38:00.916917
7169,8,103.82854778624173,2026-08-14T00:38:00.916917
7170,9,74.68412017986762,2026-08-14T00:38:00.916917
7171,10,1.9110678425683532,2026-08-14T00:38:00.916917
7172,11,1490.6588892770333,2026-08-14T00:38:00.916917
7173,12,68.79280890990375,2026-08-14T00:38:00.916917
7174,13,2.049288901103245,2026-08-14T00:38:00.916917
7175,14,1487.7262956631844,2026-08-14T00:38:00.916917
7176,15,69.76046425374336,2026-08-14T00:38:00.916917
7177,1,72.42250223817058,2026-08-14T00:38:02.938729
7178,2,2.0100264401914445,2026-08-14T00:38:02.938729
7179,3,1490.0331542690662,2026-08-14T00:38:02.938729
7180,4,73.32992419152878,2026-08-14T00:38:02.938729
7181,5,2.049165840455847,2026-08-14T00:38:02.938729
7182,6,1543.5103934410422,2026-08-14T00:38:02.938729
7183,7,63.45498316412356,2026-08-14T00:38:02.938729
7184,8,96.92185744328856,2026-08-14T00:38:02.938729
7185,9,67.21298216121711,2026-08-14T00:38:02.938729
7186,10,1.9787463155781102,2026-08-14T00:38:02.938729
7187,11,1562.2001847206268,2026-08-14T00:38:02.938729
7188,12,71.9709041561873,2026-08-14T00:38:02.938729
7189,13,1.9323858372732141,2026-08-14T00:38:02.938729
7190,14,1495.664635419812,2026-08-14T00:38:02.938729
7191,15,75.45875250686885,2026-08-14T00:38:02.938729
7192,1,70.92064174398703,2026-08-14T00:38:05.837544
7193,2,1.9775701490886906,2026-08-14T00:38:05.837544
7194,3,1454.0732132658986,2026-08-14T00:38:05.837544
7195,4,72.0174723314399,2026-08-14T00:38:05.837544
7196,5,1.975988565921186,2026-08-14T00:38:05.837544
7197,6,1440.2879688422934,2026-08-14T00:38:05.837544
7198,7,71.70273468269478,2026-08-14T00:38:05.837544
7199,8,104.8276656398772,2026-08-14T00:38:05.837544
7200,9,69.37597698583139,2026-08-14T00:38:05.837544
7201,10,2.0636286673163147,2026-08-14T00:38:05.837544
7202,11,1558.2973850970307,2026-08-14T00:38:05.837544
7203,12,71.56608243900452,2026-08-14T00:38:05.837544
7204,13,2.1791027368216875,2026-08-14T00:38:05.837544
7205,14,1592.3101335303934,2026-08-14T00:38:05.837544
7206,15,65.95549991123532,2026-08-14T00:38:05.837544
7207,1,66.07049724066002,2026-08-14T00:38:07.872585
7208,2,2.1019918125373533,2026-08-14T00:38:07.872585
7209,3,1545.2936961844055,2026-08-14T00:38:07.872585
7210,4,75.09403506066566,2026-08-14T00:38:07.872585
7211,5,1.9959353910790658,2026-08-14T00:38:07.872585
7212,6,1461.5491506290152,2026-08-14T00:38:07.872585
7213,7,75.50707006623499,2026-08-14T00:38:07.872585
7214,8,94.32045846099793,2026-08-14T00:38:07.872585
7215,9,74.07311841403057,2026-08-14T00:38:07.872585
7216,10,2.0635951676762563,2026-08-14T00:38:07.872585
7217,11,1408.1413730895604,2026-08-14T00:38:07.872585
7218,12,60.240337775399944,2026-08-14T00:38:07.872585
7219,13,1.888430134393199,2026-08-14T00:38:07.872585
7220,14,1473.3864374816937,2026-08-14T00:38:07.872585
7221,15,68.54639833804387,2026-08-14T00:38:07.872585
7222,1,72.39173661104972,2026-08-14T00:38:09.880241
7223,2,2.057443125942845,2026-08-14T00:38:09.880241
7224,3,1472.1197046288794,2026-08-14T00:38:09.880241
7225,4,71.31880721519255,2026-08-14T00:38:09.880241
7226,5,1.8444781643655561,2026-08-14T00:38:09.880241
7227,6,1627.4747697588998,2026-08-14T00:38:09.880241
7228,7,66.27635459290839,2026-08-14T00:38:09.880241
7229,8,100.12225444300209,2026-08-14T00:38:09.880241
7230,9,69.08215218800122,2026-08-14T00:38:09.880241
7231,10,1.975515030122619,2026-08-14T00:38:09.880241
7232,11,1578.2109986672247,2026-08-14T00:38:09.880241
7233,12,69.1381866033997,2026-08-14T00:38:09.880241
7234,13,1.7931380462327362,2026-08-14T00:38:09.880241
7235,14,1455.8101081035304,2026-08-14T00:38:09.880241
7236,15,64.27877188801186,2026-08-14T00:38:09.880241
7237,1,70.71842262083172,2026-08-14T00:38:11.900115
7238,2,1.951354656769805,2026-08-14T00:38:11.900115
7239,3,1478.7036102284665,2026-08-14T00:38:11.900115
7240,4,71.90269094546358,2026-08-14T00:38:11.900115
7241,5,2.118386968414168,2026-08-14T00:38:11.900115
7242,6,1579.5490877389225,2026-08-14T00:38:11.900115
7243,7,70.42330294512644,2026-08-14T00:38:11.900115
7244,8,107.70863347222775,2026-08-14T00:38:11.900115
7245,9,72.07204046479164,2026-08-14T00:38:11.900115
7246,10,2.119874697200656,2026-08-14T00:38:11.900115
7247,11,1637.186477984807,2026-08-14T00:38:11.900115
7248,12,70.25044467479164,2026-08-14T00:38:11.900115
7249,13,1.998216297621422,2026-08-14T00:38:11.900115
7250,14,1542.5031677464692,2026-08-14T00:38:11.900115
7251,15,71.24952711547974,2026-08-14T00:38:11.900115
7252,1,68.08344479154285,2026-08-14T00:38:13.921969
7253,2,2.0200552111620853,2026-08-14T00:38:13.921969
7254,3,1410.385070691386,2026-08-14T00:38:13.921969
7255,4,73.7802211049351,2026-08-14T00:38:13.921969
7256,5,2.0026345934761287,2026-08-14T00:38:13.921969
7257,6,1494.0468433625886,2026-08-14T00:38:13.921969
7258,7,65.83683441305351,2026-08-14T00:38:13.921969
7259,8,98.04700909971675,2026-08-14T00:38:13.921969
7260,9,69.54558491979304,2026-08-14T00:38:13.921969
7261,10,2.240588197931699,2026-08-14T00:38:13.921969
7262,11,1418.7501657566886,2026-08-14T00:38:13.921969
7263,12,71.92152837447671,2026-08-14T00:38:13.921969
7264,13,1.9720957434466815,2026-08-14T00:38:13.921969
7265,14,1547.7444122392037,2026-08-14T00:38:13.921969
7266,15,68.18720936309667,2026-08-14T00:38:13.921969
7267,1,69.53289527553247,2026-08-14T00:38:15.943118
7268,2,1.9363651187643331,2026-08-14T00:38:15.943118
7269,3,1649.0892073224768,2026-08-14T00:38:15.943118
7270,4,73.64132869603823,2026-08-14T00:38:15.943118
7271,5,2.057780160426735,2026-08-14T00:38:15.943118
7272,6,1400.194786979079,2026-08-14T00:38:15.943118
7273,7,73.18474995699648,2026-08-14T00:38:15.943118
7274,8,88.84264957303459,2026-08-14T00:38:15.943118
7275,9,68.61609713534374,2026-08-14T00:38:15.943118
7276,10,1.9788395129869303,2026-08-14T00:38:15.943118
7277,11,1537.9493700150927,2026-08-14T00:38:15.943118
7278,12,72.24926882396647,2026-08-14T00:38:15.943118
7279,13,2.021397245672282,2026-08-14T00:38:15.943118
7280,14,1528.2931529978812,2026-08-14T00:38:15.943118
7281,15,70.0803023030594,2026-08-14T00:38:15.943118
7282,1,70.00368531088631,2026-08-14T00:38:17.949650
7283,2,1.9726456586787169,2026-08-14T00:38:17.949650
7284,3,1510.4497287149381,2026-08-14T00:38:17.949650
7285,4,69.52811587764711,2026-08-14T00:38:17.949650
7286,5,1.9089727320702354,2026-08-14T00:38:17.949650
7287,6,1515.8863575829225,2026-08-14T00:38:17.949650
7288,7,74.87003002620806,2026-08-14T00:38:17.949650
7289,8,96.23285823167933,2026-08-14T00:38:17.949650
7290,9,68.47223957349424,2026-08-14T00:38:17.949650
7291,10,2.105168395278768,2026-08-14T00:38:17.949650
7292,11,1258.8888930819303,2026-08-14T00:38:17.949650
7293,12,67.75360889268438,2026-08-14T00:38:17.949650
7294,13,2.0809040055103414,2026-08-14T00:38:17.949650
7295,14,1549.8677281208631,2026-08-14T00:38:17.949650
7296,15,68.63965065264532,2026-08-14T00:38:17.949650
7297,1,70.6290199874511,2026-08-14T00:38:19.971833
7298,2,2.0364960652396285,2026-08-14T00:38:19.971833
7299,3,1561.0674543099892,2026-08-14T00:38:19.971833
7300,4,68.21488690238735,2026-08-14T00:38:19.971833
7301,5,1.989445601540837,2026-08-14T00:38:19.971833
7302,6,1507.1483202071609,2026-08-14T00:38:19.971833
7303,7,67.50052939093976,2026-08-14T00:38:19.971833
7304,8,87.70093056661034,2026-08-14T00:38:19.971833
7305,9,67.3648613376117,2026-08-14T00:38:19.971833
7306,10,1.8111666361165648,2026-08-14T00:38:19.971833
7307,11,1507.4193901542776,2026-08-14T00:38:19.971833
7308,12,76.7999287107612,2026-08-14T00:38:19.971833
7309,13,2.1245440750786573,2026-08-14T00:38:19.971833
7310,14,1380.4642017897443,2026-08-14T00:38:19.971833
7311,15,66.2568050944042,2026-08-14T00:38:19.971833
7312,1,71.04356214713216,2026-08-14T00:38:21.980273
7313,2,1.9881131250229607,2026-08-14T00:38:21.980273
7314,3,1502.8588413205982,2026-08-14T00:38:21.980273
7315,4,65.71446317408106,2026-08-14T00:38:21.980273
7316,5,2.004058444705227,2026-08-14T00:38:21.980273
7317,6,1575.2733205203099,2026-08-14T00:38:21.980273
7318,7,70.87611043805735,2026-08-14T00:38:21.980273
7319,8,101.95319018738694,2026-08-14T00:38:21.980273
7320,9,72.63530967464135,2026-08-14T00:38:21.980273
7321,10,1.9399805751708248,2026-08-14T00:38:21.980273
7322,11,1460.188586720704,2026-08-14T00:38:21.980273
7323,12,72.26652388615855,2026-08-14T00:38:21.980273
7324,13,1.9749710108306797,2026-08-14T00:38:21.980273
7325,14,1616.8882141021704,2026-08-14T00:38:21.980273
7326,15,73.19526225557505,2026-08-14T00:38:21.980273
7327,1,61.728241084043475,2026-08-14T00:38:23.998803
7328,2,1.8352905264919275,2026-08-14T00:38:23.998803
7329,3,1554.088669755378,2026-08-14T00:38:23.998803
7330,4,69.4535237211698,2026-08-14T00:38:23.998803
7331,5,1.9584237291910505,2026-08-14T00:38:23.998803
7332,6,1559.1251573851903,2026-08-14T00:38:23.998803
7333,7,74.80388983598829,2026-08-14T00:38:23.998803
7334,8,96.24868456887673,2026-08-14T00:38:23.998803
7335,9,71.98799738114144,2026-08-14T00:38:23.998803
7336,10,2.0458633981606194,2026-08-14T00:38:23.998803
7337,11,1606.2590234396832,2026-08-14T00:38:23.998803
7338,12,69.32569733547386,2026-08-14T00:38:23.998803
7339,13,2.0380309266905616,2026-08-14T00:38:23.998803
7340,14,1535.1979922801402,2026-08-14T00:38:23.998803
7341,15,71.4553605312751,2026-08-14T00:38:23.998803
7342,1,70.11938450776306,2026-08-14T00:38:26.007550
7343,2,1.933601001918509,2026-08-14T00:38:26.007550
7344,3,1650.2162026309752,2026-08-14T00:38:26.007550
7345,4,70.70777771075139,2026-08-14T00:38:26.007550
7346,5,2.1056280913427865,2026-08-14T00:38:26.007550
7347,6,1483.749366776408,2026-08-14T00:38:26.007550
7348,7,65.23191853518911,2026-08-14T00:38:26.007550
7349,8,99.87815919377519,2026-08-14T00:38:26.007550
7350,9,74.22137749520189,2026-08-14T00:38:26.007550
7351,10,2.0055431099665757,2026-08-14T00:38:26.007550
7352,11,1504.9920786105722,2026-08-14T00:38:26.007550
7353,12,69.6480481394216,2026-08-14T00:38:26.007550
7354,13,1.9265114286832639,2026-08-14T00:38:26.007550
7355,14,1561.291506007606,2026-08-14T00:38:26.007550
7356,15,66.67013810007693,2026-08-14T00:38:26.007550
7357,1,69.81049094945328,2026-08-14T00:38:28.025843
7358,2,2.0710755813872637,2026-08-14T00:38:28.025843
7359,3,1439.2977511260117,2026-08-14T00:38:28.025843
7360,4,75.96762235393504,2026-08-14T00:38:28.025843
7361,5,1.89861930651922,2026-08-14T00:38:28.025843
7362,6,1606.2418041591982,2026-08-14T00:38:28.025843
7363,7,77.43082191418324,2026-08-14T00:38:28.025843
7364,8,103.57565250197126,2026-08-14T00:38:28.025843
7365,9,72.49062034491804,2026-08-14T00:38:28.025843
7366,10,2.095753736037509,2026-08-14T00:38:28.025843
7367,11,1523.3059293430817,2026-08-14T00:38:28.025843
7368,12,64.50125438230431,2026-08-14T00:38:28.025843
7369,13,2.042698826339169,2026-08-14T00:38:28.025843
7370,14,1429.285346887664,2026-08-14T00:38:28.025843
7371,15,71.90263015254276,2026-08-14T00:38:28.025843
7372,1,69.95551071842172,2026-08-14T00:38:30.032681
7373,2,1.716566701416557,2026-08-14T00:38:30.032681
7374,3,1520.976006312454,2026-08-14T00:38:30.032681
7375,4,66.60745143384939,2026-08-14T00:38:30.032681
7376,5,2.1495669593124123,2026-08-14T00:38:30.032681
7377,6,1303.1367635263794,2026-08-14T00:38:30.032681
7378,7,68.39917462102515,2026-08-14T00:38:30.032681
7379,8,104.91572586257732,2026-08-14T00:38:30.032681
7380,9,68.93848049681083,2026-08-14T00:38:30.032681
7381,10,2.098631956097614,2026-08-14T00:38:30.032681
7382,11,1427.0872910904077,2026-08-14T00:38:30.032681
7383,12,63.15439634225449,2026-08-14T00:38:30.032681
7384,13,2.1664581756207224,2026-08-14T00:38:30.032681
7385,14,1532.3369818091667,2026-08-14T00:38:30.032681
7386,15,77.32326305217632,2026-08-14T00:38:30.032681
7387,1,74.46657007435445,2026-08-14T00:38:32.053562
7388,2,2.0504691150084757,2026-08-14T00:38:32.053562
7389,3,1546.6742797799952,2026-08-14T00:38:32.053562
7390,4,70.29167801454278,2026-08-14T00:38:32.053562
7391,5,1.8022496655538776,2026-08-14T00:38:32.053562
7392,6,1524.1924856191893,2026-08-14T00:38:32.053562
7393,7,70.26915745436008,2026-08-14T00:38:32.053562
7394,8,96.08875435887936,2026-08-14T00:38:32.053562
7395,9,69.45905433755392,2026-08-14T00:38:32.053562
7396,10,2.0623283322194332,2026-08-14T00:38:32.053562
7397,11,1521.1547694453686,2026-08-14T00:38:32.053562
7398,12,70.70663821472222,2026-08-14T00:38:32.053562
7399,13,1.944221741980379,2026-08-14T00:38:32.053562
7400,14,1533.5070389420987,2026-08-14T00:38:32.053562
7401,15,72.00367639583452,2026-08-14T00:38:32.053562
7402,1,67.4306324002245,2026-08-14T00:38:34.060846
7403,2,1.9675813755840434,2026-08-14T00:38:34.060846
7404,3,1407.019293726,2026-08-14T00:38:34.060846
7405,4,69.54235995289038,2026-08-14T00:38:34.060846
7406,5,1.9550682634334948,2026-08-14T00:38:34.060846
7407,6,1411.1411206912628,2026-08-14T00:38:34.060846
7408,7,72.60185096809911,2026-08-14T00:38:34.060846
7409,8,96.07950876678927,2026-08-14T00:38:34.060846
7410,9,70.23384331137778,2026-08-14T00:38:34.060846
7411,10,2.2120167704943263,2026-08-14T00:38:34.060846
7412,11,1531.98513658448,2026-08-14T00:38:34.060846
7413,12,69.24787375276497,2026-08-14T00:38:34.060846
7414,13,1.987634000350482,2026-08-14T00:38:34.060846
7415,14,1443.1827518514365,2026-08-14T00:38:34.060846
7416,15,71.05692391054677,2026-08-14T00:38:34.060846
7417,1,75.1133661191056,2026-08-14T00:38:36.081709
7418,2,1.9916040813349936,2026-08-14T00:38:36.081709
7419,3,1543.7024908631424,2026-08-14T00:38:36.081709
7420,4,70.93381827174296,2026-08-14T00:38:36.081709
7421,5,1.9420134036889685,2026-08-14T00:38:36.081709
7422,6,1484.6728956908723,2026-08-14T00:38:36.081709
7423,7,67.20356511736391,2026-08-14T00:38:36.081709
7424,8,100.35230356070608,2026-08-14T00:38:36.081709
7425,9,71.7029532175804,2026-08-14T00:38:36.081709
7426,10,1.9989759646202032,2026-08-14T00:38:36.081709
7427,11,1532.9705011470073,2026-08-14T00:38:36.081709
7428,12,64.67559545741355,2026-08-14T00:38:36.081709
7429,13,1.7836152931456346,2026-08-14T00:38:36.081709
7430,14,1567.9328538593059,2026-08-14T00:38:36.081709
7431,15,68.83086347626353,2026-08-14T00:38:36.081709
7432,1,71.34985032549532,2026-08-14T00:38:38.089036
7433,2,1.8609111536655523,2026-08-14T00:38:38.089036
7434,3,1564.2727353877087,2026-08-14T00:38:38.089036
7435,4,69.8235630342635,2026-08-14T00:38:38.089036
7436,5,2.040905914780017,2026-08-14T00:38:38.089036
7437,6,1416.6350090285368,2026-08-14T00:38:38.089036
7438,7,73.02415679975374,2026-08-14T00:38:38.089036
7439,8,98.39398936528329,2026-08-14T00:38:38.089036
7440,9,68.05635927440001,2026-08-14T00:38:38.089036
7441,10,2.264096947561677,2026-08-14T00:38:38.089036
7442,11,1533.0255003070135,2026-08-14T00:38:38.089036
7443,12,71.83768430294894,2026-08-14T00:38:38.089036
7444,13,2.1370992990090296,2026-08-14T00:38:38.089036
7445,14,1499.8381137290507,2026-08-14T00:38:38.089036
7446,15,69.21051627631915,2026-08-14T00:38:38.089036
7447,1,70.71704915696314,2026-08-14T00:38:40.123717
7448,2,2.1115633950987247,2026-08-14T00:38:40.123717
7449,3,1474.7832678358384,2026-08-14T00:38:40.123717
7450,4,70.72998222368015,2026-08-14T00:38:40.123717
7451,5,2.1508184706897944,2026-08-14T00:38:40.123717
7452,6,1528.3082833885583,2026-08-14T00:38:40.123717
7453,7,74.75095744362838,2026-08-14T00:38:40.123717
7454,8,94.03414428868624,2026-08-14T00:38:40.123717
7455,9,69.7725579402329,2026-08-14T00:38:40.123717
7456,10,2.1852162931644052,2026-08-14T00:38:40.123717
7457,11,1527.3852243591307,2026-08-14T00:38:40.123717
7458,12,66.7750727382338,2026-08-14T00:38:40.123717
7459,13,2.012218019250164,2026-08-14T00:38:40.123717
7460,14,1470.2314161235718,2026-08-14T00:38:40.123717
7461,15,66.59449613425895,2026-08-14T00:38:40.123717
7462,1,65.32607244629418,2026-08-14T00:38:42.144061
7463,2,2.0065025040154603,2026-08-14T00:38:42.144061
7464,3,1433.474634083032,2026-08-14T00:38:42.144061
7465,4,68.18707587093516,2026-08-14T00:38:42.144061
7466,5,2.162505789847579,2026-08-14T00:38:42.144061
7467,6,1591.620572288033,2026-08-14T00:38:42.144061
7468,7,72.49146329768521,2026-08-14T00:38:42.144061
7469,8,100.43361157459418,2026-08-14T00:38:42.144061
7470,9,67.01941948626843,2026-08-14T00:38:42.144061
7471,10,2.047896770211671,2026-08-14T00:38:42.144061
7472,11,1550.9420586287238,2026-08-14T00:38:42.144061
7473,12,75.68000593089741,2026-08-14T00:38:42.144061
7474,13,2.123736274923307,2026-08-14T00:38:42.144061
7475,14,1362.4191551533845,2026-08-14T00:38:42.144061
7476,15,78.58753496718658,2026-08-14T00:38:42.144061
7477,1,68.96695039419104,2026-08-14T00:38:44.172679
7478,2,1.8944789084744993,2026-08-14T00:38:44.172679
7479,3,1495.7714473937883,2026-08-14T00:38:44.172679
7480,4,73.72585767820323,2026-08-14T00:38:44.172679
7481,5,2.0810343243526126,2026-08-14T00:38:44.172679
7482,6,1501.5486276834258,2026-08-14T00:38:44.172679
7483,7,69.63937992758727,2026-08-14T00:38:44.172679
7484,8,105.3511204702042,2026-08-14T00:38:44.172679
7485,9,66.31480631494126,2026-08-14T00:38:44.172679
7486,10,1.916405798952165,2026-08-14T00:38:44.172679
7487,11,1423.15716002765,2026-08-14T00:38:44.172679
7488,12,69.70076699770014,2026-08-14T00:38:44.172679
7489,13,2.1167282823175806,2026-08-14T00:38:44.172679
7490,14,1355.9318660869085,2026-08-14T00:38:44.172679
7491,15,75.4818384889399,2026-08-14T00:38:44.172679
7492,1,67.22241235657401,2026-08-14T00:38:46.193992
7493,2,1.9338337839191129,2026-08-14T00:38:46.193992
7494,3,1454.9563297606076,2026-08-14T00:38:46.193992
7495,4,73.00400841902544,2026-08-14T00:38:46.193992
7496,5,2.091446069545913,2026-08-14T00:38:46.193992
7497,6,1494.5942181169744,2026-08-14T00:38:46.193992
7498,7,74.60772733012993,2026-08-14T00:38:46.193992
7499,8,91.58546836428351,2026-08-14T00:38:46.193992
7500,9,71.30342746249663,2026-08-14T00:38:46.193992
7501,10,2.189887947464762,2026-08-14T00:38:46.193992
7502,11,1348.293273316711,2026-08-14T00:38:46.193992
7503,12,74.31068057832411,2026-08-14T00:38:46.193992
7504,13,1.9551183033491581,2026-08-14T00:38:46.193992
7505,14,1559.3715661831727,2026-08-14T00:38:46.193992
7506,15,73.43089160217636,2026-08-14T00:38:46.193992
7507,1,72.4727515028056,2026-08-14T00:38:48.213923
7508,2,1.8631963141855152,2026-08-14T00:38:48.213923
7509,3,1413.4874383243698,2026-08-14T00:38:48.213923
7510,4,69.51652743230373,2026-08-14T00:38:48.213923
7511,5,2.0489499992677014,2026-08-14T00:38:48.213923
7512,6,1460.5508536901616,2026-08-14T00:38:48.213923
7513,7,69.32804230057152,2026-08-14T00:38:48.213923
7514,8,105.21429370233116,2026-08-14T00:38:48.213923
7515,9,75.34701062173393,2026-08-14T00:38:48.213923
7516,10,1.954174179704869,2026-08-14T00:38:48.213923
7517,11,1639.1378866428774,2026-08-14T00:38:48.213923
7518,12,65.12045558613515,2026-08-14T00:38:48.213923
7519,13,2.066817405204183,2026-08-14T00:38:48.213923
7520,14,1511.100610903147,2026-08-14T00:38:48.213923
7521,15,70.72685779110117,2026-08-14T00:38:48.213923
7522,1,69.3214843952159,2026-08-14T00:38:50.254895
7523,2,2.0638067268750078,2026-08-14T00:38:50.254895
7524,3,1510.7838403375786,2026-08-14T00:38:50.254895
7525,4,70.31681001727075,2026-08-14T00:38:50.254895
7526,5,2.146245927895066,2026-08-14T00:38:50.254895
7527,6,1551.0023894801823,2026-08-14T00:38:50.254895
7528,7,69.9219128058298,2026-08-14T00:38:50.254895
7529,8,104.9005330928586,2026-08-14T00:38:50.254895
7530,9,71.43065267114532,2026-08-14T00:38:50.254895
7531,10,1.8932765667903968,2026-08-14T00:38:50.254895
7532,11,1526.0484657172258,2026-08-14T00:38:50.254895
7533,12,68.9875855034858,2026-08-14T00:38:50.254895
7534,13,1.7728278730085578,2026-08-14T00:38:50.254895
7535,14,1540.893901041103,2026-08-14T00:38:50.254895
7536,15,72.33106944577241,2026-08-14T00:38:50.254895
7537,1,73.17113481410615,2026-08-14T00:38:52.263011
7538,2,2.179242049803327,2026-08-14T00:38:52.263011
7539,3,1362.5278490580736,2026-08-14T00:38:52.263011
7540,4,76.31299649272712,2026-08-14T00:38:52.263011
7541,5,1.9167128844590726,2026-08-14T00:38:52.263011
7542,6,1475.9474134212867,2026-08-14T00:38:52.263011
7543,7,66.21514633155489,2026-08-14T00:38:52.263011
7544,8,100.83182676253804,2026-08-14T00:38:52.263011
7545,9,69.26329727798748,2026-08-14T00:38:52.263011
7546,10,1.9238569331272215,2026-08-14T00:38:52.263011
7547,11,1501.65088687754,2026-08-14T00:38:52.263011
7548,12,74.3496008126755,2026-08-14T00:38:52.263011
7549,13,1.9603437374086499,2026-08-14T00:38:52.263011
7550,14,1659.9722504756646,2026-08-14T00:38:52.263011
7551,15,66.38742710295554,2026-08-14T00:38:52.263011
7552,1,68.5859564509351,2026-08-14T00:38:54.277960
7553,2,1.937171737961863,2026-08-14T00:38:54.277960
7554,3,1485.2264753839804,2026-08-14T00:38:54.277960
7555,4,68.92348453613768,2026-08-14T00:38:54.277960
7556,5,2.090732084617463,2026-08-14T00:38:54.277960
7557,6,1521.7581526478828,2026-08-14T00:38:54.277960
7558,7,69.89335200928345,2026-08-14T00:38:54.277960
7559,8,111.8160558424536,2026-08-14T00:38:54.277960
7560,9,69.23669469008584,2026-08-14T00:38:54.277960
7561,10,2.152487716011379,2026-08-14T00:38:54.277960
7562,11,1440.6107781165795,2026-08-14T00:38:54.277960
7563,12,71.04537088821752,2026-08-14T00:38:54.277960
7564,13,1.9342733005392114,2026-08-14T00:38:54.277960
7565,14,1609.7713199738846,2026-08-14T00:38:54.277960
7566,15,71.52615377353767,2026-08-14T00:38:54.277960
7567,1,74.18627402746782,2026-08-14T00:38:56.311994
7568,2,1.9227585943849448,2026-08-14T00:38:56.311994
7569,3,1406.954804407661,2026-08-14T00:38:56.311994
7570,4,66.88290262179521,2026-08-14T00:38:56.311994
7571,5,2.073628878483492,2026-08-14T00:38:56.311994
7572,6,1516.9004738415897,2026-08-14T00:38:56.311994
7573,7,71.2054855421523,2026-08-14T00:38:56.311994
7574,8,96.50725971589665,2026-08-14T00:38:56.311994
7575,9,65.18073887643921,2026-08-14T00:38:56.311994
7576,10,2.1732896922593206,2026-08-14T00:38:56.311994
7577,11,1557.303400915778,2026-08-14T00:38:56.311994
7578,12,69.85729379182503,2026-08-14T00:38:56.311994
7579,13,2.142266015381957,2026-08-14T00:38:56.311994
7580,14,1540.5085081593534,2026-08-14T00:38:56.311994
7581,15,70.79160170882446,2026-08-14T00:38:56.311994
7582,1,70.7916477106406,2026-08-14T00:38:58.331704
7583,2,1.8970372121281163,2026-08-14T00:38:58.331704
7584,3,1471.6461850268824,2026-08-14T00:38:58.331704
7585,4,67.00020656965887,2026-08-14T00:38:58.331704
7586,5,1.898560479193113,2026-08-14T00:38:58.331704
7587,6,1431.7562106599594,2026-08-14T00:38:58.331704
7588,7,71.60010532793977,2026-08-14T00:38:58.331704
7589,8,105.36432594394284,2026-08-14T00:38:58.331704
7590,9,75.88697022705618,2026-08-14T00:38:58.331704
7591,10,1.9127668233578263,2026-08-14T00:38:58.331704
7592,11,1538.7052772449467,2026-08-14T00:38:58.331704
7593,12,73.290119646903,2026-08-14T00:38:58.331704
7594,13,1.9761286130300597,2026-08-14T00:38:58.331704
7595,14,1463.1353111333128,2026-08-14T00:38:58.331704
7596,15,71.68543017861673,2026-08-14T00:38:58.331704
7597,1,71.11930091036089,2026-08-14T00:39:00.339245
7598,2,1.920780919223843,2026-08-14T00:39:00.339245
7599,3,1522.40579583464,2026-08-14T00:39:00.339245
7600,4,66.41495407235239,2026-08-14T00:39:00.339245
7601,5,2.0341485136705995,2026-08-14T00:39:00.339245
7602,6,1723.0669979683253,2026-08-14T00:39:00.339245
7603,7,72.96173907454946,2026-08-14T00:39:00.339245
7604,8,107.01420736553673,2026-08-14T00:39:00.339245
7605,9,69.19999458111121,2026-08-14T00:39:00.339245
7606,10,2.214839248427775,2026-08-14T00:39:00.339245
7607,11,1444.784324975858,2026-08-14T00:39:00.339245
7608,12,75.79936810319676,2026-08-14T00:39:00.339245
7609,13,2.0110738918466127,2026-08-14T00:39:00.339245
7610,14,1624.9573213769904,2026-08-14T00:39:00.339245
7611,15,63.97040223468169,2026-08-14T00:39:00.339245
7612,1,72.11410763533318,2026-08-14T00:39:02.346680
7613,2,1.9786215069270747,2026-08-14T00:39:02.346680
7614,3,1569.994196290904,2026-08-14T00:39:02.346680
7615,4,66.32745311705894,2026-08-14T00:39:02.346680
7616,5,1.8224989555142945,2026-08-14T00:39:02.346680
7617,6,1379.7363636761024,2026-08-14T00:39:02.346680
7618,7,67.6016975565,2026-08-14T00:39:02.346680
7619,8,97.53414116915842,2026-08-14T00:39:02.346680
7620,9,70.42951178965527,2026-08-14T00:39:02.346680
7621,10,2.0645631088847867,2026-08-14T00:39:02.346680
7622,11,1538.372969302462,2026-08-14T00:39:02.346680
7623,12,64.96605348898022,2026-08-14T00:39:02.346680
7624,13,1.87551840423495,2026-08-14T00:39:02.346680
7625,14,1477.9699006451888,2026-08-14T00:39:02.346680
7626,15,73.48066771667912,2026-08-14T00:39:02.346680
7627,1,64.76712211870418,2026-08-14T00:39:04.365906
7628,2,1.8801545733950307,2026-08-14T00:39:04.365906
7629,3,1419.2367566074722,2026-08-14T00:39:04.365906
7630,4,62.39945530795504,2026-08-14T00:39:04.365906
7631,5,1.9573067584133423,2026-08-14T00:39:04.365906
7632,6,1475.5831728022097,2026-08-14T00:39:04.365906
7633,7,67.64572652261077,2026-08-14T00:39:04.365906
7634,8,95.17358040077504,2026-08-14T00:39:04.365906
7635,9,68.03009685355528,2026-08-14T00:39:04.365906
7636,10,2.0906657504665733,2026-08-14T00:39:04.365906
7637,11,1565.8853305679088,2026-08-14T00:39:04.365906
7638,12,67.99657616557244,2026-08-14T00:39:04.365906
7639,13,2.0054885467849086,2026-08-14T00:39:04.365906
7640,14,1437.5663236014632,2026-08-14T00:39:04.365906
7641,15,72.1753534632825,2026-08-14T00:39:04.365906
7642,1,65.57228661466492,2026-08-14T00:39:06.386770
7643,2,2.0627961645894657,2026-08-14T00:39:06.386770
7644,3,1500.7305086177855,2026-08-14T00:39:06.386770
7645,4,68.8715463308317,2026-08-14T00:39:06.386770
7646,5,1.953045835259504,2026-08-14T00:39:06.386770
7647,6,1593.1668336502487,2026-08-14T00:39:06.386770
7648,7,67.6778454297347,2026-08-14T00:39:06.386770
7649,8,97.44445427284006,2026-08-14T00:39:06.386770
7650,9,69.27883773634551,2026-08-14T00:39:06.386770
7651,10,2.1161124596155485,2026-08-14T00:39:06.386770
7652,11,1449.015807041758,2026-08-14T00:39:06.386770
7653,12,67.88479062804146,2026-08-14T00:39:06.386770
7654,13,1.9755110304469357,2026-08-14T00:39:06.386770
7655,14,1487.4940840215277,2026-08-14T00:39:06.386770
7656,15,70.15651498034204,2026-08-14T00:39:06.386770
7657,1,72.47763389725439,2026-08-14T00:39:08.403886
7658,2,2.1701988848915796,2026-08-14T00:39:08.403886
7659,3,1724.1547093553156,2026-08-14T00:39:08.403886
7660,4,69.48816400607807,2026-08-14T00:39:08.403886
7661,5,2.0034902286438374,2026-08-14T00:39:08.403886
7662,6,1611.7387077331264,2026-08-14T00:39:08.403886
7663,7,69.79113029377923,2026-08-14T00:39:08.403886
7664,8,89.43544483607967,2026-08-14T00:39:08.403886
7665,9,67.531140458959,2026-08-14T00:39:08.403886
7666,10,2.039673172978951,2026-08-14T00:39:08.403886
7667,11,1514.2088597293814,2026-08-14T00:39:08.403886
7668,12,69.27868466055678,2026-08-14T00:39:08.403886
7669,13,2.046763480414706,2026-08-14T00:39:08.403886
7670,14,1613.625043905261,2026-08-14T00:39:08.403886
7671,15,75.16541524390938,2026-08-14T00:39:08.403886
7672,1,68.24637662845717,2026-08-14T00:39:10.423673
7673,2,1.8047951050127007,2026-08-14T00:39:10.423673
7674,3,1631.0308396933885,2026-08-14T00:39:10.423673
7675,4,71.18999263205421,2026-08-14T00:39:10.423673
7676,5,2.1318873750797964,2026-08-14T00:39:10.423673
7677,6,1541.6883470164798,2026-08-14T00:39:10.423673
7678,7,68.00733578772186,2026-08-14T00:39:10.423673
7679,8,111.72487087066187,2026-08-14T00:39:10.423673
7680,9,65.67963402318865,2026-08-14T00:39:10.423673
7681,10,1.9722439498780975,2026-08-14T00:39:10.423673
7682,11,1328.3505801434571,2026-08-14T00:39:10.423673
7683,12,68.92475717985067,2026-08-14T00:39:10.423673
7684,13,2.0333875595988156,2026-08-14T00:39:10.423673
7685,14,1572.930306581711,2026-08-14T00:39:10.423673
7686,15,72.89448533652495,2026-08-14T00:39:10.423673
7687,4,66.6477148789308,2026-08-14T00:39:12.429870
7688,5,1.9775419317001197,2026-08-14T00:39:12.429870
7689,6,1442.3935343028566,2026-08-14T00:39:12.429870
7690,7,66.10218041381769,2026-08-14T00:39:12.429870
7691,8,93.75671972455277,2026-08-14T00:39:12.429870
7692,9,68.04002604362395,2026-08-14T00:39:12.429870
7693,10,2.067430226040304,2026-08-14T00:39:12.429870
7694,11,1464.9658995240331,2026-08-14T00:39:12.429870
7695,12,68.2603417184494,2026-08-14T00:39:12.429870
7696,13,2.021888788414146,2026-08-14T00:39:12.429870
7697,14,1448.1765440619567,2026-08-14T00:39:12.429870
7698,15,74.32669133566431,2026-08-14T00:39:12.429870
7699,4,67.50454595929857,2026-08-14T00:39:14.437986
7700,5,2.1320886616566317,2026-08-14T00:39:14.437986
7701,6,1371.9175751643854,2026-08-14T00:39:14.437986
7702,9,70.89348298818693,2026-08-14T00:39:14.437986
7703,10,1.9705703667456043,2026-08-14T00:39:14.437986
7704,11,1448.7090193028691,2026-08-14T00:39:14.437986
7705,12,67.07117747856647,2026-08-14T00:39:14.437986
7706,13,2.108116867845745,2026-08-14T00:39:14.437986
7707,14,1431.8855747113175,2026-08-14T00:39:14.437986
7708,15,70.84761837508249,2026-08-14T00:39:14.437986
7709,4,68.75661645610533,2026-08-14T00:39:16.444960
7710,5,2.1085964209712094,2026-08-14T00:39:16.444960
7711,6,1454.6390207205611,2026-08-14T00:39:16.444960
7712,12,70.86099035884202,2026-08-14T00:39:16.444960
7713,13,1.8933207729539414,2026-08-14T00:39:16.444960
7714,14,1446.7428715867231,2026-08-14T00:39:16.444960
7715,15,64.34928462809792,2026-08-14T00:39:16.444960
7716,4,67.26052713884008,2026-08-14T00:39:18.465220
7717,5,2.1155233139359515,2026-08-14T00:39:18.465220
7718,6,1505.2037803493197,2026-08-14T00:39:18.465220
7719,9,75.5742729501381,2026-08-14T00:39:18.465220
7720,10,2.046152846879585,2026-08-14T00:39:18.465220
7721,11,1462.729301253976,2026-08-14T00:39:18.465220
7722,12,71.71116323264606,2026-08-14T00:39:18.465220
7723,13,1.9314133131316524,2026-08-14T00:39:18.465220
7724,14,1557.2042480486107,2026-08-14T00:39:18.465220
7725,15,68.97901004400741,2026-08-14T00:39:18.465220
7726,9,70.1665672872933,2026-08-14T00:39:20.472034
7727,10,2.0407829465508196,2026-08-14T00:39:20.472034
7728,11,1509.6428059775124,2026-08-14T00:39:20.472034
7729,12,66.55113942184704,2026-08-14T00:39:20.472034
7730,13,1.9983977835367557,2026-08-14T00:39:20.472034
7731,14,1527.1064325626846,2026-08-14T00:39:20.472034
7732,15,73.06642699785735,2026-08-14T00:39:20.472034
7733,9,67.72998800502661,2026-08-14T00:39:22.491678
7734,10,1.9527353701604457,2026-08-14T00:39:22.491678
7735,11,1561.2978384106254,2026-08-14T00:39:22.491678
7736,15,66.39818361179177,2026-08-14T00:39:22.491678
7737,9,69.43540633926283,2026-08-14T00:39:24.499388
7738,10,2.0651655957299218,2026-08-14T00:39:24.499388
7739,11,1522.7443558139878,2026-08-14T00:39:24.499388
7740,15,72.40129114624524,2026-08-14T00:39:24.499388
7741,9,67.32572783768065,2026-08-14T00:39:26.523941
7742,10,2.001035634118143,2026-08-14T00:39:26.523941
7743,11,1671.6866688844655,2026-08-14T00:39:26.523941
7744,15,77.62050339252743,2026-08-14T00:39:26.523941
7745,4,63.38732020123312,2026-08-14T00:39:28.531852
7746,5,2.124723610226589,2026-08-14T00:39:28.531852
7747,6,1460.9748387848326,2026-08-14T00:39:28.531852
7748,9,71.78907351294977,2026-08-14T00:39:28.531852
7749,10,1.9889576064869625,2026-08-14T00:39:28.531852
7750,11,1621.1180709687783,2026-08-14T00:39:28.531852
7751,15,66.39609877207627,2026-08-14T00:39:28.531852
7752,4,73.6368256928054,2026-08-14T00:39:30.552146
7753,5,1.8598412869442873,2026-08-14T00:39:30.552146
7754,6,1479.3323984199617,2026-08-14T00:39:30.552146
7755,9,75.57362128968872,2026-08-14T00:39:30.552146
7756,10,1.8358586616289603,2026-08-14T00:39:30.552146
7757,11,1515.1376999025017,2026-08-14T00:39:30.552146
7758,12,74.00078694058693,2026-08-14T00:39:30.552146
7759,13,1.9973065600865414,2026-08-14T00:39:30.552146
7760,14,1549.1153437005119,2026-08-14T00:39:30.552146
7761,15,68.54688694793366,2026-08-14T00:39:30.552146
7762,4,73.90373085251186,2026-08-14T00:39:32.558965
7763,5,1.8749272656571117,2026-08-14T00:39:32.558965
7764,6,1510.5945098763025,2026-08-14T00:39:32.558965
7765,9,68.101944732718,2026-08-14T00:39:32.558965
7766,10,2.0510156086791316,2026-08-14T00:39:32.558965
7767,11,1442.2641646631018,2026-08-14T00:39:32.558965
7768,12,66.12647882023374,2026-08-14T00:39:32.558965
7769,13,1.915541491806708,2026-08-14T00:39:32.558965
7770,14,1576.683686567408,2026-08-14T00:39:32.558965
7771,15,66.29370690214154,2026-08-14T00:39:32.558965
7772,4,63.575749823142026,2026-08-14T00:39:34.565864
7773,5,2.072167785868338,2026-08-14T00:39:34.565864
7774,6,1513.716222816306,2026-08-14T00:39:34.565864
7775,9,67.47085550565274,2026-08-14T00:39:34.565864
7776,10,1.9129514671345935,2026-08-14T00:39:34.565864
7777,11,1414.4633554344437,2026-08-14T00:39:34.565864
7778,12,63.6588370377807,2026-08-14T00:39:34.565864
7779,13,2.0940795546236837,2026-08-14T00:39:34.565864
7780,14,1559.4890317842517,2026-08-14T00:39:34.565864
7781,15,73.85564124802164,2026-08-14T00:39:34.565864
7782,4,70.55110809694354,2026-08-14T00:39:36.591223
7783,5,1.9320495073659776,2026-08-14T00:39:36.591223
7784,6,1502.5162269472778,2026-08-14T00:39:36.591223
7785,9,66.31381427272002,2026-08-14T00:39:36.591223
7786,10,1.8381626946436733,2026-08-14T00:39:36.591223
7787,11,1551.8792352226299,2026-08-14T00:39:36.591223
7788,12,65.09176795316095,2026-08-14T00:39:36.591223
7789,13,2.105150042194275,2026-08-14T00:39:36.591223
7790,14,1586.8303566248153,2026-08-14T00:39:36.591223
7791,15,74.46330729322095,2026-08-14T00:39:36.591223
7792,4,72.82330268801442,2026-08-14T00:39:38.606922
7793,5,2.0459402125200854,2026-08-14T00:39:38.606922
7794,6,1523.8939179345512,2026-08-14T00:39:38.606922
7795,9,72.76816135423184,2026-08-14T00:39:38.606922
7796,10,1.9591457197232678,2026-08-14T00:39:38.606922
7797,11,1516.0023802843418,2026-08-14T00:39:38.606922
7798,12,71.56836962457385,2026-08-14T00:39:38.606922
7799,13,2.0697135587357294,2026-08-14T00:39:38.606922
7800,14,1512.1603817853945,2026-08-14T00:39:38.606922
7801,15,72.47376069220219,2026-08-14T00:39:38.606922
7802,4,79.88777376151671,2026-08-14T00:39:40.613117
7803,5,2.0624189017497345,2026-08-14T00:39:40.613117
7804,6,1480.2730366010903,2026-08-14T00:39:40.613117
7805,9,66.57810090415096,2026-08-14T00:39:40.613117
7806,10,1.9662172037187784,2026-08-14T00:39:40.613117
7807,11,1563.2233720780052,2026-08-14T00:39:40.613117
7808,12,71.59413680997262,2026-08-14T00:39:40.613117
7809,13,2.0943524943258294,2026-08-14T00:39:40.613117
7810,14,1517.1395549786994,2026-08-14T00:39:40.613117
7811,4,68.61369129504165,2026-08-14T00:39:42.620522
7812,5,1.9934975954366996,2026-08-14T00:39:42.620522
7813,6,1493.1373278583146,2026-08-14T00:39:42.620522
7814,9,68.26026416330518,2026-08-14T00:39:42.620522
7815,10,2.1318482965347756,2026-08-14T00:39:42.620522
7816,11,1441.8857404432458,2026-08-14T00:39:42.620522
7817,12,68.93233233274634,2026-08-14T00:39:42.620522
7818,13,2.047970440723704,2026-08-14T00:39:42.620522
7819,14,1560.541410851531,2026-08-14T00:39:42.620522
7820,4,68.03688831395498,2026-08-14T00:39:44.628400
7821,5,2.1926163983446783,2026-08-14T00:39:44.628400
7822,6,1553.969169833393,2026-08-14T00:39:44.628400
7823,9,58.83262942663917,2026-08-14T00:39:44.628400
7824,10,2.005519492489297,2026-08-14T00:39:44.628400
7825,11,1508.534389436465,2026-08-14T00:39:44.628400
7826,12,69.77965372229536,2026-08-14T00:39:44.628400
7827,13,1.9928925310867622,2026-08-14T00:39:44.628400
7828,14,1559.655481482375,2026-08-14T00:39:44.628400
7829,4,67.94295840259485,2026-08-14T00:39:46.664129
7830,5,1.9086740081721874,2026-08-14T00:39:46.664129
7831,6,1445.8274939835244,2026-08-14T00:39:46.664129
7832,9,73.89204896831694,2026-08-14T00:39:46.664129
7833,10,1.9188587351255262,2026-08-14T00:39:46.664129
7834,11,1344.6264384924502,2026-08-14T00:39:46.664129
7835,12,71.32198380390753,2026-08-14T00:39:46.664129
7836,13,1.8953745330559413,2026-08-14T00:39:46.664129
7837,14,1522.6862595890275,2026-08-14T00:39:46.664129
7838,4,75.31874937977094,2026-08-14T00:39:48.670052
7839,5,2.04826131889361,2026-08-14T00:39:48.670052
7840,6,1594.424842365226,2026-08-14T00:39:48.670052
7841,9,69.20228200848243,2026-08-14T00:39:48.670052
7842,10,2.0033124673996934,2026-08-14T00:39:48.670052
7843,11,1365.1636598447394,2026-08-14T00:39:48.670052
7844,12,73.38101311742918,2026-08-14T00:39:48.670052
7845,13,1.8134042232008039,2026-08-14T00:39:48.670052
7846,14,1481.7169097700637,2026-08-14T00:39:48.670052
7847,4,71.64990874741461,2026-08-14T00:39:50.677346
7848,5,2.193043702261136,2026-08-14T00:39:50.677346
7849,6,1509.7572774596554,2026-08-14T00:39:50.677346
7850,9,69.53824162515252,2026-08-14T00:39:50.677346
7851,10,2.1545184480414443,2026-08-14T00:39:50.677346
7852,11,1537.769428752463,2026-08-14T00:39:50.677346
7853,12,65.30757041655643,2026-08-14T00:39:50.677346
7854,13,2.0445296280323477,2026-08-14T00:39:50.677346
7855,14,1584.4742035505508,2026-08-14T00:39:50.677346
7856,4,65.40786555284589,2026-08-14T00:39:52.696648
7857,5,1.9220217310418248,2026-08-14T00:39:52.696648
7858,6,1476.8728579868691,2026-08-14T00:39:52.696648
7859,9,70.32698661755208,2026-08-14T00:39:52.696648
7860,10,2.1211293798336524,2026-08-14T00:39:52.696648
7861,11,1485.8723582645614,2026-08-14T00:39:52.696648
7862,12,68.93973859688887,2026-08-14T00:39:52.696648
7863,13,1.9018097319422416,2026-08-14T00:39:52.696648
7864,14,1705.8960321393151,2026-08-14T00:39:52.696648
7865,1,65.16669966548973,2026-08-14T00:39:54.704789
7866,2,2.0906727995772942,2026-08-14T00:39:54.704789
7867,3,1517.500243982992,2026-08-14T00:39:54.704789
7868,4,74.63013863198236,2026-08-14T00:39:54.704789
7869,5,1.8690909191519691,2026-08-14T00:39:54.704789
7870,6,1453.5278196075842,2026-08-14T00:39:54.704789
7871,9,71.1757798903597,2026-08-14T00:39:54.704789
7872,10,1.7972777427093936,2026-08-14T00:39:54.704789
7873,11,1497.5799439271066,2026-08-14T00:39:54.704789
7874,12,72.5979666428656,2026-08-14T00:39:54.704789
7875,13,2.1394250385297524,2026-08-14T00:39:54.704789
7876,14,1472.7959883242163,2026-08-14T00:39:54.704789
7877,1,67.66102228795029,2026-08-14T00:39:56.712497
7878,2,1.9658736231226985,2026-08-14T00:39:56.712497
7879,3,1478.6440989320372,2026-08-14T00:39:56.712497
7880,4,65.09157720956688,2026-08-14T00:39:56.712497
7881,5,2.1525376635977485,2026-08-14T00:39:56.712497
7882,6,1528.335811379926,2026-08-14T00:39:56.712497
7883,9,73.3613210554003,2026-08-14T00:39:56.712497
7884,10,2.0935026485534958,2026-08-14T00:39:56.712497
7885,11,1582.26411903552,2026-08-14T00:39:56.712497
7886,12,67.18499794045661,2026-08-14T00:39:56.712497
7887,13,1.8663025861749827,2026-08-14T00:39:56.712497
7888,14,1522.7877253952329,2026-08-14T00:39:56.712497
7889,1,67.14404762474396,2026-08-14T00:39:58.732072
7890,2,1.9257230789765607,2026-08-14T00:39:58.732072
7891,3,1590.6290321661086,2026-08-14T00:39:58.732072
7892,4,65.81200402070182,2026-08-14T00:39:58.732072
7893,5,1.996954507743703,2026-08-14T00:39:58.732072
7894,6,1286.4188506762289,2026-08-14T00:39:58.732072
7895,9,73.06127074626528,2026-08-14T00:39:58.732072
7896,10,2.016719818487163,2026-08-14T00:39:58.732072
7897,11,1336.3548389340708,2026-08-14T00:39:58.732072
7898,12,72.58285327301016,2026-08-14T00:39:58.732072
7899,13,2.0047347255397288,2026-08-14T00:39:58.732072
7900,14,1586.0414913742848,2026-08-14T00:39:58.732072
7901,1,74.6877306704769,2026-08-14T00:40:00.744936
7902,2,1.9621544834560067,2026-08-14T00:40:00.744936
7903,3,1570.27798458387,2026-08-14T00:40:00.744936
7904,4,70.60638842733324,2026-08-14T00:40:00.744936
7905,5,1.9183195877993249,2026-08-14T00:40:00.744936
7906,6,1581.3451125081779,2026-08-14T00:40:00.744936
7907,9,66.14587957080286,2026-08-14T00:40:00.744936
7908,10,2.0219029287933163,2026-08-14T00:40:00.744936
7909,11,1728.3461029404455,2026-08-14T00:40:00.744936
7910,12,69.03087819544102,2026-08-14T00:40:00.744936
7911,13,2.193317182254066,2026-08-14T00:40:00.744936
7912,14,1476.2553914369348,2026-08-14T00:40:00.744936
7913,1,68.35564461917257,2026-08-14T00:40:02.751316
7914,2,2.016786787509234,2026-08-14T00:40:02.751316
7915,3,1510.7765666526568,2026-08-14T00:40:02.751316
7916,4,69.76038859776835,2026-08-14T00:40:02.751316
7917,5,2.04670038104608,2026-08-14T00:40:02.751316
7918,6,1501.6366509413353,2026-08-14T00:40:02.751316
7919,9,69.31911655027449,2026-08-14T00:40:02.751316
7920,10,1.9156806847870118,2026-08-14T00:40:02.751316
7921,11,1571.7452724933794,2026-08-14T00:40:02.751316
7922,12,75.95241544799653,2026-08-14T00:40:02.751316
7923,13,1.9558702816754447,2026-08-14T00:40:02.751316
7924,14,1619.0835304306324,2026-08-14T00:40:02.751316
7925,1,69.82189523208689,2026-08-14T00:40:04.774003
7926,2,1.9953556114951183,2026-08-14T00:40:04.774003
7927,3,1381.6596282701867,2026-08-14T00:40:04.774003
7928,4,72.12092241974858,2026-08-14T00:40:04.774003
7929,5,2.1280110492817017,2026-08-14T00:40:04.774003
7930,6,1579.4224256969985,2026-08-14T00:40:04.774003
7931,9,70.05878760802,2026-08-14T00:40:04.774003
7932,10,2.065895512356299,2026-08-14T00:40:04.774003
7933,11,1488.9101886956441,2026-08-14T00:40:04.774003
7934,12,70.58608550725985,2026-08-14T00:40:04.774003
7935,13,2.0781967407185533,2026-08-14T00:40:04.774003
7936,14,1452.1276742226169,2026-08-14T00:40:04.774003
7937,15,72.044281489428,2026-08-14T00:40:04.774003
7938,1,66.16060151459968,2026-08-14T00:40:06.782112
7939,2,2.1353596719670107,2026-08-14T00:40:06.782112
7940,3,1398.8240233168258,2026-08-14T00:40:06.782112
7941,4,58.9181587000298,2026-08-14T00:40:06.782112
7942,5,1.9483937712990484,2026-08-14T00:40:06.782112
7943,6,1348.2129035400144,2026-08-14T00:40:06.782112
7944,9,69.38458694973298,2026-08-14T00:40:06.782112
7945,10,2.0720669459115566,2026-08-14T00:40:06.782112
7946,11,1579.8609196229522,2026-08-14T00:40:06.782112
7947,12,69.34748646053535,2026-08-14T00:40:06.782112
7948,13,1.8954554707931401,2026-08-14T00:40:06.782112
7949,14,1504.207445460501,2026-08-14T00:40:06.782112
7950,15,64.4755021381253,2026-08-14T00:40:06.782112
7951,1,69.79221590167073,2026-08-14T00:40:08.801621
7952,2,2.0717649784803656,2026-08-14T00:40:08.801621
7953,3,1520.5243137253167,2026-08-14T00:40:08.801621
7954,4,76.51240256930242,2026-08-14T00:40:08.801621
7955,5,2.099313227352224,2026-08-14T00:40:08.801621
7956,6,1631.0538696229344,2026-08-14T00:40:08.801621
7957,9,68.5406183494748,2026-08-14T00:40:08.801621
7958,10,2.053160197860211,2026-08-14T00:40:08.801621
7959,11,1563.0144742437146,2026-08-14T00:40:08.801621
7960,12,70.67940415061611,2026-08-14T00:40:08.801621
7961,13,2.0707069934999516,2026-08-14T00:40:08.801621
7962,14,1625.5298901241279,2026-08-14T00:40:08.801621
7963,15,74.11858420127899,2026-08-14T00:40:08.801621
7964,1,73.03764546991832,2026-08-14T00:40:10.810544
7965,2,2.01735446266488,2026-08-14T00:40:10.810544
7966,3,1551.148500932124,2026-08-14T00:40:10.810544
7967,4,66.24031182778258,2026-08-14T00:40:10.810544
7968,5,2.0609831563850105,2026-08-14T00:40:10.810544
7969,6,1550.2710059560573,2026-08-14T00:40:10.810544
7970,9,69.90869273369975,2026-08-14T00:40:10.810544
7971,10,1.9591483950374162,2026-08-14T00:40:10.810544
7972,11,1626.3161131457182,2026-08-14T00:40:10.810544
7973,12,65.53983374661414,2026-08-14T00:40:10.810544
7974,13,1.9590148723323182,2026-08-14T00:40:10.810544
7975,14,1697.2959864834336,2026-08-14T00:40:10.810544
7976,15,72.65253585749663,2026-08-14T00:40:10.810544
7977,1,80.24697801707295,2026-08-14T00:40:12.817533
7978,2,2.0970099929722292,2026-08-14T00:40:12.817533
7979,3,1490.910538605117,2026-08-14T00:40:12.817533
7980,4,68.89511578075964,2026-08-14T00:40:12.817533
7981,5,1.9770746408465316,2026-08-14T00:40:12.817533
7982,6,1510.885615805852,2026-08-14T00:40:12.817533
7983,9,67.17176637931483,2026-08-14T00:40:12.817533
7984,10,1.9951501068560473,2026-08-14T00:40:12.817533
7985,11,1502.6319447274775,2026-08-14T00:40:12.817533
7986,12,73.89072832075753,2026-08-14T00:40:12.817533
7987,13,2.0694881270913426,2026-08-14T00:40:12.817533
7988,14,1476.7378858263573,2026-08-14T00:40:12.817533
7989,15,69.89915496533865,2026-08-14T00:40:12.817533
7990,1,62.276889798519534,2026-08-14T00:40:14.838511
7991,2,1.9861359885162269,2026-08-14T00:40:14.838511
7992,3,1577.9096277138433,2026-08-14T00:40:14.838511
7993,4,74.57242495447124,2026-08-14T00:40:14.838511
7994,5,2.080197734098216,2026-08-14T00:40:14.838511
7995,6,1556.7068974029223,2026-08-14T00:40:14.838511
7996,9,74.42914721389808,2026-08-14T00:40:14.838511
7997,10,2.0494713209919877,2026-08-14T00:40:14.838511
7998,11,1419.4791486452402,2026-08-14T00:40:14.838511
7999,12,71.32265915198208,2026-08-14T00:40:14.838511
8000,13,2.131327859927342,2026-08-14T00:40:14.838511
8001,14,1451.1247888887474,2026-08-14T00:40:14.838511
8002,15,68.2546291531757,2026-08-14T00:40:14.838511
8003,1,71.98446915342666,2026-08-14T00:40:16.856918
8004,2,2.007123930805577,2026-08-14T00:40:16.856918
8005,3,1435.1160545469577,2026-08-14T00:40:16.856918
8006,4,71.05623404939502,2026-08-14T00:40:16.856918
8007,5,2.0098460553507835,2026-08-14T00:40:16.856918
8008,6,1480.3148501327728,2026-08-14T00:40:16.856918
8009,9,72.6723161077031,2026-08-14T00:40:16.856918
8010,10,1.9647269463937354,2026-08-14T00:40:16.856918
8011,11,1513.2628369863735,2026-08-14T00:40:16.856918
8012,12,68.19553888467689,2026-08-14T00:40:16.856918
8013,13,2.0347034278721545,2026-08-14T00:40:16.856918
8014,14,1327.1747364266657,2026-08-14T00:40:16.856918
8015,15,68.03532322196804,2026-08-14T00:40:16.856918
8016,1,75.29593105474133,2026-08-14T00:40:18.877809
8017,2,2.076337678681607,2026-08-14T00:40:18.877809
8018,3,1494.7961567694097,2026-08-14T00:40:18.877809
8019,4,70.44001229118281,2026-08-14T00:40:18.877809
8020,5,1.8553261966386259,2026-08-14T00:40:18.877809
8021,6,1577.5035717083001,2026-08-14T00:40:18.877809
8022,9,74.26946759933823,2026-08-14T00:40:18.877809
8023,10,2.238046267074984,2026-08-14T00:40:18.877809
8024,11,1546.7386565423683,2026-08-14T00:40:18.877809
8025,12,73.52658749283793,2026-08-14T00:40:18.877809
8026,13,2.1173464271016327,2026-08-14T00:40:18.877809
8027,14,1388.0976392801922,2026-08-14T00:40:18.877809
8028,15,68.65331568191833,2026-08-14T00:40:18.877809
8029,1,68.39119340627676,2026-08-14T00:40:20.897443
8030,2,2.144964826882408,2026-08-14T00:40:20.897443
8031,3,1506.1716493825252,2026-08-14T00:40:20.897443
8032,4,64.43515808752946,2026-08-14T00:40:20.897443
8033,5,2.0049901621870996,2026-08-14T00:40:20.897443
8034,6,1576.476219125476,2026-08-14T00:40:20.897443
8035,9,69.12794114620955,2026-08-14T00:40:20.897443
8036,10,2.0642729146212933,2026-08-14T00:40:20.897443
8037,11,1543.8759832650053,2026-08-14T00:40:20.897443
8038,12,68.70760666758943,2026-08-14T00:40:20.897443
8039,13,1.8953308582658415,2026-08-14T00:40:20.897443
8040,14,1645.9351442100453,2026-08-14T00:40:20.897443
8041,15,74.92909570697726,2026-08-14T00:40:20.897443
8042,1,74.12206750900742,2026-08-14T00:40:22.919148
8043,2,1.7772469034077096,2026-08-14T00:40:22.919148
8044,3,1481.7091552351135,2026-08-14T00:40:22.919148
8045,4,65.62476378309125,2026-08-14T00:40:22.919148
8046,5,2.0009887721329966,2026-08-14T00:40:22.919148
8047,6,1527.4711672848157,2026-08-14T00:40:22.919148
8048,7,65.25548409839159,2026-08-14T00:40:22.919148
8049,8,99.13886782309534,2026-08-14T00:40:22.919148
8050,9,70.27526112386504,2026-08-14T00:40:22.919148
8051,10,1.8831975650318422,2026-08-14T00:40:22.919148
8052,11,1428.7371208456807,2026-08-14T00:40:22.919148
8053,12,69.95478264852096,2026-08-14T00:40:22.919148
8054,13,1.9598894942542466,2026-08-14T00:40:22.919148
8055,14,1516.2845610591594,2026-08-14T00:40:22.919148
8056,15,73.68580831258575,2026-08-14T00:40:22.919148
8057,1,71.16106248964608,2026-08-14T00:40:24.939442
8058,2,1.9184990958483201,2026-08-14T00:40:24.939442
8059,3,1543.6238161635247,2026-08-14T00:40:24.939442
8060,4,65.25897279999374,2026-08-14T00:40:24.939442
8061,5,2.1829599748311623,2026-08-14T00:40:24.939442
8062,6,1555.9067491569053,2026-08-14T00:40:24.939442
8063,7,66.92035929300542,2026-08-14T00:40:24.939442
8064,8,102.21700793157548,2026-08-14T00:40:24.939442
8065,9,70.64348863428627,2026-08-14T00:40:24.939442
8066,10,1.905082933128832,2026-08-14T00:40:24.939442
8067,11,1360.647913515692,2026-08-14T00:40:24.939442
8068,12,65.60782918646817,2026-08-14T00:40:24.939442
8069,13,1.84657244257448,2026-08-14T00:40:24.939442
8070,14,1429.5678519290673,2026-08-14T00:40:24.939442
8071,15,73.32777512974143,2026-08-14T00:40:24.939442
8072,1,70.68359903597812,2026-08-14T00:40:26.960799
8073,2,1.9561022650367312,2026-08-14T00:40:26.960799
8074,3,1469.2919054806262,2026-08-14T00:40:26.960799
8075,4,73.17883801023866,2026-08-14T00:40:26.960799
8076,5,2.0027058880125477,2026-08-14T00:40:26.960799
8077,6,1461.404456648434,2026-08-14T00:40:26.960799
8078,7,68.6816525153599,2026-08-14T00:40:26.960799
8079,8,103.76917491845,2026-08-14T00:40:26.960799
8080,9,72.69717663661663,2026-08-14T00:40:26.960799
8081,10,2.0025723359241736,2026-08-14T00:40:26.960799
8082,11,1569.885598719163,2026-08-14T00:40:26.960799
8083,12,72.67021162785642,2026-08-14T00:40:26.960799
8084,13,2.0674396830420627,2026-08-14T00:40:26.960799
8085,14,1584.344590688252,2026-08-14T00:40:26.960799
8086,15,68.54443059746289,2026-08-14T00:40:26.960799
8087,1,77.14533760069011,2026-08-14T00:40:28.969163
8088,2,1.9777938029481084,2026-08-14T00:40:28.969163
8089,3,1643.7763842784198,2026-08-14T00:40:28.969163
8090,4,69.61172699847432,2026-08-14T00:40:28.969163
8091,5,2.0381626856615993,2026-08-14T00:40:28.969163
8092,6,1531.6400277807265,2026-08-14T00:40:28.969163
8093,7,70.08437157491414,2026-08-14T00:40:28.969163
8094,8,95.20349462682843,2026-08-14T00:40:28.969163
8095,9,70.1530150765826,2026-08-14T00:40:28.969163
8096,10,1.962397750583541,2026-08-14T00:40:28.969163
8097,11,1534.895883429018,2026-08-14T00:40:28.969163
8098,12,73.96857027225022,2026-08-14T00:40:28.969163
8099,13,1.8958882991246624,2026-08-14T00:40:28.969163
8100,14,1432.8874226343278,2026-08-14T00:40:28.969163
8101,15,66.39292946241397,2026-08-14T00:40:28.969163
8102,1,66.9765878117864,2026-08-14T00:40:30.990648
8103,2,2.21515933311365,2026-08-14T00:40:30.990648
8104,3,1483.0869596291718,2026-08-14T00:40:30.990648
8105,4,71.42940451626107,2026-08-14T00:40:30.990648
8106,5,2.0553497934550995,2026-08-14T00:40:30.990648
8107,6,1447.1637535722139,2026-08-14T00:40:30.990648
8108,7,67.19670103737508,2026-08-14T00:40:30.990648
8109,8,106.9207332278203,2026-08-14T00:40:30.990648
8110,9,64.70155454950259,2026-08-14T00:40:30.990648
8111,10,2.0875914616194007,2026-08-14T00:40:30.990648
8112,11,1480.0371392819948,2026-08-14T00:40:30.990648
8113,12,68.05364745722723,2026-08-14T00:40:30.990648
8114,13,1.9426723049469867,2026-08-14T00:40:30.990648
8115,14,1643.3539214810787,2026-08-14T00:40:30.990648
8116,15,66.33554776228053,2026-08-14T00:40:30.990648
8117,1,77.73514535782957,2026-08-14T00:40:33.009133
8118,2,1.803660019234639,2026-08-14T00:40:33.009133
8119,3,1493.4097442804198,2026-08-14T00:40:33.009133
8120,4,69.05721642336934,2026-08-14T00:40:33.009133
8121,5,1.9551760965053107,2026-08-14T00:40:33.009133
8122,6,1527.4893941513205,2026-08-14T00:40:33.009133
8123,7,72.3266747260832,2026-08-14T00:40:33.009133
8124,8,96.07957895094634,2026-08-14T00:40:33.009133
8125,9,71.69869487972063,2026-08-14T00:40:33.009133
8126,10,1.9101855654238273,2026-08-14T00:40:33.009133
8127,11,1560.8681406520968,2026-08-14T00:40:33.009133
8128,12,68.80363379216577,2026-08-14T00:40:33.009133
8129,13,1.9518614731751494,2026-08-14T00:40:33.009133
8130,14,1472.615479599293,2026-08-14T00:40:33.009133
8131,15,74.93105826971158,2026-08-14T00:40:33.009133
8132,1,67.96938779433992,2026-08-14T00:40:35.029222
8133,2,1.855290329395039,2026-08-14T00:40:35.029222
8134,3,1564.6986324673123,2026-08-14T00:40:35.029222
8135,4,68.64813613465437,2026-08-14T00:40:35.029222
8136,5,2.003753141414232,2026-08-14T00:40:35.029222
8137,6,1403.3756020649428,2026-08-14T00:40:35.029222
8138,7,67.82655913263883,2026-08-14T00:40:35.029222
8139,8,103.37953879111998,2026-08-14T00:40:35.029222
8140,9,72.29745141372189,2026-08-14T00:40:35.029222
8141,10,1.9207735820427865,2026-08-14T00:40:35.029222
8142,11,1563.3929688664298,2026-08-14T00:40:35.029222
8143,12,75.37346364180294,2026-08-14T00:40:35.029222
8144,13,1.9875367251490828,2026-08-14T00:40:35.029222
8145,14,1323.3953149317292,2026-08-14T00:40:35.029222
8146,15,75.93599839016801,2026-08-14T00:40:35.029222
8147,1,68.84335512993191,2026-08-14T00:40:37.049906
8148,2,2.0187412420088546,2026-08-14T00:40:37.049906
8149,3,1467.6256239957756,2026-08-14T00:40:37.049906
8150,4,67.9042328498749,2026-08-14T00:40:37.049906
8151,5,2.0779826992167894,2026-08-14T00:40:37.049906
8152,6,1607.6739752938338,2026-08-14T00:40:37.049906
8153,7,63.30858843192927,2026-08-14T00:40:37.049906
8154,8,95.93118958806443,2026-08-14T00:40:37.049906
8155,15,64.99816507594778,2026-08-14T00:40:37.049906
8156,1,68.31006708861308,2026-08-14T00:40:39.058146
8157,2,1.7806089590289969,2026-08-14T00:40:39.058146
8158,3,1605.417681863979,2026-08-14T00:40:39.058146
8159,4,65.07125887279794,2026-08-14T00:40:39.058146
8160,5,2.0269020640967432,2026-08-14T00:40:39.058146
8161,6,1488.1389145498692,2026-08-14T00:40:39.058146
8162,7,68.95120006335345,2026-08-14T00:40:39.058146
8163,8,96.12564340986648,2026-08-14T00:40:39.058146
8164,15,71.20931232713075,2026-08-14T00:40:39.058146
8165,1,64.83400943161402,2026-08-14T00:40:41.068416
8166,2,1.9341699795210183,2026-08-14T00:40:41.068416
8167,3,1423.798910407666,2026-08-14T00:40:41.068416
8168,4,69.25359538076162,2026-08-14T00:40:41.068416
8169,5,1.9593806972060543,2026-08-14T00:40:41.068416
8170,6,1474.6818332711532,2026-08-14T00:40:41.068416
8171,7,72.36731515797977,2026-08-14T00:40:41.068416
8172,8,97.50883555543034,2026-08-14T00:40:41.068416
8173,15,73.55167304876694,2026-08-14T00:40:41.068416
8174,1,69.03291332692163,2026-08-14T00:40:43.089131
8175,2,2.025013875241898,2026-08-14T00:40:43.089131
8176,3,1469.7835147736735,2026-08-14T00:40:43.089131
8177,4,67.2876108832961,2026-08-14T00:40:43.089131
8178,5,1.901730676790723,2026-08-14T00:40:43.089131
8179,6,1602.1032506693575,2026-08-14T00:40:43.089131
8180,7,68.64478434754349,2026-08-14T00:40:43.089131
8181,8,100.98649300445756,2026-08-14T00:40:43.089131
8182,15,71.10994986635855,2026-08-14T00:40:43.089131
8183,1,64.09801691806315,2026-08-14T00:40:45.107871
8184,2,2.1553183682866224,2026-08-14T00:40:45.107871
8185,3,1541.8764122668097,2026-08-14T00:40:45.107871
8186,4,70.85182424234675,2026-08-14T00:40:45.107871
8187,5,1.8952007007205003,2026-08-14T00:40:45.107871
8188,6,1471.8525332841034,2026-08-14T00:40:45.107871
8189,7,75.53115590224756,2026-08-14T00:40:45.107871
8190,8,102.31693144109492,2026-08-14T00:40:45.107871
8191,15,73.86716269331959,2026-08-14T00:40:45.107871
8192,1,71.62881316892853,2026-08-14T00:40:47.129009
8193,2,1.9182876174490884,2026-08-14T00:40:47.129009
8194,3,1488.2361467587846,2026-08-14T00:40:47.129009
8195,4,70.86053842097088,2026-08-14T00:40:47.129009
8196,5,1.9422730371472543,2026-08-14T00:40:47.129009
8197,6,1514.5680224236203,2026-08-14T00:40:47.129009
8198,7,70.22148686215044,2026-08-14T00:40:47.129009
8199,8,97.77521180340494,2026-08-14T00:40:47.129009
8200,15,74.27268360931387,2026-08-14T00:40:47.129009
8201,1,78.53269314914007,2026-08-14T00:40:49.147901
8202,2,2.0133905248704127,2026-08-14T00:40:49.147901
8203,3,1437.9620591713242,2026-08-14T00:40:49.147901
8204,4,68.20190848330994,2026-08-14T00:40:49.147901
8205,5,2.0691370910958224,2026-08-14T00:40:49.147901
8206,6,1612.3887005445526,2026-08-14T00:40:49.147901
8207,7,67.99086261003193,2026-08-14T00:40:49.147901
8208,8,90.57238394858284,2026-08-14T00:40:49.147901
8209,15,66.21315011666937,2026-08-14T00:40:49.147901
8210,1,76.75791753053092,2026-08-14T00:40:51.167902
8211,2,1.9839042498713102,2026-08-14T00:40:51.167902
8212,3,1479.3043519787675,2026-08-14T00:40:51.167902
8213,7,71.46474878530486,2026-08-14T00:40:51.167902
8214,8,104.85314875897743,2026-08-14T00:40:51.167902
8215,15,68.29530136677842,2026-08-14T00:40:51.167902
8216,1,70.47303143091688,2026-08-14T00:40:53.174795
8217,2,1.9051971755698505,2026-08-14T00:40:53.174795
8218,3,1565.4485415634758,2026-08-14T00:40:53.174795
8219,7,74.61752777813824,2026-08-14T00:40:53.174795
8220,8,105.93876322524504,2026-08-14T00:40:53.174795
8221,15,68.99909139248345,2026-08-14T00:40:53.174795
8222,1,68.35764102839715,2026-08-14T00:40:55.194302
8223,2,2.001801988062252,2026-08-14T00:40:55.194302
8224,3,1467.4033871851302,2026-08-14T00:40:55.194302
8225,7,67.30741674888048,2026-08-14T00:40:55.194302
8226,8,99.05657112716871,2026-08-14T00:40:55.194302
8227,15,71.18124027536051,2026-08-14T00:40:55.194302
8228,1,67.58040208469892,2026-08-14T00:40:57.201113
8229,2,1.910386289240312,2026-08-14T00:40:57.201113
8230,3,1502.82537780749,2026-08-14T00:40:57.201113
8231,7,65.50649885878983,2026-08-14T00:40:57.201113
8232,8,103.99043488104245,2026-08-14T00:40:57.201113
8233,9,69.3352327659279,2026-08-14T00:40:57.201113
8234,10,1.9480011688525745,2026-08-14T00:40:57.201113
8235,11,1401.6630106199539,2026-08-14T00:40:57.201113
8236,15,74.20182368055868,2026-08-14T00:40:57.201113
8237,1,69.37471888249888,2026-08-14T00:40:59.222149
8238,2,1.8797855542153716,2026-08-14T00:40:59.222149
8239,3,1429.9166554384117,2026-08-14T00:40:59.222149
8240,7,70.35589933536791,2026-08-14T00:40:59.222149
8241,8,103.22660209863776,2026-08-14T00:40:59.222149
8242,9,64.51294190592333,2026-08-14T00:40:59.222149
8243,10,2.0831227455719534,2026-08-14T00:40:59.222149
8244,11,1482.2928389277579,2026-08-14T00:40:59.222149
8245,15,67.56124126496567,2026-08-14T00:40:59.222149
8246,1,71.53119628068572,2026-08-14T00:41:01.228595
8247,2,2.1674262202586143,2026-08-14T00:41:01.228595
8248,3,1550.1372866746767,2026-08-14T00:41:01.228595
8249,7,66.31584857090797,2026-08-14T00:41:01.228595
8250,8,93.93786323770667,2026-08-14T00:41:01.228595
8251,9,72.49042203955203,2026-08-14T00:41:01.228595
8252,10,2.048158555805947,2026-08-14T00:41:01.228595
8253,11,1541.4019041616152,2026-08-14T00:41:01.228595
8254,15,68.7273590218199,2026-08-14T00:41:01.228595
8255,1,70.55804151583051,2026-08-14T00:41:03.249022
8256,2,1.9998665072252795,2026-08-14T00:41:03.249022
8257,3,1351.0676357858629,2026-08-14T00:41:03.249022
8258,7,68.6924355410331,2026-08-14T00:41:03.249022
8259,8,103.53561495605128,2026-08-14T00:41:03.249022
8260,9,64.63649464799043,2026-08-14T00:41:03.249022
8261,10,2.149265976355409,2026-08-14T00:41:03.249022
8262,11,1467.8691310417555,2026-08-14T00:41:03.249022
8263,15,67.51802090260844,2026-08-14T00:41:03.249022
8264,1,74.75469283510576,2026-08-14T00:41:05.267809
8265,2,2.0328345374563184,2026-08-14T00:41:05.267809
8266,3,1435.5749125417685,2026-08-14T00:41:05.267809
8267,7,71.13270798969826,2026-08-14T00:41:05.267809
8268,8,100.0152531797455,2026-08-14T00:41:05.267809
8269,9,73.599535672758,2026-08-14T00:41:05.267809
8270,10,1.984489390491779,2026-08-14T00:41:05.267809
8271,11,1454.5086200284884,2026-08-14T00:41:05.267809
8272,15,70.31644794049721,2026-08-14T00:41:05.267809
8273,1,71.68622791487003,2026-08-14T00:41:07.285688
8274,2,2.130088898443992,2026-08-14T00:41:07.285688
8275,3,1409.0971788317088,2026-08-14T00:41:07.285688
8276,7,71.69439421518314,2026-08-14T00:41:07.285688
8277,8,95.84354926533577,2026-08-14T00:41:07.285688
8278,9,73.55442936600473,2026-08-14T00:41:07.285688
8279,10,1.9657684664494721,2026-08-14T00:41:07.285688
8280,11,1410.5021123100134,2026-08-14T00:41:07.285688
8281,15,68.3680590051587,2026-08-14T00:41:07.285688
8282,7,69.17814023718597,2026-08-14T00:41:09.308275
8283,8,107.00309230646187,2026-08-14T00:41:09.308275
8284,9,63.71719077460668,2026-08-14T00:41:09.308275
8285,10,2.042060813549926,2026-08-14T00:41:09.308275
8286,11,1392.9491879823445,2026-08-14T00:41:09.308275
8287,7,71.93042485523289,2026-08-14T00:41:11.318928
8288,8,100.35945596188691,2026-08-14T00:41:11.318928
8289,9,69.67286031326988,2026-08-14T00:41:11.318928
8290,10,1.8699569838021228,2026-08-14T00:41:11.318928
8291,11,1453.5986133091405,2026-08-14T00:41:11.318928
8292,7,70.60492305040609,2026-08-14T00:41:13.328500
8293,8,98.80662332355666,2026-08-14T00:41:13.328500
8294,9,68.89900284916473,2026-08-14T00:41:13.328500
8295,10,1.9813287502994799,2026-08-14T00:41:13.328500
8296,11,1419.4780261680696,2026-08-14T00:41:13.328500
8297,15,66.29580371212484,2026-08-14T00:41:13.328500
8298,7,67.47616548428776,2026-08-14T00:41:17.157399
8299,8,98.66647911265343,2026-08-14T00:41:17.157399
8300,9,68.6911640854815,2026-08-14T00:41:17.157399
8301,10,1.9617090565584423,2026-08-14T00:41:17.157399
8302,11,1580.8719221206927,2026-08-14T00:41:17.157399
8303,15,62.650760671091376,2026-08-14T00:41:17.157399
8304,7,72.61661399523771,2026-08-14T00:41:19.164255
8305,8,101.91542923803472,2026-08-14T00:41:19.164255
8306,9,77.74373857215507,2026-08-14T00:41:19.164255
8307,10,2.076514066761028,2026-08-14T00:41:19.164255
8308,11,1443.8788551277958,2026-08-14T00:41:19.164255
8309,15,73.04608659363835,2026-08-14T00:41:19.164255
8310,7,70.02652473509933,2026-08-14T00:41:22.073887
8311,8,107.908814049278,2026-08-14T00:41:22.073887
8312,9,71.09124373516843,2026-08-14T00:41:22.073887
8313,10,1.9654480806222137,2026-08-14T00:41:22.073887
8314,11,1478.6965472821305,2026-08-14T00:41:22.073887
8315,15,71.60027477576223,2026-08-14T00:41:22.073887
8316,1,69.29058546693756,2026-08-14T00:41:24.094718
8317,2,1.8903935534721452,2026-08-14T00:41:24.094718
8318,3,1567.7328348402586,2026-08-14T00:41:24.094718
8319,7,71.43245518284803,2026-08-14T00:41:24.094718
8320,8,97.54872982996643,2026-08-14T00:41:24.094718
8321,9,71.5549415623229,2026-08-14T00:41:24.094718
8322,10,1.9605352817605801,2026-08-14T00:41:24.094718
8323,11,1562.3725712256958,2026-08-14T00:41:24.094718
8324,15,66.93265514578087,2026-08-14T00:41:24.094718
8325,1,74.16559487881631,2026-08-14T00:41:26.114896
8326,2,1.9647188133591906,2026-08-14T00:41:26.114896
8327,3,1412.9528515688364,2026-08-14T00:41:26.114896
8328,7,73.18738121558647,2026-08-14T00:41:26.114896
8329,8,103.01744992214356,2026-08-14T00:41:26.114896
8330,9,73.06001802752917,2026-08-14T00:41:26.114896
8331,10,2.125652030629289,2026-08-14T00:41:26.114896
8332,11,1459.139368602493,2026-08-14T00:41:26.114896
8333,15,72.78082999617976,2026-08-14T00:41:26.114896
8334,1,68.75266640014851,2026-08-14T00:41:28.132689
8335,2,2.0964033760901732,2026-08-14T00:41:28.132689
8336,3,1656.1080019426013,2026-08-14T00:41:28.132689
8337,7,66.93207754995889,2026-08-14T00:41:28.132689
8338,8,104.16438772244788,2026-08-14T00:41:28.132689
8339,9,69.1240051619274,2026-08-14T00:41:28.132689
8340,10,1.9384652430078855,2026-08-14T00:41:28.132689
8341,11,1446.844570411128,2026-08-14T00:41:28.132689
8342,15,70.58943644656406,2026-08-14T00:41:28.132689
8343,1,72.20804681633332,2026-08-14T00:41:30.138768
8344,2,2.122384193268144,2026-08-14T00:41:30.138768
8345,3,1418.0579170901724,2026-08-14T00:41:30.138768
8346,7,70.70679495219842,2026-08-14T00:41:30.138768
8347,8,101.52968519952796,2026-08-14T00:41:30.138768
8348,9,71.04892672085073,2026-08-14T00:41:30.138768
8349,10,1.8616165803540794,2026-08-14T00:41:30.138768
8350,11,1478.8030925741355,2026-08-14T00:41:30.138768
8351,15,68.6353002154353,2026-08-14T00:41:30.138768
8352,1,72.51680068719631,2026-08-14T00:41:32.159016
8353,2,1.8800060824261302,2026-08-14T00:41:32.159016
8354,3,1516.4958877508418,2026-08-14T00:41:32.159016
8355,7,71.54364994041605,2026-08-14T00:41:32.159016
8356,8,103.33145534094038,2026-08-14T00:41:32.159016
8357,9,74.185123228062,2026-08-14T00:41:32.159016
8358,10,1.9340163318228107,2026-08-14T00:41:32.159016
8359,11,1496.2456547934262,2026-08-14T00:41:32.159016
8360,15,70.8984960924756,2026-08-14T00:41:32.159016
8361,1,68.22343542767123,2026-08-14T00:41:34.168219
8362,2,1.9697810667655296,2026-08-14T00:41:34.168219
8363,3,1447.9207358600952,2026-08-14T00:41:34.168219
8364,7,70.25623215692994,2026-08-14T00:41:34.168219
8365,8,98.68334503466494,2026-08-14T00:41:34.168219
8366,9,71.6958527788944,2026-08-14T00:41:34.168219
8367,10,2.0973446320381792,2026-08-14T00:41:34.168219
8368,11,1417.1963723794465,2026-08-14T00:41:34.168219
8369,15,63.410021707053296,2026-08-14T00:41:34.168219
8370,1,66.32690039093964,2026-08-14T00:41:36.176779
8371,2,2.013607512368056,2026-08-14T00:41:36.176779
8372,3,1416.5705340675377,2026-08-14T00:41:36.176779
8373,7,72.3929601409146,2026-08-14T00:41:36.176779
8374,8,106.76847245801419,2026-08-14T00:41:36.176779
8375,9,76.80840815389965,2026-08-14T00:41:36.176779
8376,10,2.1136614262629814,2026-08-14T00:41:36.176779
8377,11,1393.0512803972472,2026-08-14T00:41:36.176779
8378,15,68.9210328812434,2026-08-14T00:41:36.176779
8379,1,76.04885368428332,2026-08-14T00:41:38.184598
8380,2,1.9912240286572536,2026-08-14T00:41:38.184598
8381,3,1548.0829705701808,2026-08-14T00:41:38.184598
8382,4,66.77089142166281,2026-08-14T00:41:38.184598
8383,5,1.9432916598655945,2026-08-14T00:41:38.184598
8384,6,1424.7727921913552,2026-08-14T00:41:38.184598
8385,7,72.69360864244241,2026-08-14T00:41:38.184598
8386,8,90.94154846774727,2026-08-14T00:41:38.184598
8387,9,73.74190700193162,2026-08-14T00:41:38.184598
8388,10,1.99908129727444,2026-08-14T00:41:38.184598
8389,11,1423.724405275119,2026-08-14T00:41:38.184598
8390,15,70.69211444733618,2026-08-14T00:41:38.184598
8391,1,62.43285460039354,2026-08-14T00:41:40.200383
8392,2,2.0088795724297928,2026-08-14T00:41:40.200383
8393,3,1527.2915062063798,2026-08-14T00:41:40.200383
8394,4,68.21342104276826,2026-08-14T00:41:40.200383
8395,5,2.008399784319366,2026-08-14T00:41:40.200383
8396,6,1441.1003695507197,2026-08-14T00:41:40.200383
8397,7,67.88442661455883,2026-08-14T00:41:40.200383
8398,8,104.99653937089693,2026-08-14T00:41:40.200383
8399,9,74.3770495189533,2026-08-14T00:41:40.200383
8400,10,1.9019759534352827,2026-08-14T00:41:40.200383
8401,11,1429.7367174114095,2026-08-14T00:41:40.200383
8402,15,77.12311737897349,2026-08-14T00:41:40.200383
8403,1,68.86045384782894,2026-08-14T00:41:42.210586
8404,2,1.8258277578420101,2026-08-14T00:41:42.210586
8405,3,1586.6437820706863,2026-08-14T00:41:42.210586
8406,4,64.15185654840771,2026-08-14T00:41:42.210586
8407,5,2.0237728489898172,2026-08-14T00:41:42.210586
8408,6,1519.7032773613787,2026-08-14T00:41:42.210586
8409,7,67.80951390544298,2026-08-14T00:41:42.210586
8410,8,112.06210064409109,2026-08-14T00:41:42.210586
8411,9,70.06544395457489,2026-08-14T00:41:42.210586
8412,10,2.092669363932573,2026-08-14T00:41:42.210586
8413,11,1472.9044194942483,2026-08-14T00:41:42.210586
8414,15,72.6012056188016,2026-08-14T00:41:42.210586
8415,1,63.77233584073501,2026-08-14T00:41:44.218425
8416,2,1.88498766045712,2026-08-14T00:41:44.218425
8417,3,1463.4358857116922,2026-08-14T00:41:44.218425
8418,4,71.26071143959275,2026-08-14T00:41:44.218425
8419,5,1.9652077741394502,2026-08-14T00:41:44.218425
8420,6,1479.742862982378,2026-08-14T00:41:44.218425
8421,7,73.21811767725752,2026-08-14T00:41:44.218425
8422,8,92.83698765889226,2026-08-14T00:41:44.218425
8423,9,68.97477463842141,2026-08-14T00:41:44.218425
8424,10,1.8846581591060683,2026-08-14T00:41:44.218425
8425,11,1603.553387683648,2026-08-14T00:41:44.218425
8426,15,70.82648378126851,2026-08-14T00:41:44.218425
8427,1,63.997316454546436,2026-08-14T00:41:46.225462
8428,2,1.9050293111617493,2026-08-14T00:41:46.225462
8429,3,1508.1488632867533,2026-08-14T00:41:46.225462
8430,4,71.52431194718709,2026-08-14T00:41:46.225462
8431,5,2.0833675877736098,2026-08-14T00:41:46.225462
8432,6,1507.8266586610516,2026-08-14T00:41:46.225462
8433,7,70.57671682740656,2026-08-14T00:41:46.225462
8434,8,85.93469841363023,2026-08-14T00:41:46.225462
8435,9,71.48290768037562,2026-08-14T00:41:46.225462
8436,10,2.095727479022382,2026-08-14T00:41:46.225462
8437,11,1585.3770399286027,2026-08-14T00:41:46.225462
8438,15,69.2297564400156,2026-08-14T00:41:46.225462
8439,1,70.977711398894,2026-08-14T00:41:48.231416
8440,2,2.1927870881913787,2026-08-14T00:41:48.231416
8441,3,1477.4104188828883,2026-08-14T00:41:48.231416
8442,4,77.49552147107403,2026-08-14T00:41:48.231416
8443,5,2.0301867277862824,2026-08-14T00:41:48.231416
8444,6,1597.7861709002625,2026-08-14T00:41:48.231416
8445,7,69.03019311946107,2026-08-14T00:41:48.231416
8446,8,102.11831916800023,2026-08-14T00:41:48.231416
8447,9,70.21761632800623,2026-08-14T00:41:48.231416
8448,10,1.8574614060700216,2026-08-14T00:41:48.231416
8449,11,1352.9097820329748,2026-08-14T00:41:48.231416
8450,15,71.26097559979905,2026-08-14T00:41:48.231416
8451,1,66.84749797566612,2026-08-14T00:41:50.238048
8452,2,1.9754598891401574,2026-08-14T00:41:50.238048
8453,3,1479.1855341467158,2026-08-14T00:41:50.238048
8454,4,70.00678489952612,2026-08-14T00:41:50.238048
8455,5,2.0959340860390423,2026-08-14T00:41:50.238048
8456,6,1565.4458137655256,2026-08-14T00:41:50.238048
8457,7,72.49023827156897,2026-08-14T00:41:50.238048
8458,8,94.72208527072527,2026-08-14T00:41:50.238048
8459,9,72.61203625680741,2026-08-14T00:41:50.238048
8460,10,2.179271361390293,2026-08-14T00:41:50.238048
8461,11,1544.5983877579545,2026-08-14T00:41:50.238048
8462,15,72.36707687703696,2026-08-14T00:41:50.238048
8463,1,70.57517482331255,2026-08-14T00:41:52.243985
8464,2,2.057332202374009,2026-08-14T00:41:52.243985
8465,3,1456.542953177214,2026-08-14T00:41:52.243985
8466,4,70.48729068180413,2026-08-14T00:41:52.243985
8467,5,2.033268536603117,2026-08-14T00:41:52.243985
8468,6,1454.5188727053337,2026-08-14T00:41:52.243985
8469,7,76.41195001760457,2026-08-14T00:41:52.243985
8470,8,104.12080425312898,2026-08-14T00:41:52.243985
8471,9,72.573858002499,2026-08-14T00:41:52.243985
8472,10,1.855834576681251,2026-08-14T00:41:52.243985
8473,11,1646.9166417740353,2026-08-14T00:41:52.243985
8474,15,73.01160934105056,2026-08-14T00:41:52.243985
8475,1,78.0091210771979,2026-08-14T00:41:55.468331
8476,2,2.0226291664457974,2026-08-14T00:41:55.468331
8477,3,1538.4677313872182,2026-08-14T00:41:55.468331
8478,4,68.17650137110955,2026-08-14T00:41:55.468331
8479,5,1.982197460582762,2026-08-14T00:41:55.468331
8480,6,1569.1865200357015,2026-08-14T00:41:55.468331
8481,7,69.77145002669354,2026-08-14T00:41:55.468331
8482,8,106.18075437101093,2026-08-14T00:41:55.468331
8483,9,75.32758062146004,2026-08-14T00:41:55.468331
8484,10,1.9671628050827275,2026-08-14T00:41:55.468331
8485,11,1414.5286765187843,2026-08-14T00:41:55.468331
8486,12,71.29465347406108,2026-08-14T00:41:55.468331
8487,13,1.9747602551761747,2026-08-14T00:41:55.468331
8488,14,1518.5414022493917,2026-08-14T00:41:55.468331
8489,15,71.49202024232906,2026-08-14T00:41:55.468331
8490,1,71.04708423065208,2026-08-14T00:41:57.475297
8491,2,1.9898447858927837,2026-08-14T00:41:57.475297
8492,3,1674.0968755803524,2026-08-14T00:41:57.475297
8493,4,72.14691034418259,2026-08-14T00:41:57.475297
8494,5,1.940584713603875,2026-08-14T00:41:57.475297
8495,6,1470.8165277823807,2026-08-14T00:41:57.475297
8496,7,63.72621388962364,2026-08-14T00:41:57.475297
8497,8,104.97771646616062,2026-08-14T00:41:57.475297
8498,9,71.26075737770854,2026-08-14T00:41:57.475297
8499,10,2.1660118354029274,2026-08-14T00:41:57.475297
8500,11,1292.9743673703897,2026-08-14T00:41:57.475297
8501,12,71.02621369649925,2026-08-14T00:41:57.475297
8502,13,1.9949943271536452,2026-08-14T00:41:57.475297
8503,14,1412.805871704133,2026-08-14T00:41:57.475297
8504,15,67.71987918266669,2026-08-14T00:41:57.475297
8505,1,71.6446594017418,2026-08-14T00:41:59.482144
8506,2,2.0886093346748766,2026-08-14T00:41:59.482144
8507,3,1582.740845281027,2026-08-14T00:41:59.482144
8508,4,75.02140096373965,2026-08-14T00:41:59.482144
8509,5,1.9452106890880916,2026-08-14T00:41:59.482144
8510,6,1572.8528084938878,2026-08-14T00:41:59.482144
8511,7,71.6973660522911,2026-08-14T00:41:59.482144
8512,8,104.54004668793891,2026-08-14T00:41:59.482144
8513,9,65.57229616458751,2026-08-14T00:41:59.482144
8514,10,2.078809859508801,2026-08-14T00:41:59.482144
8515,11,1505.6551364368618,2026-08-14T00:41:59.482144
8516,12,70.55792974249316,2026-08-14T00:41:59.482144
8517,13,2.130851281710918,2026-08-14T00:41:59.482144
8518,14,1517.598132615679,2026-08-14T00:41:59.482144
8519,15,70.17163032644247,2026-08-14T00:41:59.482144
8520,1,75.41735891764966,2026-08-14T00:42:02.419859
8521,2,2.0128686890938865,2026-08-14T00:42:02.419859
8522,3,1623.2879645716678,2026-08-14T00:42:02.419859
8523,4,80.46246091413995,2026-08-14T00:42:02.419859
8524,5,1.8843220367079956,2026-08-14T00:42:02.419859
8525,6,1512.5627604971894,2026-08-14T00:42:02.419859
8526,7,70.44029302448993,2026-08-14T00:42:02.419859
8527,8,98.29116099454525,2026-08-14T00:42:02.419859
8528,9,69.91899059624377,2026-08-14T00:42:02.419859
8529,10,2.109909316159146,2026-08-14T00:42:02.419859
8530,11,1528.33700369278,2026-08-14T00:42:02.419859
8531,12,76.71704598131083,2026-08-14T00:42:02.419859
8532,13,2.0438301946396042,2026-08-14T00:42:02.419859
8533,14,1423.8731792437518,2026-08-14T00:42:02.419859
8534,15,69.34156075350097,2026-08-14T00:42:02.419859
8535,1,65.5895191500046,2026-08-14T00:42:04.427416
8536,2,2.1199719603709433,2026-08-14T00:42:04.427416
8537,3,1532.5999203251747,2026-08-14T00:42:04.427416
8538,4,72.3124167555759,2026-08-14T00:42:04.427416
8539,5,2.077749095087497,2026-08-14T00:42:04.427416
8540,6,1598.0529563585023,2026-08-14T00:42:04.427416
8541,7,65.7033888957209,2026-08-14T00:42:04.427416
8542,8,101.05011920669261,2026-08-14T00:42:04.427416
8543,9,67.18746916729647,2026-08-14T00:42:04.427416
8544,10,1.8378207695561755,2026-08-14T00:42:04.427416
8545,11,1394.4262084659476,2026-08-14T00:42:04.427416
8546,12,76.53164460870146,2026-08-14T00:42:04.427416
8547,13,1.7691149116890637,2026-08-14T00:42:04.427416
8548,14,1583.9276168766303,2026-08-14T00:42:04.427416
8549,15,75.46291341508113,2026-08-14T00:42:04.427416
8550,1,67.01961154063325,2026-08-14T00:42:06.434775
8551,2,2.1306702556666024,2026-08-14T00:42:06.434775
8552,3,1481.265298543253,2026-08-14T00:42:06.434775
8553,4,71.68370415677825,2026-08-14T00:42:06.434775
8554,5,1.9335055691290615,2026-08-14T00:42:06.434775
8555,6,1643.2015493524682,2026-08-14T00:42:06.434775
8556,7,76.93866721777286,2026-08-14T00:42:06.434775
8557,8,95.74818605786281,2026-08-14T00:42:06.434775
8558,9,72.84683655085722,2026-08-14T00:42:06.434775
8559,10,2.0541678547302915,2026-08-14T00:42:06.434775
8560,11,1555.824741804571,2026-08-14T00:42:06.434775
8561,12,73.91785184423372,2026-08-14T00:42:06.434775
8562,13,1.7770725159491316,2026-08-14T00:42:06.434775
8563,14,1444.8673237613918,2026-08-14T00:42:06.434775
8564,15,64.6714977584188,2026-08-14T00:42:06.434775
8565,1,75.64649443644971,2026-08-14T00:42:08.441990
8566,2,2.014327474467969,2026-08-14T00:42:08.441990
8567,3,1553.3545969541663,2026-08-14T00:42:08.441990
8568,4,60.90785702360244,2026-08-14T00:42:08.441990
8569,5,1.8198746754638946,2026-08-14T00:42:08.441990
8570,6,1516.4839888471452,2026-08-14T00:42:08.441990
8571,7,68.95889713425974,2026-08-14T00:42:08.441990
8572,8,97.30187751367069,2026-08-14T00:42:08.441990
8573,9,69.95518808313945,2026-08-14T00:42:08.441990
8574,10,2.015359691674495,2026-08-14T00:42:08.441990
8575,11,1450.8065849274653,2026-08-14T00:42:08.441990
8576,12,72.72103205326903,2026-08-14T00:42:08.441990
8577,13,1.9569323950614026,2026-08-14T00:42:08.441990
8578,14,1557.9580108589616,2026-08-14T00:42:08.441990
8579,15,68.89685756481633,2026-08-14T00:42:08.441990
8580,1,71.3726189268352,2026-08-14T00:42:10.448515
8581,2,1.9197939457051023,2026-08-14T00:42:10.448515
8582,3,1486.5269573063933,2026-08-14T00:42:10.448515
8583,4,68.13916717803416,2026-08-14T00:42:10.448515
8584,5,1.9983453997163554,2026-08-14T00:42:10.448515
8585,6,1543.522285354534,2026-08-14T00:42:10.448515
8586,7,68.49071019988018,2026-08-14T00:42:10.448515
8587,8,99.31984781245002,2026-08-14T00:42:10.448515
8588,9,74.38237367084565,2026-08-14T00:42:10.448515
8589,10,2.0900924515236388,2026-08-14T00:42:10.448515
8590,11,1442.3021798137786,2026-08-14T00:42:10.448515
8591,12,72.79805726951503,2026-08-14T00:42:10.448515
8592,13,2.126961672195932,2026-08-14T00:42:10.448515
8593,14,1566.3970034610597,2026-08-14T00:42:10.448515
8594,15,71.95169752337378,2026-08-14T00:42:10.448515
8595,1,70.11985208847362,2026-08-14T00:42:12.455801
8596,2,2.1445787149927917,2026-08-14T00:42:12.455801
8597,3,1504.8961894758825,2026-08-14T00:42:12.455801
8598,4,70.91957514562199,2026-08-14T00:42:12.455801
8599,5,1.9206083462383523,2026-08-14T00:42:12.455801
8600,6,1586.2795013957946,2026-08-14T00:42:12.455801
8601,7,69.66826381870027,2026-08-14T00:42:12.455801
8602,8,92.54208253051344,2026-08-14T00:42:12.455801
8603,9,63.28227333377741,2026-08-14T00:42:12.455801
8604,10,1.9827477083333829,2026-08-14T00:42:12.455801
8605,11,1504.2096658618998,2026-08-14T00:42:12.455801
8606,12,69.4683780312078,2026-08-14T00:42:12.455801
8607,13,1.956370624978023,2026-08-14T00:42:12.455801
8608,14,1418.8719416782535,2026-08-14T00:42:12.455801
8609,15,70.2321814945643,2026-08-14T00:42:12.455801
8610,1,74.39626055009074,2026-08-14T00:42:14.476076
8611,2,2.0853294464386494,2026-08-14T00:42:14.476076
8612,3,1469.7119867646643,2026-08-14T00:42:14.476076
8613,4,70.79468805661674,2026-08-14T00:42:14.476076
8614,5,2.1182745145973945,2026-08-14T00:42:14.476076
8615,6,1410.69322413894,2026-08-14T00:42:14.476076
8616,7,76.63570105141498,2026-08-14T00:42:14.476076
8617,8,100.4142317938768,2026-08-14T00:42:14.476076
8618,9,76.05846416286288,2026-08-14T00:42:14.476076
8619,10,1.9048603282799288,2026-08-14T00:42:14.476076
8620,11,1647.207808080712,2026-08-14T00:42:14.476076
8621,12,70.61042607756764,2026-08-14T00:42:14.476076
8622,13,2.1186095743957973,2026-08-14T00:42:14.476076
8623,14,1330.7136125892189,2026-08-14T00:42:14.476076
8624,15,72.63269492033277,2026-08-14T00:42:14.476076
8625,1,70.6496498593451,2026-08-14T00:42:16.483066
8626,2,1.9976837899359796,2026-08-14T00:42:16.483066
8627,3,1387.847518606855,2026-08-14T00:42:16.483066
8628,4,70.63784661934383,2026-08-14T00:42:16.483066
8629,5,1.950488678826044,2026-08-14T00:42:16.483066
8630,6,1543.5019008710317,2026-08-14T00:42:16.483066
8631,7,73.74428807787567,2026-08-14T00:42:16.483066
8632,8,100.34256581498671,2026-08-14T00:42:16.483066
8633,9,73.96860018743438,2026-08-14T00:42:16.483066
8634,10,2.0639681500046825,2026-08-14T00:42:16.483066
8635,11,1472.181597079991,2026-08-14T00:42:16.483066
8636,12,71.94280070582205,2026-08-14T00:42:16.483066
8637,13,1.8991678659702125,2026-08-14T00:42:16.483066
8638,14,1328.4092945367688,2026-08-14T00:42:16.483066
8639,15,69.20229444092458,2026-08-14T00:42:16.483066
8640,1,70.82819295717982,2026-08-14T00:42:18.503403
8641,2,2.0766096108378966,2026-08-14T00:42:18.503403
8642,3,1445.7227569295462,2026-08-14T00:42:18.503403
8643,4,69.83096712772692,2026-08-14T00:42:18.503403
8644,5,2.194160494383178,2026-08-14T00:42:18.503403
8645,6,1560.3747058887113,2026-08-14T00:42:18.503403
8646,7,68.34910408454235,2026-08-14T00:42:18.503403
8647,8,101.46792256462489,2026-08-14T00:42:18.503403
8648,9,70.73070370147396,2026-08-14T00:42:18.503403
8649,10,2.0917052791914172,2026-08-14T00:42:18.503403
8650,11,1548.6605730244073,2026-08-14T00:42:18.503403
8651,12,69.92705073815361,2026-08-14T00:42:18.503403
8652,13,1.8842549392520804,2026-08-14T00:42:18.503403
8653,14,1500.2942215086612,2026-08-14T00:42:18.503403
8654,15,64.95345649448473,2026-08-14T00:42:18.503403
8655,1,69.48279289943466,2026-08-14T00:42:20.520832
8656,2,1.9519890046442816,2026-08-14T00:42:20.520832
8657,3,1482.7194711335837,2026-08-14T00:42:20.520832
8658,4,78.2500686641744,2026-08-14T00:42:20.520832
8659,5,2.0609991927603373,2026-08-14T00:42:20.520832
8660,6,1501.5715492459858,2026-08-14T00:42:20.520832
8661,7,67.20738353391619,2026-08-14T00:42:20.520832
8662,8,103.64195995530388,2026-08-14T00:42:20.520832
8663,9,68.47896413419429,2026-08-14T00:42:20.520832
8664,10,1.6681499119241248,2026-08-14T00:42:20.520832
8665,11,1613.1849825699264,2026-08-14T00:42:20.520832
8666,12,71.09119011919672,2026-08-14T00:42:20.520832
8667,13,2.0767705879611125,2026-08-14T00:42:20.520832
8668,14,1502.2894550850174,2026-08-14T00:42:20.520832
8669,15,73.23569310160364,2026-08-14T00:42:20.520832
8670,1,73.39446956959993,2026-08-14T00:42:22.533368
8671,2,1.9580222147824822,2026-08-14T00:42:22.533368
8672,3,1614.608460811099,2026-08-14T00:42:22.533368
8673,4,66.52252814306459,2026-08-14T00:42:22.533368
8674,5,1.864751106649583,2026-08-14T00:42:22.533368
8675,6,1509.806710301864,2026-08-14T00:42:22.533368
8676,7,68.86995979321922,2026-08-14T00:42:22.533368
8677,8,96.98106759781191,2026-08-14T00:42:22.533368
8678,9,61.286230400250915,2026-08-14T00:42:22.533368
8679,10,2.151996136714815,2026-08-14T00:42:22.533368
8680,11,1485.0981376371751,2026-08-14T00:42:22.533368
8681,12,65.62531474774718,2026-08-14T00:42:22.533368
8682,13,2.04627035331589,2026-08-14T00:42:22.533368
8683,14,1592.3042691641506,2026-08-14T00:42:22.533368
8684,15,72.37710582915774,2026-08-14T00:42:22.533368
8685,1,71.88514900107974,2026-08-14T00:42:24.541150
8686,2,2.032237168127787,2026-08-14T00:42:24.541150
8687,3,1532.5394341081865,2026-08-14T00:42:24.541150
8688,4,68.02698136552755,2026-08-14T00:42:24.541150
8689,5,2.1253929018034867,2026-08-14T00:42:24.541150
8690,6,1502.3679516485497,2026-08-14T00:42:24.541150
8691,7,68.49266831204834,2026-08-14T00:42:24.541150
8692,8,101.58134889567964,2026-08-14T00:42:24.541150
8693,9,69.95614800962828,2026-08-14T00:42:24.541150
8694,10,2.12238907245771,2026-08-14T00:42:24.541150
8695,11,1603.779355069473,2026-08-14T00:42:24.541150
8696,12,73.52248129984946,2026-08-14T00:42:24.541150
8697,13,2.0225973841252696,2026-08-14T00:42:24.541150
8698,14,1343.1242301523703,2026-08-14T00:42:24.541150
8699,15,70.07916992330358,2026-08-14T00:42:24.541150
8700,1,78.54781491533238,2026-08-14T00:42:26.563370
8701,2,2.0361024150267997,2026-08-14T00:42:26.563370
8702,3,1628.6919494103822,2026-08-14T00:42:26.563370
8703,4,69.48651166661176,2026-08-14T00:42:26.563370
8704,5,2.0567926999728154,2026-08-14T00:42:26.563370
8705,6,1471.133218460894,2026-08-14T00:42:26.563370
8706,7,69.43517415312361,2026-08-14T00:42:26.563370
8707,8,102.95397980198985,2026-08-14T00:42:26.563370
8708,9,79.17793562319177,2026-08-14T00:42:26.563370
8709,10,1.8785328932248728,2026-08-14T00:42:26.563370
8710,11,1519.298277832677,2026-08-14T00:42:26.563370
8711,12,68.49734611142206,2026-08-14T00:42:26.563370
8712,13,1.8968547720222746,2026-08-14T00:42:26.563370
8713,14,1427.5714184659446,2026-08-14T00:42:26.563370
8714,15,74.98659414556641,2026-08-14T00:42:26.563370
8715,1,77.24733172064843,2026-08-14T00:42:28.571321
8716,2,2.069736964220444,2026-08-14T00:42:28.571321
8717,3,1538.2211930894575,2026-08-14T00:42:28.571321
8718,4,75.15617380273572,2026-08-14T00:42:28.571321
8719,5,1.982190904876237,2026-08-14T00:42:28.571321
8720,6,1538.0596342085432,2026-08-14T00:42:28.571321
8721,7,69.32346411559355,2026-08-14T00:42:28.571321
8722,8,97.0039101819516,2026-08-14T00:42:28.571321
8723,9,70.32480825996412,2026-08-14T00:42:28.571321
8724,10,1.9942934518920303,2026-08-14T00:42:28.571321
8725,11,1531.234087627107,2026-08-14T00:42:28.571321
8726,12,73.10425327848577,2026-08-14T00:42:28.571321
8727,13,1.8778627286882412,2026-08-14T00:42:28.571321
8728,14,1592.3454607068188,2026-08-14T00:42:28.571321
8729,15,71.73832592919383,2026-08-14T00:42:28.571321
8730,1,62.71844983523159,2026-08-14T00:42:30.579865
8731,2,1.9948475507040677,2026-08-14T00:42:30.579865
8732,3,1720.9424687649152,2026-08-14T00:42:30.579865
8733,4,64.87894924982895,2026-08-14T00:42:30.579865
8734,5,1.9584737038810116,2026-08-14T00:42:30.579865
8735,6,1507.4243931255428,2026-08-14T00:42:30.579865
8736,7,67.63138033424553,2026-08-14T00:42:30.579865
8737,8,104.6533098005286,2026-08-14T00:42:30.579865
8738,9,65.91635363269849,2026-08-14T00:42:30.579865
8739,10,2.0647477554753815,2026-08-14T00:42:30.579865
8740,11,1408.3824660080581,2026-08-14T00:42:30.579865
8741,12,65.8504032323009,2026-08-14T00:42:30.579865
8742,13,1.9937542578493324,2026-08-14T00:42:30.579865
8743,14,1481.4316067266361,2026-08-14T00:42:30.579865
8744,15,68.40100822831495,2026-08-14T00:42:30.579865
8745,1,74.49650576733325,2026-08-14T00:42:32.588892
8746,2,2.046971823064185,2026-08-14T00:42:32.588892
8747,3,1524.3082932351808,2026-08-14T00:42:32.588892
8748,4,70.49967326391837,2026-08-14T00:42:32.588892
8749,5,1.947588397594859,2026-08-14T00:42:32.588892
8750,6,1436.2960776200669,2026-08-14T00:42:32.588892
8751,7,63.052884426450184,2026-08-14T00:42:32.588892
8752,8,103.83962976615811,2026-08-14T00:42:32.588892
8753,9,70.37252495223782,2026-08-14T00:42:32.588892
8754,10,1.9099992920888762,2026-08-14T00:42:32.588892
8755,11,1485.926454189595,2026-08-14T00:42:32.588892
8756,12,68.9070473905261,2026-08-14T00:42:32.588892
8757,13,2.089739130548751,2026-08-14T00:42:32.588892
8758,14,1467.9814447198821,2026-08-14T00:42:32.588892
8759,15,66.19332163299131,2026-08-14T00:42:32.588892
8760,1,71.23275594597278,2026-08-14T00:42:34.594796
8761,2,2.1854297510589564,2026-08-14T00:42:34.594796
8762,3,1638.4243688123852,2026-08-14T00:42:34.594796
8763,4,71.44168293833465,2026-08-14T00:42:34.594796
8764,5,2.175763956061714,2026-08-14T00:42:34.594796
8765,6,1635.3254441757233,2026-08-14T00:42:34.594796
8766,7,65.84845996823442,2026-08-14T00:42:34.594796
8767,8,99.88385011053465,2026-08-14T00:42:34.594796
8768,9,68.30759950503335,2026-08-14T00:42:34.594796
8769,10,2.2609686358205785,2026-08-14T00:42:34.594796
8770,11,1464.2595341593558,2026-08-14T00:42:34.594796
8771,12,73.77506487799961,2026-08-14T00:42:34.594796
8772,13,2.115777234556334,2026-08-14T00:42:34.594796
8773,14,1443.3388587899155,2026-08-14T00:42:34.594796
8774,15,67.26633618466099,2026-08-14T00:42:34.594796
8775,1,76.0187372645048,2026-08-14T00:42:36.602047
8776,2,2.097448345390895,2026-08-14T00:42:36.602047
8777,3,1494.2308789239992,2026-08-14T00:42:36.602047
8778,4,63.996864328345076,2026-08-14T00:42:36.602047
8779,5,1.8727885346536666,2026-08-14T00:42:36.602047
8780,6,1442.6624782880065,2026-08-14T00:42:36.602047
8781,7,67.1464045825199,2026-08-14T00:42:36.602047
8782,8,112.16457725489633,2026-08-14T00:42:36.602047
8783,9,72.60398783975468,2026-08-14T00:42:36.602047
8784,10,2.027879533595177,2026-08-14T00:42:36.602047
8785,11,1544.101980304108,2026-08-14T00:42:36.602047
8786,12,71.87196815020792,2026-08-14T00:42:36.602047
8787,13,2.0301066660213922,2026-08-14T00:42:36.602047
8788,14,1458.4135555224111,2026-08-14T00:42:36.602047
8789,15,73.31616006180285,2026-08-14T00:42:36.602047
8790,1,68.79467481157006,2026-08-14T00:42:38.624256
8791,2,1.983255152777248,2026-08-14T00:42:38.624256
8792,3,1383.7631578056926,2026-08-14T00:42:38.624256
8793,4,70.39567147342089,2026-08-14T00:42:38.624256
8794,5,1.87695164087505,2026-08-14T00:42:38.624256
8795,6,1414.6650743076495,2026-08-14T00:42:38.624256
8796,7,65.92163091545868,2026-08-14T00:42:38.624256
8797,8,92.49399161618906,2026-08-14T00:42:38.624256
8798,9,74.5692848202267,2026-08-14T00:42:38.624256
8799,10,2.126967247863297,2026-08-14T00:42:38.624256
8800,11,1450.2328773955712,2026-08-14T00:42:38.624256
8801,12,63.797364309626516,2026-08-14T00:42:38.624256
8802,13,1.99383563197481,2026-08-14T00:42:38.624256
8803,14,1436.6489788748231,2026-08-14T00:42:38.624256
8804,15,69.33698860244132,2026-08-14T00:42:38.624256
8805,1,75.90005404380962,2026-08-14T00:42:40.645705
8806,2,2.1017997387287277,2026-08-14T00:42:40.645705
8807,3,1609.9714594948787,2026-08-14T00:42:40.645705
8808,4,67.58030458239939,2026-08-14T00:42:40.645705
8809,5,1.7136636123735183,2026-08-14T00:42:40.645705
8810,6,1535.5811306801877,2026-08-14T00:42:40.645705
8811,7,69.48659830445521,2026-08-14T00:42:40.645705
8812,8,100.00396273560084,2026-08-14T00:42:40.645705
8813,9,70.0178504540062,2026-08-14T00:42:40.645705
8814,10,1.9873081259315921,2026-08-14T00:42:40.645705
8815,11,1559.6074142559316,2026-08-14T00:42:40.645705
8816,12,70.59067902188056,2026-08-14T00:42:40.645705
8817,13,1.9641199850201077,2026-08-14T00:42:40.645705
8818,14,1502.872868061696,2026-08-14T00:42:40.645705
8819,15,72.50789555366278,2026-08-14T00:42:40.645705
8820,1,70.50411252260726,2026-08-14T00:42:42.667959
8821,2,2.077898876769523,2026-08-14T00:42:42.667959
8822,3,1439.2045772936674,2026-08-14T00:42:42.667959
8823,4,69.59618417045397,2026-08-14T00:42:42.667959
8824,5,1.9802739517248373,2026-08-14T00:42:42.667959
8825,6,1540.0405034111836,2026-08-14T00:42:42.667959
8826,7,73.87249357343211,2026-08-14T00:42:42.667959
8827,8,99.49006073603408,2026-08-14T00:42:42.667959
8828,9,72.70921519140597,2026-08-14T00:42:42.667959
8829,10,2.11434000646735,2026-08-14T00:42:42.667959
8830,11,1623.2090446488137,2026-08-14T00:42:42.667959
8831,12,74.31043363649039,2026-08-14T00:42:42.667959
8832,13,1.8540687380921217,2026-08-14T00:42:42.667959
8833,14,1432.1610902426798,2026-08-14T00:42:42.667959
8834,15,74.3467011892037,2026-08-14T00:42:42.667959
8835,1,67.01239653947026,2026-08-14T00:42:44.688155
8836,2,1.9797398298737428,2026-08-14T00:42:44.688155
8837,3,1583.2810799709962,2026-08-14T00:42:44.688155
8838,4,68.12601865201626,2026-08-14T00:42:44.688155
8839,5,2.0140754204002973,2026-08-14T00:42:44.688155
8840,6,1411.864171783631,2026-08-14T00:42:44.688155
8841,7,65.66947243274097,2026-08-14T00:42:44.688155
8842,8,96.40662973952892,2026-08-14T00:42:44.688155
8843,9,72.86584586539955,2026-08-14T00:42:44.688155
8844,10,1.8388204591361388,2026-08-14T00:42:44.688155
8845,11,1491.9668807776668,2026-08-14T00:42:44.688155
8846,12,72.44607907742831,2026-08-14T00:42:44.688155
8847,13,1.8846123062899665,2026-08-14T00:42:44.688155
8848,14,1584.3585960830956,2026-08-14T00:42:44.688155
8849,15,68.35342255595113,2026-08-14T00:42:44.688155
8850,1,75.14658723602811,2026-08-14T00:42:46.710712
8851,2,2.0289463333467954,2026-08-14T00:42:46.710712
8852,3,1449.6729917479222,2026-08-14T00:42:46.710712
8853,4,67.76525929676517,2026-08-14T00:42:46.710712
8854,5,1.8001927014844057,2026-08-14T00:42:46.710712
8855,6,1471.029362147586,2026-08-14T00:42:46.710712
8856,7,69.9181101182768,2026-08-14T00:42:46.710712
8857,8,104.77661998000777,2026-08-14T00:42:46.710712
8858,9,73.93696315066583,2026-08-14T00:42:46.710712
8859,10,2.0763699431968097,2026-08-14T00:42:46.710712
8860,11,1467.678453524113,2026-08-14T00:42:46.710712
8861,12,70.97643956288574,2026-08-14T00:42:46.710712
8862,13,2.054571398647454,2026-08-14T00:42:46.710712
8863,14,1482.5474683117106,2026-08-14T00:42:46.710712
8864,15,71.39073732902617,2026-08-14T00:42:46.710712
8865,1,71.20897523590412,2026-08-14T00:42:48.731549
8866,2,1.8978726062019253,2026-08-14T00:42:48.731549
8867,3,1473.027895714065,2026-08-14T00:42:48.731549
8868,4,65.9939131211666,2026-08-14T00:42:48.731549
8869,5,1.9852623529638187,2026-08-14T00:42:48.731549
8870,6,1451.821304100672,2026-08-14T00:42:48.731549
8871,7,68.41456784954612,2026-08-14T00:42:48.731549
8872,8,101.04117968122509,2026-08-14T00:42:48.731549
8873,9,70.31065923217172,2026-08-14T00:42:48.731549
8874,10,1.917842819781038,2026-08-14T00:42:48.731549
8875,11,1521.5725801687906,2026-08-14T00:42:48.731549
8876,12,70.76141754472071,2026-08-14T00:42:48.731549
8877,13,1.9870590388010394,2026-08-14T00:42:48.731549
8878,14,1470.8510507867852,2026-08-14T00:42:48.731549
8879,15,67.93939605170893,2026-08-14T00:42:48.731549
8880,1,68.21738405736961,2026-08-14T00:42:50.748253
8881,2,1.8795129327247018,2026-08-14T00:42:50.748253
8882,3,1598.2655090067146,2026-08-14T00:42:50.748253
8883,4,70.93979569862738,2026-08-14T00:42:50.748253
8884,5,1.997019931029856,2026-08-14T00:42:50.748253
8885,6,1486.4160491904847,2026-08-14T00:42:50.748253
8886,7,65.07254586261921,2026-08-14T00:42:50.748253
8887,8,101.56374246333013,2026-08-14T00:42:50.748253
8888,9,69.97823340156522,2026-08-14T00:42:50.748253
8889,10,1.8643791102195477,2026-08-14T00:42:50.748253
8890,11,1509.5289632120248,2026-08-14T00:42:50.748253
8891,12,67.7636410613156,2026-08-14T00:42:50.748253
8892,13,1.9878616122617645,2026-08-14T00:42:50.748253
8893,14,1495.6136733682679,2026-08-14T00:42:50.748253
8894,15,68.00715135083331,2026-08-14T00:42:50.748253
8895,1,69.4166136061899,2026-08-14T00:42:52.776066
8896,2,2.0471114276444347,2026-08-14T00:42:52.776066
8897,3,1426.3186222249667,2026-08-14T00:42:52.776066
8898,4,72.27451330529564,2026-08-14T00:42:52.776066
8899,5,2.004411376412293,2026-08-14T00:42:52.776066
8900,6,1326.916935217362,2026-08-14T00:42:52.776066
8901,7,78.26768778973147,2026-08-14T00:42:52.776066
8902,8,97.13182222884967,2026-08-14T00:42:52.776066
8903,9,68.7056652379806,2026-08-14T00:42:52.776066
8904,10,1.788925571606861,2026-08-14T00:42:52.776066
8905,11,1426.7010516937537,2026-08-14T00:42:52.776066
8906,12,72.76305924715196,2026-08-14T00:42:52.776066
8907,13,2.0797860692928394,2026-08-14T00:42:52.776066
8908,14,1557.3947751552923,2026-08-14T00:42:52.776066
8909,15,65.84794674797631,2026-08-14T00:42:52.776066
8910,1,63.04207327949698,2026-08-14T00:42:54.806901
8911,2,1.8741057141728679,2026-08-14T00:42:54.806901
8912,3,1559.2466783804643,2026-08-14T00:42:54.806901
8913,4,66.54117599842233,2026-08-14T00:42:54.806901
8914,5,2.045805945953002,2026-08-14T00:42:54.806901
8915,6,1421.6705805502215,2026-08-14T00:42:54.806901
8916,7,69.06110565129393,2026-08-14T00:42:54.806901
8917,8,96.84268321274472,2026-08-14T00:42:54.806901
8918,9,68.03757372074531,2026-08-14T00:42:54.806901
8919,10,1.9707162706453514,2026-08-14T00:42:54.806901
8920,11,1439.302558211448,2026-08-14T00:42:54.806901
8921,12,77.37075239446108,2026-08-14T00:42:54.806901
8922,13,1.9394620862946705,2026-08-14T00:42:54.806901
8923,14,1443.4560453227298,2026-08-14T00:42:54.806901
8924,15,67.54000676661603,2026-08-14T00:42:54.806901
8925,1,66.12015988372926,2026-08-14T00:42:56.821979
8926,2,1.7726718084844921,2026-08-14T00:42:56.821979
8927,3,1544.3079103753353,2026-08-14T00:42:56.821979
8928,4,68.0136144954326,2026-08-14T00:42:56.821979
8929,5,1.9655188315296483,2026-08-14T00:42:56.821979
8930,6,1533.090381007677,2026-08-14T00:42:56.821979
8931,7,65.7648304951635,2026-08-14T00:42:56.821979
8932,8,108.10026389789334,2026-08-14T00:42:56.821979
8933,9,73.41701870684531,2026-08-14T00:42:56.821979
8934,10,1.7515769743707357,2026-08-14T00:42:56.821979
8935,11,1405.344105101844,2026-08-14T00:42:56.821979
8936,12,71.60457463064793,2026-08-14T00:42:56.821979
8937,13,2.152287443376317,2026-08-14T00:42:56.821979
8938,14,1598.2499661408492,2026-08-14T00:42:56.821979
8939,15,73.36016488065698,2026-08-14T00:42:56.821979
8940,1,73.0804506183077,2026-08-14T00:42:58.841129
8941,2,2.057680794687859,2026-08-14T00:42:58.841129
8942,3,1391.0165700508128,2026-08-14T00:42:58.841129
8943,4,70.95633610254727,2026-08-14T00:42:58.841129
8944,5,2.078956362510856,2026-08-14T00:42:58.841129
8945,6,1441.4826596389603,2026-08-14T00:42:58.841129
8946,7,69.05333477468761,2026-08-14T00:42:58.841129
8947,8,103.9309762259012,2026-08-14T00:42:58.841129
8948,9,73.96157392413481,2026-08-14T00:42:58.841129
8949,10,1.8940880314093396,2026-08-14T00:42:58.841129
8950,11,1480.6252483712494,2026-08-14T00:42:58.841129
8951,12,67.00521954699738,2026-08-14T00:42:58.841129
8952,13,1.9289577644722682,2026-08-14T00:42:58.841129
8953,14,1487.0784880474644,2026-08-14T00:42:58.841129
8954,15,76.7975410044861,2026-08-14T00:42:58.841129
8955,1,68.72420436694641,2026-08-14T00:43:00.849094
8956,2,1.7452844027554337,2026-08-14T00:43:00.849094
8957,3,1522.2877796970565,2026-08-14T00:43:00.849094
8958,4,67.5109392085798,2026-08-14T00:43:00.849094
8959,5,2.1550285509423093,2026-08-14T00:43:00.849094
8960,6,1475.6983768371465,2026-08-14T00:43:00.849094
8961,7,73.33276429736176,2026-08-14T00:43:00.849094
8962,8,105.54681632290749,2026-08-14T00:43:00.849094
8963,9,66.61833128437071,2026-08-14T00:43:00.849094
8964,10,1.8686925133248464,2026-08-14T00:43:00.849094
8965,11,1530.7034674399445,2026-08-14T00:43:00.849094
8966,12,80.4608920874824,2026-08-14T00:43:00.849094
8967,13,1.9630837438995918,2026-08-14T00:43:00.849094
8968,14,1632.9399473004175,2026-08-14T00:43:00.849094
8969,15,71.89983541511297,2026-08-14T00:43:00.849094
8970,1,73.50414812829098,2026-08-14T00:43:02.872344
8971,2,2.0595731863573556,2026-08-14T00:43:02.872344
8972,3,1410.9837968751679,2026-08-14T00:43:02.872344
8973,4,68.74839602681368,2026-08-14T00:43:02.872344
8974,5,1.9878871110009255,2026-08-14T00:43:02.872344
8975,6,1473.305000668818,2026-08-14T00:43:02.872344
8976,7,70.94199613385933,2026-08-14T00:43:02.872344
8977,8,95.33940322598703,2026-08-14T00:43:02.872344
8978,9,72.26607218401283,2026-08-14T00:43:02.872344
8979,10,1.9195227373396528,2026-08-14T00:43:02.872344
8980,11,1512.3272651565214,2026-08-14T00:43:02.872344
8981,12,67.58829895174271,2026-08-14T00:43:02.872344
8982,13,1.9038033531613845,2026-08-14T00:43:02.872344
8983,14,1486.2458642412382,2026-08-14T00:43:02.872344
8984,15,64.66036234063651,2026-08-14T00:43:02.872344
8985,1,63.93209876470565,2026-08-14T00:43:04.892425
8986,2,1.946426514881483,2026-08-14T00:43:04.892425
8987,3,1564.2161735156208,2026-08-14T00:43:04.892425
8988,4,63.39379484125847,2026-08-14T00:43:04.892425
8989,5,1.8614967482322173,2026-08-14T00:43:04.892425
8990,6,1440.416441522469,2026-08-14T00:43:04.892425
8991,7,72.3991620025167,2026-08-14T00:43:04.892425
8992,8,92.51423308037569,2026-08-14T00:43:04.892425
8993,9,70.02345105248551,2026-08-14T00:43:04.892425
8994,10,1.90471129698622,2026-08-14T00:43:04.892425
8995,11,1370.6408768371323,2026-08-14T00:43:04.892425
8996,12,69.07988364671424,2026-08-14T00:43:04.892425
8997,13,1.9453429779480347,2026-08-14T00:43:04.892425
8998,14,1428.447251260919,2026-08-14T00:43:04.892425
8999,15,72.9882367932569,2026-08-14T00:43:04.892425
9000,1,68.84201954499473,2026-08-14T00:43:06.916124
9001,2,2.073022691920562,2026-08-14T00:43:06.916124
9002,3,1447.919549979265,2026-08-14T00:43:06.916124
9003,4,67.26896775612698,2026-08-14T00:43:06.916124
9004,5,1.8806634292295006,2026-08-14T00:43:06.916124
9005,6,1611.4137505105336,2026-08-14T00:43:06.916124
9006,7,70.14962151729304,2026-08-14T00:43:06.916124
9007,8,91.80873318222746,2026-08-14T00:43:06.916124
9008,9,68.85268060528007,2026-08-14T00:43:06.916124
9009,10,2.031925481703258,2026-08-14T00:43:06.916124
9010,11,1423.967127054006,2026-08-14T00:43:06.916124
9011,12,73.48070988469593,2026-08-14T00:43:06.916124
9012,13,2.0301725951286116,2026-08-14T00:43:06.916124
9013,14,1498.4505286109575,2026-08-14T00:43:06.916124
9014,15,66.29166440139807,2026-08-14T00:43:06.916124
9015,1,64.40794305730105,2026-08-14T00:43:08.937522
9016,2,1.9222883970779103,2026-08-14T00:43:08.937522
9017,3,1391.113021200909,2026-08-14T00:43:08.937522
9018,4,64.79537508053471,2026-08-14T00:43:08.937522
9019,5,2.03474817269687,2026-08-14T00:43:08.937522
9020,6,1501.7953287717116,2026-08-14T00:43:08.937522
9021,7,66.98695986782657,2026-08-14T00:43:08.937522
9022,8,105.30638876723107,2026-08-14T00:43:08.937522
9023,9,68.46480552637418,2026-08-14T00:43:08.937522
9024,10,2.0212557314988087,2026-08-14T00:43:08.937522
9025,11,1504.5875639421995,2026-08-14T00:43:08.937522
9026,12,72.0486660637344,2026-08-14T00:43:08.937522
9027,13,2.0573222496785633,2026-08-14T00:43:08.937522
9028,14,1665.419476145691,2026-08-14T00:43:08.937522
9029,15,70.86705015123012,2026-08-14T00:43:08.937522
9030,1,70.85248849573384,2026-08-14T00:43:10.944380
9031,2,2.124052101052131,2026-08-14T00:43:10.944380
9032,3,1536.577426697602,2026-08-14T00:43:10.944380
9033,4,69.55855120164131,2026-08-14T00:43:10.944380
9034,5,1.7723896697088926,2026-08-14T00:43:10.944380
9035,6,1584.6065795422583,2026-08-14T00:43:10.944380
9036,7,66.07303285786462,2026-08-14T00:43:10.944380
9037,8,107.11700038924677,2026-08-14T00:43:10.944380
9038,12,77.43741973877509,2026-08-14T00:43:10.944380
9039,13,1.8923414843676782,2026-08-14T00:43:10.944380
9040,14,1577.557516126458,2026-08-14T00:43:10.944380
9041,1,67.59932364447224,2026-08-14T00:43:12.967913
9042,2,1.9154436030636794,2026-08-14T00:43:12.967913
9043,3,1584.5222228932903,2026-08-14T00:43:12.967913
9044,7,67.20003776596306,2026-08-14T00:43:12.967913
9045,8,97.74872035543311,2026-08-14T00:43:12.967913
9046,12,67.1555507538237,2026-08-14T00:43:12.967913
9047,13,1.931002784743173,2026-08-14T00:43:12.967913
9048,14,1419.0312727295457,2026-08-14T00:43:12.967913
9049,1,69.71352797019212,2026-08-14T00:43:14.976535
9050,2,1.9811994959260253,2026-08-14T00:43:14.976535
9051,3,1522.5332447717644,2026-08-14T00:43:14.976535
9052,12,73.50731669415319,2026-08-14T00:43:14.976535
9053,13,2.0266542395978355,2026-08-14T00:43:14.976535
9054,14,1505.9103829988162,2026-08-14T00:43:14.976535
9055,1,65.75739244895668,2026-08-14T00:43:17.002254
9056,2,1.8567300162779374,2026-08-14T00:43:17.002254
9057,3,1476.0135507674513,2026-08-14T00:43:17.002254
9058,1,71.23290496199994,2026-08-14T00:43:19.009279
9059,2,2.078244884646087,2026-08-14T00:43:19.009279
9060,3,1423.552826665091,2026-08-14T00:43:19.009279
9061,4,64.97338612087148,2026-08-14T00:43:21.016102
9062,5,2.1382131241144626,2026-08-14T00:43:21.016102
9063,6,1551.2737935743,2026-08-14T00:43:21.016102
9064,4,67.67932647505555,2026-08-14T00:43:23.024646
9065,5,1.9271134353080213,2026-08-14T00:43:23.024646
9066,6,1459.0472223525937,2026-08-14T00:43:23.024646
9067,9,66.83003262987974,2026-08-14T00:43:23.024646
9068,10,1.8080187184098386,2026-08-14T00:43:23.024646
9069,11,1458.7181725392452,2026-08-14T00:43:23.024646
9070,4,70.66315687590745,2026-08-14T00:43:25.031439
9071,5,1.9267932484784767,2026-08-14T00:43:25.031439
9072,6,1505.2199184815966,2026-08-14T00:43:25.031439
9073,9,71.71221816938177,2026-08-14T00:43:25.031439
9074,10,1.9444047494189034,2026-08-14T00:43:25.031439
9075,11,1498.37681701186,2026-08-14T00:43:25.031439
9076,4,65.32845975078108,2026-08-14T00:43:27.050635
9077,5,1.9916468786776726,2026-08-14T00:43:27.050635
9078,6,1493.0569639822718,2026-08-14T00:43:27.050635
9079,9,75.02795494897957,2026-08-14T00:43:27.050635
9080,10,2.025651221760531,2026-08-14T00:43:27.050635
9081,11,1499.160545430903,2026-08-14T00:43:27.050635
9082,4,70.09975851190072,2026-08-14T00:43:29.071750
9083,5,1.9135652380497803,2026-08-14T00:43:29.071750
9084,6,1470.9531432777146,2026-08-14T00:43:29.071750
9085,9,80.45897773065185,2026-08-14T00:43:29.071750
9086,10,2.019698768136141,2026-08-14T00:43:29.071750
9087,11,1529.0709292948063,2026-08-14T00:43:29.071750
9088,4,74.17141095460792,2026-08-14T00:43:31.092115
9089,5,2.0323075902278354,2026-08-14T00:43:31.092115
9090,6,1725.83467855364,2026-08-14T00:43:31.092115
9091,9,73.7658213047523,2026-08-14T00:43:31.092115
9092,10,1.9177746555722548,2026-08-14T00:43:31.092115
9093,11,1447.7142097433846,2026-08-14T00:43:31.092115
9094,12,79.10554947441557,2026-08-14T00:43:31.092115
9095,13,1.8609441796058874,2026-08-14T00:43:31.092115
9096,14,1446.188772452482,2026-08-14T00:43:31.092115
9097,4,75.15710879290566,2026-08-14T00:43:33.105713
9098,5,2.0770072801802746,2026-08-14T00:43:33.105713
9099,6,1570.8252085110398,2026-08-14T00:43:33.105713
9100,9,74.49187464923486,2026-08-14T00:43:33.105713
9101,10,2.094997258688498,2026-08-14T00:43:33.105713
9102,11,1471.2023550539018,2026-08-14T00:43:33.105713
9103,12,70.05066021961719,2026-08-14T00:43:33.105713
9104,13,1.875977946922509,2026-08-14T00:43:33.105713
9105,14,1537.8998302797652,2026-08-14T00:43:33.105713
9106,4,67.882070975085,2026-08-14T00:43:35.132951
9107,5,2.0039452663840005,2026-08-14T00:43:35.132951
9108,6,1439.8570198211848,2026-08-14T00:43:35.132951
9109,9,62.72752274614717,2026-08-14T00:43:35.132951
9110,10,1.9250310898635818,2026-08-14T00:43:35.132951
9111,11,1489.9032174117035,2026-08-14T00:43:35.132951
9112,12,71.6849722264395,2026-08-14T00:43:35.132951
9113,13,2.1071037460097752,2026-08-14T00:43:35.132951
9114,14,1493.213430196555,2026-08-14T00:43:35.132951
9115,15,67.84296330959019,2026-08-14T00:43:35.132951
9116,4,68.36638619130434,2026-08-14T00:43:37.141069
9117,5,2.033360409163025,2026-08-14T00:43:37.141069
9118,6,1564.5803965790071,2026-08-14T00:43:37.141069
9119,9,68.99519656396457,2026-08-14T00:43:37.141069
9120,10,1.8966145115483164,2026-08-14T00:43:37.141069
9121,11,1344.102225205956,2026-08-14T00:43:37.141069
9122,12,73.60263858183833,2026-08-14T00:43:37.141069
9123,13,2.086744459273215,2026-08-14T00:43:37.141069
9124,14,1554.679004741251,2026-08-14T00:43:37.141069
9125,15,64.84523000573913,2026-08-14T00:43:37.141069
9126,4,66.5368215358047,2026-08-14T00:43:39.161528
9127,5,1.9778188282695206,2026-08-14T00:43:39.161528
9128,6,1432.5639419064887,2026-08-14T00:43:39.161528
9129,9,69.7032193369665,2026-08-14T00:43:39.161528
9130,10,1.9936926637472456,2026-08-14T00:43:39.161528
9131,11,1530.0727358828904,2026-08-14T00:43:39.161528
9132,12,76.80876738285627,2026-08-14T00:43:39.161528
9133,13,2.1216239787909754,2026-08-14T00:43:39.161528
9134,14,1478.1159220989182,2026-08-14T00:43:39.161528
9135,15,67.56465786824278,2026-08-14T00:43:39.161528
9136,4,71.6766371963966,2026-08-14T00:43:41.189439
9137,5,2.14988237282052,2026-08-14T00:43:41.189439
9138,6,1485.4761964917468,2026-08-14T00:43:41.189439
9139,7,63.98543453378784,2026-08-14T00:43:41.189439
9140,8,95.88855316369217,2026-08-14T00:43:41.189439
9141,9,72.23192708414689,2026-08-14T00:43:41.189439
9142,10,1.9447648502618342,2026-08-14T00:43:41.189439
9143,11,1433.467201372508,2026-08-14T00:43:41.189439
9144,12,71.344206171867,2026-08-14T00:43:41.189439
9145,13,2.1655313885253626,2026-08-14T00:43:41.189439
9146,14,1473.2125969120364,2026-08-14T00:43:41.189439
9147,15,65.70384960962933,2026-08-14T00:43:41.189439
9148,4,67.82347250891553,2026-08-14T00:43:43.222880
9149,5,2.0547999936807804,2026-08-14T00:43:43.222880
9150,6,1504.5622735470436,2026-08-14T00:43:43.222880
9151,7,72.25116181941412,2026-08-14T00:43:43.222880
9152,8,99.40720001740654,2026-08-14T00:43:43.222880
9153,9,64.0446157198786,2026-08-14T00:43:43.222880
9154,10,2.1334661146633898,2026-08-14T00:43:43.222880
9155,11,1592.533558011022,2026-08-14T00:43:43.222880
9156,12,68.13629834396072,2026-08-14T00:43:43.222880
9157,13,2.1418932916080244,2026-08-14T00:43:43.222880
9158,14,1562.5930116476543,2026-08-14T00:43:43.222880
9159,15,73.31821344737008,2026-08-14T00:43:43.222880
9160,1,68.75854537901863,2026-08-14T00:43:45.247842
9161,2,1.900397582322328,2026-08-14T00:43:45.247842
9162,3,1489.9194193326448,2026-08-14T00:43:45.247842
9163,4,71.21363459266581,2026-08-14T00:43:45.247842
9164,5,1.9459612539995483,2026-08-14T00:43:45.247842
9165,6,1542.8367375213684,2026-08-14T00:43:45.247842
9166,7,67.5303143000783,2026-08-14T00:43:45.247842
9167,8,102.04436795263891,2026-08-14T00:43:45.247842
9168,9,73.56691375955533,2026-08-14T00:43:45.247842
9169,10,2.055680069423685,2026-08-14T00:43:45.247842
9170,11,1530.6416100660374,2026-08-14T00:43:45.247842
9171,12,75.64788239261932,2026-08-14T00:43:45.247842
9172,13,2.006377383353957,2026-08-14T00:43:45.247842
9173,14,1556.7928119113062,2026-08-14T00:43:45.247842
9174,15,69.59888614839996,2026-08-14T00:43:45.247842
9175,1,70.03692074620349,2026-08-14T00:43:47.269909
9176,2,2.16764331648601,2026-08-14T00:43:47.269909
9177,3,1439.2174652872593,2026-08-14T00:43:47.269909
9178,4,58.98985985000823,2026-08-14T00:43:47.269909
9179,5,2.097233414874969,2026-08-14T00:43:47.269909
9180,6,1461.615725066688,2026-08-14T00:43:47.269909
9181,7,75.07902146425164,2026-08-14T00:43:47.269909
9182,8,106.41449565126953,2026-08-14T00:43:47.269909
9183,9,70.97215778160538,2026-08-14T00:43:47.269909
9184,10,1.916134025827901,2026-08-14T00:43:47.269909
9185,11,1614.4351585546542,2026-08-14T00:43:47.269909
9186,12,66.94743873227843,2026-08-14T00:43:47.269909
9187,13,2.0042260863581522,2026-08-14T00:43:47.269909
9188,14,1504.4466068186107,2026-08-14T00:43:47.269909
9189,15,66.97128594616369,2026-08-14T00:43:47.269909
9190,1,75.87371527400933,2026-08-14T00:43:49.292943
9191,2,1.8676012714564965,2026-08-14T00:43:49.292943
9192,3,1498.5836767688174,2026-08-14T00:43:49.292943
9193,4,63.726534160700766,2026-08-14T00:43:49.292943
9194,5,1.9576176415602358,2026-08-14T00:43:49.292943
9195,6,1388.0161876579632,2026-08-14T00:43:49.292943
9196,7,69.85169626819975,2026-08-14T00:43:49.292943
9197,8,94.95815403696078,2026-08-14T00:43:49.292943
9198,9,74.56969594752745,2026-08-14T00:43:49.292943
9199,10,1.9576488280812774,2026-08-14T00:43:49.292943
9200,11,1542.4852889031565,2026-08-14T00:43:49.292943
9201,12,68.38396941801254,2026-08-14T00:43:49.292943
9202,13,1.9979295913611046,2026-08-14T00:43:49.292943
9203,14,1395.1815160602325,2026-08-14T00:43:49.292943
9204,15,68.01858463648401,2026-08-14T00:43:49.292943
9205,1,73.93033341955669,2026-08-14T00:43:51.318011
9206,2,1.9444908283282991,2026-08-14T00:43:51.318011
9207,3,1412.8689782340139,2026-08-14T00:43:51.318011
9208,4,67.24245405966504,2026-08-14T00:43:51.318011
9209,5,1.9308337547245344,2026-08-14T00:43:51.318011
9210,6,1603.9952096596405,2026-08-14T00:43:51.318011
9211,7,74.00939496760658,2026-08-14T00:43:51.318011
9212,8,91.30434753891907,2026-08-14T00:43:51.318011
9213,9,71.68294577425762,2026-08-14T00:43:51.318011
9214,10,2.048988625956652,2026-08-14T00:43:51.318011
9215,11,1536.1457721097775,2026-08-14T00:43:51.318011
9216,12,70.01135656011067,2026-08-14T00:43:51.318011
9217,13,1.905434164771531,2026-08-14T00:43:51.318011
9218,14,1492.9981522557484,2026-08-14T00:43:51.318011
9219,15,71.82103029689695,2026-08-14T00:43:51.318011
9220,1,70.29033037249434,2026-08-14T00:43:53.324916
9221,2,2.0151283502781463,2026-08-14T00:43:53.324916
9222,3,1609.6319419496126,2026-08-14T00:43:53.324916
9223,4,68.09058707090955,2026-08-14T00:43:53.324916
9224,5,2.0058435636600342,2026-08-14T00:43:53.324916
9225,6,1450.9500461403356,2026-08-14T00:43:53.324916
9226,7,74.3122893853928,2026-08-14T00:43:53.324916
9227,8,105.95674917652987,2026-08-14T00:43:53.324916
9228,9,58.769338422800445,2026-08-14T00:43:53.324916
9229,10,2.127898743302039,2026-08-14T00:43:53.324916
9230,11,1479.7804257173063,2026-08-14T00:43:53.324916
9231,12,70.11076961712817,2026-08-14T00:43:53.324916
9232,13,1.9998331434062762,2026-08-14T00:43:53.324916
9233,14,1523.3663919371284,2026-08-14T00:43:53.324916
9234,15,72.5831657971858,2026-08-14T00:43:53.324916
9235,1,71.4032443165465,2026-08-14T00:43:55.351140
9236,2,1.9974919212031539,2026-08-14T00:43:55.351140
9237,3,1465.2011207956316,2026-08-14T00:43:55.351140
9238,4,65.53103634126809,2026-08-14T00:43:55.351140
9239,5,2.0999413395813593,2026-08-14T00:43:55.351140
9240,6,1517.5065802878073,2026-08-14T00:43:55.351140
9241,7,72.96610193834907,2026-08-14T00:43:55.351140
9242,8,93.10245393683832,2026-08-14T00:43:55.351140
9243,9,66.86167138721825,2026-08-14T00:43:55.351140
9244,10,1.9723048232958522,2026-08-14T00:43:55.351140
9245,11,1543.822486028236,2026-08-14T00:43:55.351140
9246,12,73.77347473927779,2026-08-14T00:43:55.351140
9247,13,1.9784615307155002,2026-08-14T00:43:55.351140
9248,14,1504.9146092111982,2026-08-14T00:43:55.351140
9249,15,71.49958698626641,2026-08-14T00:43:55.351140
9250,1,65.06708892083626,2026-08-14T00:43:57.357624
9251,2,1.8775565593612698,2026-08-14T00:43:57.357624
9252,3,1541.6437480809234,2026-08-14T00:43:57.357624
9253,4,64.90797610537489,2026-08-14T00:43:57.357624
9254,5,2.0324461933207245,2026-08-14T00:43:57.357624
9255,6,1386.705705338997,2026-08-14T00:43:57.357624
9256,7,65.10772484868438,2026-08-14T00:43:57.357624
9257,8,105.09967831254335,2026-08-14T00:43:57.357624
9258,9,69.48508476528175,2026-08-14T00:43:57.357624
9259,10,1.8814557484500085,2026-08-14T00:43:57.357624
9260,11,1505.0916681259837,2026-08-14T00:43:57.357624
9261,12,69.75280540180036,2026-08-14T00:43:57.357624
9262,13,1.894841570320268,2026-08-14T00:43:57.357624
9263,14,1591.69269632877,2026-08-14T00:43:57.357624
9264,15,63.07214898172582,2026-08-14T00:43:57.357624
9265,1,69.04543799221014,2026-08-14T00:43:59.363357
9266,2,1.98629915442686,2026-08-14T00:43:59.363357
9267,3,1504.6550474222286,2026-08-14T00:43:59.363357
9268,4,71.49960839459855,2026-08-14T00:43:59.363357
9269,5,2.074460485970387,2026-08-14T00:43:59.363357
9270,6,1602.550714309284,2026-08-14T00:43:59.363357
9271,7,72.126141235504,2026-08-14T00:43:59.363357
9272,8,92.97988833597915,2026-08-14T00:43:59.363357
9273,9,70.16197440675107,2026-08-14T00:43:59.363357
9274,10,1.9183275091679988,2026-08-14T00:43:59.363357
9275,11,1413.5892115191546,2026-08-14T00:43:59.363357
9276,12,66.96771228444818,2026-08-14T00:43:59.363357
9277,13,2.0988167329192633,2026-08-14T00:43:59.363357
9278,14,1418.7944757511307,2026-08-14T00:43:59.363357
9279,15,69.45010942975003,2026-08-14T00:43:59.363357
9280,1,69.31841531452292,2026-08-14T00:44:01.384503
9281,2,1.8194860763493257,2026-08-14T00:44:01.384503
9282,3,1460.815909149594,2026-08-14T00:44:01.384503
9283,4,66.97219750490349,2026-08-14T00:44:01.384503
9284,5,1.9589447137228204,2026-08-14T00:44:01.384503
9285,6,1453.8082908477509,2026-08-14T00:44:01.384503
9286,7,66.58328282904337,2026-08-14T00:44:01.384503
9287,8,91.98377427368541,2026-08-14T00:44:01.384503
9288,9,69.59925469947584,2026-08-14T00:44:01.384503
9289,10,1.9830444113751986,2026-08-14T00:44:01.384503
9290,11,1542.4567401522354,2026-08-14T00:44:01.384503
9291,12,70.53467384787254,2026-08-14T00:44:01.384503
9292,13,1.9796885970598943,2026-08-14T00:44:01.384503
9293,14,1542.4257790657152,2026-08-14T00:44:01.384503
9294,15,70.68610117618371,2026-08-14T00:44:01.384503
9295,1,68.77663544854363,2026-08-14T00:44:03.408552
9296,2,1.954685172864874,2026-08-14T00:44:03.408552
9297,3,1463.7637095292382,2026-08-14T00:44:03.408552
9298,4,73.98177577414505,2026-08-14T00:44:03.408552
9299,5,1.8904530603652063,2026-08-14T00:44:03.408552
9300,6,1518.8340677698932,2026-08-14T00:44:03.408552
9301,7,71.60968315997489,2026-08-14T00:44:03.408552
9302,8,102.55994265703399,2026-08-14T00:44:03.408552
9303,9,70.63423971142115,2026-08-14T00:44:03.408552
9304,10,1.9436826214604794,2026-08-14T00:44:03.408552
9305,11,1500.9127043957956,2026-08-14T00:44:03.408552
9306,12,68.46620222780125,2026-08-14T00:44:03.408552
9307,13,2.07639019107921,2026-08-14T00:44:03.408552
9308,14,1496.1765499422247,2026-08-14T00:44:03.408552
9309,15,71.42323458490665,2026-08-14T00:44:03.408552
9310,1,69.2814899996322,2026-08-14T00:44:05.415676
9311,2,1.865522922176667,2026-08-14T00:44:05.415676
9312,3,1540.832766337345,2026-08-14T00:44:05.415676
9313,4,69.21814737002849,2026-08-14T00:44:05.415676
9314,5,2.1404155772701716,2026-08-14T00:44:05.415676
9315,6,1525.7660487179346,2026-08-14T00:44:05.415676
9316,7,69.75810383575764,2026-08-14T00:44:05.415676
9317,8,107.20795603330556,2026-08-14T00:44:05.415676
9318,9,69.5471865834409,2026-08-14T00:44:05.415676
9319,10,2.066130174136519,2026-08-14T00:44:05.415676
9320,11,1487.137319560921,2026-08-14T00:44:05.415676
9321,12,70.98771941497667,2026-08-14T00:44:05.415676
9322,13,1.9121976146576216,2026-08-14T00:44:05.415676
9323,14,1473.9952698985383,2026-08-14T00:44:05.415676
9324,15,71.25857317402986,2026-08-14T00:44:05.415676
9325,1,70.56608001259225,2026-08-14T00:44:07.436972
9326,2,1.9112971783588426,2026-08-14T00:44:07.436972
9327,3,1449.7124100473504,2026-08-14T00:44:07.436972
9328,4,69.4063537520667,2026-08-14T00:44:07.436972
9329,5,2.0267026271989343,2026-08-14T00:44:07.436972
9330,6,1522.8449500212894,2026-08-14T00:44:07.436972
9331,7,72.36267345008311,2026-08-14T00:44:07.436972
9332,8,95.81807170837028,2026-08-14T00:44:07.436972
9333,9,73.66223171827221,2026-08-14T00:44:07.436972
9334,10,1.9883679609933071,2026-08-14T00:44:07.436972
9335,11,1530.7902411081752,2026-08-14T00:44:07.436972
9336,12,62.488426791967775,2026-08-14T00:44:07.436972
9337,13,1.9391933578085077,2026-08-14T00:44:07.436972
9338,14,1508.2247265742217,2026-08-14T00:44:07.436972
9339,15,68.78252108450162,2026-08-14T00:44:07.436972
9340,1,75.92234709734873,2026-08-14T00:44:09.444208
9341,2,2.1355344751634235,2026-08-14T00:44:09.444208
9342,3,1447.6935840602423,2026-08-14T00:44:09.444208
9343,4,75.80996118712085,2026-08-14T00:44:09.444208
9344,5,1.8854167423140125,2026-08-14T00:44:09.444208
9345,6,1484.5220175099153,2026-08-14T00:44:09.444208
9346,7,69.1692959379813,2026-08-14T00:44:09.444208
9347,8,89.62593248369403,2026-08-14T00:44:09.444208
9348,9,74.40822851459549,2026-08-14T00:44:09.444208
9349,10,2.1063738037601665,2026-08-14T00:44:09.444208
9350,11,1500.4241830725605,2026-08-14T00:44:09.444208
9351,12,75.7568095289249,2026-08-14T00:44:09.444208
9352,13,1.9691958338486935,2026-08-14T00:44:09.444208
9353,14,1457.7843138306407,2026-08-14T00:44:09.444208
9354,15,66.77220737164261,2026-08-14T00:44:09.444208
9355,1,76.78918941309,2026-08-14T00:44:11.451064
9356,2,1.9936650014372397,2026-08-14T00:44:11.451064
9357,3,1412.9170978266754,2026-08-14T00:44:11.451064
9358,4,70.40188594372636,2026-08-14T00:44:11.451064
9359,5,2.2001970756967832,2026-08-14T00:44:11.451064
9360,6,1390.4218590551286,2026-08-14T00:44:11.451064
9361,7,74.9685263424667,2026-08-14T00:44:11.451064
9362,8,93.41029847629194,2026-08-14T00:44:11.451064
9363,9,65.59198311201145,2026-08-14T00:44:11.451064
9364,10,1.9985982326797183,2026-08-14T00:44:11.451064
9365,11,1458.0404600178476,2026-08-14T00:44:11.451064
9366,12,64.83491909089403,2026-08-14T00:44:11.451064
9367,13,2.021057881942772,2026-08-14T00:44:11.451064
9368,14,1366.6568489672857,2026-08-14T00:44:11.451064
9369,15,69.63279486437317,2026-08-14T00:44:11.451064
9370,1,68.50422117348505,2026-08-14T00:44:13.457930
9371,2,2.069712242199251,2026-08-14T00:44:13.457930
9372,3,1539.1887013337002,2026-08-14T00:44:13.457930
9373,4,66.88773064070429,2026-08-14T00:44:13.457930
9374,5,2.1088870529354953,2026-08-14T00:44:13.457930
9375,6,1500.139665112091,2026-08-14T00:44:13.457930
9376,7,69.3691355275066,2026-08-14T00:44:13.457930
9377,8,98.01233175977254,2026-08-14T00:44:13.457930
9378,9,70.29406940460632,2026-08-14T00:44:13.457930
9379,10,1.8999300594963133,2026-08-14T00:44:13.457930
9380,11,1449.502676461591,2026-08-14T00:44:13.457930
9381,12,72.97259151490836,2026-08-14T00:44:13.457930
9382,13,1.849789521087486,2026-08-14T00:44:13.457930
9383,14,1660.5833419598769,2026-08-14T00:44:13.457930
9384,15,71.73118816287133,2026-08-14T00:44:13.457930
9385,1,67.64281362616238,2026-08-14T00:44:15.477650
9386,2,2.1256697941309945,2026-08-14T00:44:15.477650
9387,3,1618.1942802610342,2026-08-14T00:44:15.477650
9388,4,73.68194255236972,2026-08-14T00:44:15.477650
9389,5,2.071443329230622,2026-08-14T00:44:15.477650
9390,6,1409.48425282068,2026-08-14T00:44:15.477650
9391,7,66.8364342096666,2026-08-14T00:44:15.477650
9392,8,98.56602459679026,2026-08-14T00:44:15.477650
9393,9,71.21271214978461,2026-08-14T00:44:15.477650
9394,10,1.998149939559355,2026-08-14T00:44:15.477650
9395,11,1532.985562157313,2026-08-14T00:44:15.477650
9396,12,72.33429642533619,2026-08-14T00:44:15.477650
9397,13,1.984735847501593,2026-08-14T00:44:15.477650
9398,14,1430.99091938983,2026-08-14T00:44:15.477650
9399,15,69.81348095010806,2026-08-14T00:44:15.477650
9400,1,63.091136226517,2026-08-14T00:44:17.513847
9401,2,1.8581125848911952,2026-08-14T00:44:17.513847
9402,3,1580.5811846127024,2026-08-14T00:44:17.513847
9403,4,74.27530698575465,2026-08-14T00:44:17.513847
9404,5,2.0005807930092434,2026-08-14T00:44:17.513847
9405,6,1476.2199776444884,2026-08-14T00:44:17.513847
9406,7,69.22647774422644,2026-08-14T00:44:17.513847
9407,8,102.00432482067419,2026-08-14T00:44:17.513847
9408,9,74.40664680331923,2026-08-14T00:44:17.513847
9409,10,2.062310666953037,2026-08-14T00:44:17.513847
9410,11,1522.8663247997083,2026-08-14T00:44:17.513847
9411,12,67.45097160694706,2026-08-14T00:44:17.513847
9412,13,1.9189573265439457,2026-08-14T00:44:17.513847
9413,14,1572.8211157032245,2026-08-14T00:44:17.513847
9414,15,67.96865794077856,2026-08-14T00:44:17.513847
9415,1,69.63620172801353,2026-08-14T00:44:19.524288
9416,2,1.8338484053135016,2026-08-14T00:44:19.524288
9417,3,1403.2074005361942,2026-08-14T00:44:19.524288
9418,4,74.51547532978763,2026-08-14T00:44:19.524288
9419,5,2.0120636036736568,2026-08-14T00:44:19.524288
9420,6,1472.554726738124,2026-08-14T00:44:19.524288
9421,7,73.06202740643342,2026-08-14T00:44:19.524288
9422,8,97.15565578936068,2026-08-14T00:44:19.524288
9423,9,77.15166179519309,2026-08-14T00:44:19.524288
9424,10,2.0683941710584204,2026-08-14T00:44:19.524288
9425,11,1390.2389556842695,2026-08-14T00:44:19.524288
9426,12,75.45949436486072,2026-08-14T00:44:19.524288
9427,13,2.084368360937236,2026-08-14T00:44:19.524288
9428,14,1579.2187233898017,2026-08-14T00:44:19.524288
9429,15,70.47672919093559,2026-08-14T00:44:19.524288
9430,1,69.60443956356806,2026-08-14T00:44:21.543944
9431,2,1.881075931753856,2026-08-14T00:44:21.543944
9432,3,1620.4505592008866,2026-08-14T00:44:21.543944
9433,4,74.7688402464421,2026-08-14T00:44:21.543944
9434,5,2.089495392149292,2026-08-14T00:44:21.543944
9435,6,1494.7388119305713,2026-08-14T00:44:21.543944
9436,7,69.28952168309823,2026-08-14T00:44:21.543944
9437,8,97.31490460238744,2026-08-14T00:44:21.543944
9438,9,71.17761145917764,2026-08-14T00:44:21.543944
9439,10,1.8728837581462427,2026-08-14T00:44:21.543944
9440,11,1428.5027804666413,2026-08-14T00:44:21.543944
9441,12,72.15915784277352,2026-08-14T00:44:21.543944
9442,13,1.9319138777422795,2026-08-14T00:44:21.543944
9443,14,1563.2648608767868,2026-08-14T00:44:21.543944
9444,15,67.87409980756117,2026-08-14T00:44:21.543944
9445,1,72.53127664035264,2026-08-14T00:44:23.563759
9446,2,1.8730989740064428,2026-08-14T00:44:23.563759
9447,3,1555.0636612175213,2026-08-14T00:44:23.563759
9448,4,70.63448566133884,2026-08-14T00:44:23.563759
9449,5,2.035791552421108,2026-08-14T00:44:23.563759
9450,6,1518.782736651713,2026-08-14T00:44:23.563759
9451,7,69.4674356923967,2026-08-14T00:44:23.563759
9452,8,105.75495733120496,2026-08-14T00:44:23.563759
9453,9,67.36552606386874,2026-08-14T00:44:23.563759
9454,10,2.0370538432065897,2026-08-14T00:44:23.563759
9455,11,1405.679338250261,2026-08-14T00:44:23.563759
9456,12,71.81648392669186,2026-08-14T00:44:23.563759
9457,13,1.7745867681472145,2026-08-14T00:44:23.563759
9458,14,1360.0277115227718,2026-08-14T00:44:23.563759
9459,15,71.98636320902978,2026-08-14T00:44:23.563759
9460,1,70.31845778512842,2026-08-14T00:44:25.570496
9461,2,1.9013927746562627,2026-08-14T00:44:25.570496
9462,3,1364.2657485417153,2026-08-14T00:44:25.570496
9463,4,72.20003576272597,2026-08-14T00:44:25.570496
9464,5,1.7883877725509407,2026-08-14T00:44:25.570496
9465,6,1516.2223042160354,2026-08-14T00:44:25.570496
9466,7,70.18260325927085,2026-08-14T00:44:25.570496
9467,8,95.67021298441557,2026-08-14T00:44:25.570496
9468,9,66.75521969098067,2026-08-14T00:44:25.570496
9469,10,2.245910435707397,2026-08-14T00:44:25.570496
9470,11,1401.5488328372544,2026-08-14T00:44:25.570496
9471,12,66.28301185375601,2026-08-14T00:44:25.570496
9472,13,2.0319986453659213,2026-08-14T00:44:25.570496
9473,14,1502.6830815918247,2026-08-14T00:44:25.570496
9474,15,71.81346071982708,2026-08-14T00:44:25.570496
9475,1,70.70655764064892,2026-08-14T00:44:27.590966
9476,2,2.113424301893985,2026-08-14T00:44:27.590966
9477,3,1472.984743161848,2026-08-14T00:44:27.590966
9478,4,79.23704494126665,2026-08-14T00:44:27.590966
9479,5,2.0184865798272553,2026-08-14T00:44:27.590966
9480,6,1590.832868104874,2026-08-14T00:44:27.590966
9481,7,62.13143520312568,2026-08-14T00:44:27.590966
9482,8,100.79731807028331,2026-08-14T00:44:27.590966
9483,9,66.30528701065252,2026-08-14T00:44:27.590966
9484,10,1.6277942375302765,2026-08-14T00:44:27.590966
9485,11,1508.175757549222,2026-08-14T00:44:27.590966
9486,12,68.89414689802304,2026-08-14T00:44:27.590966
9487,13,2.1528242701237814,2026-08-14T00:44:27.590966
9488,14,1567.0619083774052,2026-08-14T00:44:27.590966
9489,15,73.34499437315593,2026-08-14T00:44:27.590966
9490,1,74.6318915731106,2026-08-14T00:44:29.598029
9491,2,2.0931688468417766,2026-08-14T00:44:29.598029
9492,3,1368.510776267541,2026-08-14T00:44:29.598029
9493,4,71.86142303028032,2026-08-14T00:44:29.598029
9494,5,2.071524759235283,2026-08-14T00:44:29.598029
9495,6,1469.9168361512147,2026-08-14T00:44:29.598029
9496,7,71.3158821684811,2026-08-14T00:44:29.598029
9497,8,109.19383410786303,2026-08-14T00:44:29.598029
9498,9,64.23870880846395,2026-08-14T00:44:29.598029
9499,10,1.9975445536102725,2026-08-14T00:44:29.598029
9500,11,1485.3439168778336,2026-08-14T00:44:29.598029
9501,12,69.76190398731137,2026-08-14T00:44:29.598029
9502,13,2.047734030973409,2026-08-14T00:44:29.598029
9503,14,1456.3917380444484,2026-08-14T00:44:29.598029
9504,15,77.04736702379186,2026-08-14T00:44:29.598029
9505,1,69.98496874043511,2026-08-14T00:44:31.643664
9506,2,1.9963480672042777,2026-08-14T00:44:31.643664
9507,3,1436.597051007139,2026-08-14T00:44:31.643664
9508,4,68.03993454065173,2026-08-14T00:44:31.643664
9509,5,1.7879635000340404,2026-08-14T00:44:31.643664
9510,6,1454.6724019851235,2026-08-14T00:44:31.643664
9511,7,71.64814915733996,2026-08-14T00:44:31.643664
9512,8,103.50210276740542,2026-08-14T00:44:31.643664
9513,9,74.82054652559155,2026-08-14T00:44:31.643664
9514,10,1.9793828663221864,2026-08-14T00:44:31.643664
9515,11,1512.1706767707876,2026-08-14T00:44:31.643664
9516,12,69.12735251761347,2026-08-14T00:44:31.643664
9517,13,2.0274732671081295,2026-08-14T00:44:31.643664
9518,14,1448.6649404956722,2026-08-14T00:44:31.643664
9519,15,72.92373261153307,2026-08-14T00:44:31.643664
9520,1,74.38565540938873,2026-08-14T00:44:33.663273
9521,2,2.137337381765764,2026-08-14T00:44:33.663273
9522,3,1408.6374415299542,2026-08-14T00:44:33.663273
9523,4,65.15126168652242,2026-08-14T00:44:33.663273
9524,5,1.9293546257715333,2026-08-14T00:44:33.663273
9525,6,1582.390183531773,2026-08-14T00:44:33.663273
9526,7,63.90054065413299,2026-08-14T00:44:33.663273
9527,8,106.74941950622915,2026-08-14T00:44:33.663273
9528,9,66.4980015775882,2026-08-14T00:44:33.663273
9529,10,2.027237330379748,2026-08-14T00:44:33.663273
9530,11,1519.2749332128094,2026-08-14T00:44:33.663273
9531,12,67.1512712127415,2026-08-14T00:44:33.663273
9532,13,2.0826753426379714,2026-08-14T00:44:33.663273
9533,14,1568.7940788323112,2026-08-14T00:44:33.663273
9534,15,66.95945510136764,2026-08-14T00:44:33.663273
9535,1,68.45968156885536,2026-08-14T00:44:35.669879
9536,2,2.033108887477147,2026-08-14T00:44:35.669879
9537,3,1421.6090646165364,2026-08-14T00:44:35.669879
9538,4,72.05558858857842,2026-08-14T00:44:35.669879
9539,5,2.045309277257896,2026-08-14T00:44:35.669879
9540,6,1672.46681456355,2026-08-14T00:44:35.669879
9541,7,67.57995612733306,2026-08-14T00:44:35.669879
9542,8,94.80884220120726,2026-08-14T00:44:35.669879
9543,9,69.7524350489451,2026-08-14T00:44:35.669879
9544,10,1.996700269161676,2026-08-14T00:44:35.669879
9545,11,1334.3092926049933,2026-08-14T00:44:35.669879
9546,12,77.31168805572325,2026-08-14T00:44:35.669879
9547,13,2.059977653814482,2026-08-14T00:44:35.669879
9548,14,1595.627119207038,2026-08-14T00:44:35.669879
9549,15,74.04354260828269,2026-08-14T00:44:35.669879
9550,1,69.5979877299593,2026-08-14T00:44:37.030611
9551,2,2.0059902795105895,2026-08-14T00:44:37.030611
9552,3,1504.5551983032262,2026-08-14T00:44:37.030611
9553,4,67.73267022898462,2026-08-14T00:44:37.030611
9554,5,1.879188764503388,2026-08-14T00:44:37.030611
9555,6,1588.309868351129,2026-08-14T00:44:37.030611
9556,7,66.37655670025083,2026-08-14T00:44:37.030611
9557,8,104.84287260545473,2026-08-14T00:44:37.030611
9558,9,66.97263729656638,2026-08-14T00:44:37.030611
9559,10,2.081570382202391,2026-08-14T00:44:37.030611
9560,11,1368.7312077212277,2026-08-14T00:44:37.030611
9561,12,68.56928245758688,2026-08-14T00:44:37.030611
9562,13,2.0280764543542684,2026-08-14T00:44:37.030611
9563,14,1665.1611845552184,2026-08-14T00:44:37.030611
9564,15,69.57496479844659,2026-08-14T00:44:37.030611
9565,1,74.0332055187831,2026-08-14T00:44:37.714204
9566,2,1.947661096453336,2026-08-14T00:44:37.714204
9567,3,1499.4315912783961,2026-08-14T00:44:37.714204
9568,4,73.89730145365456,2026-08-14T00:44:37.714204
9569,5,2.0605291984026524,2026-08-14T00:44:37.714204
9570,6,1499.4134194658352,2026-08-14T00:44:37.714204
9571,7,70.76472419787498,2026-08-14T00:44:37.714204
9572,8,105.4048343626421,2026-08-14T00:44:37.714204
9573,12,72.00623428921716,2026-08-14T00:44:37.714204
9574,13,2.0910001681046224,2026-08-14T00:44:37.714204
9575,14,1385.2672408912617,2026-08-14T00:44:37.714204
9576,15,69.77196875947332,2026-08-14T00:44:37.714204
9577,1,69.04985139231061,2026-08-14T00:44:39.051939
9578,2,1.9864064927995255,2026-08-14T00:44:39.051939
9579,3,1341.1917634785686,2026-08-14T00:44:39.051939
9580,4,69.80090802819588,2026-08-14T00:44:39.051939
9581,5,1.9865543550965357,2026-08-14T00:44:39.051939
9582,6,1442.6142491219393,2026-08-14T00:44:39.051939
9583,7,69.91655493846537,2026-08-14T00:44:39.051939
9584,8,97.29138999833775,2026-08-14T00:44:39.051939
9585,9,75.05087198354632,2026-08-14T00:44:39.051939
9586,10,2.2080612271096793,2026-08-14T00:44:39.051939
9587,11,1589.4728660939704,2026-08-14T00:44:39.051939
9588,12,72.33386329464297,2026-08-14T00:44:39.051939
9589,13,1.9402901035989486,2026-08-14T00:44:39.051939
9590,14,1614.3756436761537,2026-08-14T00:44:39.051939
9591,15,75.8548631929397,2026-08-14T00:44:39.051939
9592,1,71.13835615873599,2026-08-14T00:44:39.736191
9593,2,2.130298535577539,2026-08-14T00:44:39.736191
9594,3,1469.6074536850965,2026-08-14T00:44:39.736191
9595,4,70.40482443375853,2026-08-14T00:44:39.736191
9596,5,2.0753384650082647,2026-08-14T00:44:39.736191
9597,6,1574.9149274215317,2026-08-14T00:44:39.736191
9598,7,72.34274351179145,2026-08-14T00:44:39.736191
9599,8,104.53663419103215,2026-08-14T00:44:39.736191
9600,12,65.59677497473216,2026-08-14T00:44:39.736191
9601,13,2.0627771950369875,2026-08-14T00:44:39.736191
9602,14,1562.1741339714401,2026-08-14T00:44:39.736191
9603,15,68.31215003096645,2026-08-14T00:44:39.736191
9604,1,67.7593409549765,2026-08-14T00:44:41.073154
9605,2,2.0976585419645377,2026-08-14T00:44:41.073154
9606,3,1539.7600456666246,2026-08-14T00:44:41.073154
9607,4,75.5047186555237,2026-08-14T00:44:41.073154
9608,5,1.9486215018956259,2026-08-14T00:44:41.073154
9609,6,1433.868674322001,2026-08-14T00:44:41.073154
9610,7,74.03057389388732,2026-08-14T00:44:41.073154
9611,8,97.10909906622952,2026-08-14T00:44:41.073154
9612,9,75.5998583021967,2026-08-14T00:44:41.073154
9613,10,1.8640467742966438,2026-08-14T00:44:41.073154
9614,11,1593.4828150031026,2026-08-14T00:44:41.073154
9615,12,69.63285455619521,2026-08-14T00:44:41.073154
9616,13,2.005236258775777,2026-08-14T00:44:41.073154
9617,14,1461.791879248972,2026-08-14T00:44:41.073154
9618,15,67.51805873201135,2026-08-14T00:44:41.073154
9619,1,69.33126394637868,2026-08-14T00:44:41.743275
9620,2,2.1360224148762774,2026-08-14T00:44:41.743275
9621,3,1577.4969586317545,2026-08-14T00:44:41.743275
9622,4,68.98539023317726,2026-08-14T00:44:41.743275
9623,5,1.8834107481249098,2026-08-14T00:44:41.743275
9624,6,1476.2168345926318,2026-08-14T00:44:41.743275
9625,7,67.36513502927744,2026-08-14T00:44:41.743275
9626,8,96.58766987971468,2026-08-14T00:44:41.743275
9627,12,68.3208705666636,2026-08-14T00:44:41.743275
9628,13,1.9693650856607918,2026-08-14T00:44:41.743275
9629,14,1443.8587754209798,2026-08-14T00:44:41.743275
9630,15,74.609352364675,2026-08-14T00:44:41.743275
9631,1,68.82221629474269,2026-08-14T00:44:43.093134
9632,2,1.9470478931743456,2026-08-14T00:44:43.093134
9633,3,1589.347000389875,2026-08-14T00:44:43.093134
9634,4,71.91762596992304,2026-08-14T00:44:43.093134
9635,5,2.1056947440160334,2026-08-14T00:44:43.093134
9636,6,1410.3438093283983,2026-08-14T00:44:43.093134
9637,7,70.63705214138548,2026-08-14T00:44:43.093134
9638,8,97.38522956673043,2026-08-14T00:44:43.093134
9639,9,74.70289328966138,2026-08-14T00:44:43.093134
9640,10,1.8456865094023045,2026-08-14T00:44:43.093134
9641,11,1481.5873524966426,2026-08-14T00:44:43.093134
9642,12,71.13446373535648,2026-08-14T00:44:43.093134
9643,13,1.9536997570402785,2026-08-14T00:44:43.093134
9644,14,1585.989601619794,2026-08-14T00:44:43.093134
9645,15,73.51117903296617,2026-08-14T00:44:43.093134
9646,1,70.46708766087873,2026-08-14T00:44:43.766747
9647,2,2.115954863006555,2026-08-14T00:44:43.766747
9648,3,1556.2215750908078,2026-08-14T00:44:43.766747
9649,4,73.78107681021083,2026-08-14T00:44:43.766747
9650,5,2.042458361378159,2026-08-14T00:44:43.766747
9651,6,1626.2998834374428,2026-08-14T00:44:43.766747
9652,7,67.67584147929992,2026-08-14T00:44:43.766747
9653,8,96.87711687194877,2026-08-14T00:44:43.766747
9654,15,65.10361971721507,2026-08-14T00:44:43.766747
9655,1,68.70746307152756,2026-08-14T00:44:45.112571
9656,2,2.0345713035249813,2026-08-14T00:44:45.112571
9657,3,1496.558164956045,2026-08-14T00:44:45.112571
9658,4,71.28905453268831,2026-08-14T00:44:45.112571
9659,5,1.9787826056984197,2026-08-14T00:44:45.112571
9660,6,1474.2098570023202,2026-08-14T00:44:45.112571
9661,7,66.74982853852148,2026-08-14T00:44:45.112571
9662,8,100.57255613783722,2026-08-14T00:44:45.112571
9663,9,70.3889371355607,2026-08-14T00:44:45.112571
9664,10,1.9518349074781425,2026-08-14T00:44:45.112571
9665,11,1350.5214216992938,2026-08-14T00:44:45.112571
9666,12,74.33000170998373,2026-08-14T00:44:45.112571
9667,13,2.136354154717289,2026-08-14T00:44:45.112571
9668,14,1489.742429814911,2026-08-14T00:44:45.112571
9669,15,65.54775697958306,2026-08-14T00:44:45.112571
9670,1,71.75960225642001,2026-08-14T00:44:45.775249
9671,2,2.073284600725783,2026-08-14T00:44:45.775249
9672,3,1442.524707415182,2026-08-14T00:44:45.775249
9673,7,69.61621860029581,2026-08-14T00:44:45.775249
9674,8,106.03091961015818,2026-08-14T00:44:45.775249
9675,15,64.30470782537463,2026-08-14T00:44:45.775249
9676,1,69.04633733316952,2026-08-14T00:44:47.133496
9677,2,1.9836104970174542,2026-08-14T00:44:47.133496
9678,3,1511.375639532694,2026-08-14T00:44:47.133496
9679,4,69.4244460593059,2026-08-14T00:44:47.133496
9680,5,2.0426150946238057,2026-08-14T00:44:47.133496
9681,6,1595.0570139038025,2026-08-14T00:44:47.133496
9682,7,69.45633991517238,2026-08-14T00:44:47.133496
9683,8,99.58082557988038,2026-08-14T00:44:47.133496
9684,9,70.30639207072008,2026-08-14T00:44:47.133496
9685,10,2.0495189511343446,2026-08-14T00:44:47.133496
9686,11,1418.7935944416076,2026-08-14T00:44:47.133496
9687,12,63.6931146481785,2026-08-14T00:44:47.133496
9688,13,1.9204227509839706,2026-08-14T00:44:47.133496
9689,14,1435.8192554958614,2026-08-14T00:44:47.133496
9690,15,79.06574678688433,2026-08-14T00:44:47.133496
9691,1,65.25630952595453,2026-08-14T00:44:47.796321
9692,2,1.932108070481513,2026-08-14T00:44:47.796321
9693,3,1457.273428615594,2026-08-14T00:44:47.796321
9694,7,71.257603682488,2026-08-14T00:44:47.796321
9695,8,103.04209966459668,2026-08-14T00:44:47.796321
9696,15,67.74171159043773,2026-08-14T00:44:47.796321
9697,1,63.302801418995514,2026-08-14T00:44:49.156776
9698,2,2.0293213098420972,2026-08-14T00:44:49.156776
9699,3,1496.2256792888484,2026-08-14T00:44:49.156776
9700,4,68.99171553462142,2026-08-14T00:44:49.156776
9701,5,2.03986309098551,2026-08-14T00:44:49.156776
9702,6,1481.2676308575494,2026-08-14T00:44:49.156776
9703,7,67.30698565244357,2026-08-14T00:44:49.156776
9704,8,104.82877797222233,2026-08-14T00:44:49.156776
9705,9,67.02332913680314,2026-08-14T00:44:49.156776
9706,10,1.8733738218032674,2026-08-14T00:44:49.156776
9707,11,1534.7647352115362,2026-08-14T00:44:49.156776
9708,12,69.57273631042811,2026-08-14T00:44:49.156776
9709,13,1.8667920695421352,2026-08-14T00:44:49.156776
9710,14,1413.6335824321527,2026-08-14T00:44:49.156776
9711,15,72.19571899864142,2026-08-14T00:44:49.156776
9712,1,71.0427648073337,2026-08-14T00:44:49.816752
9713,2,1.8699433229731102,2026-08-14T00:44:49.816752
9714,3,1371.3338575751345,2026-08-14T00:44:49.816752
9715,7,72.5546597633599,2026-08-14T00:44:49.816752
9716,8,100.96984617093199,2026-08-14T00:44:49.816752
9717,9,71.48122338099726,2026-08-14T00:44:49.816752
9718,10,2.09492706421947,2026-08-14T00:44:49.816752
9719,11,1564.0927168871506,2026-08-14T00:44:49.816752
9720,1,76.2150461534236,2026-08-14T00:44:51.177345
9721,2,2.1311253783197066,2026-08-14T00:44:51.177345
9722,3,1516.777032127165,2026-08-14T00:44:51.177345
9723,4,68.8952911734154,2026-08-14T00:44:51.177345
9724,5,1.8833796817306012,2026-08-14T00:44:51.177345
9725,6,1670.6697065139472,2026-08-14T00:44:51.177345
9726,7,71.652338085041,2026-08-14T00:44:51.177345
9727,8,97.11973814705965,2026-08-14T00:44:51.177345
9728,9,69.10022173720778,2026-08-14T00:44:51.177345
9729,10,1.9539894903447392,2026-08-14T00:44:51.177345
9730,11,1504.2190604740617,2026-08-14T00:44:51.177345
9731,12,68.68491316110482,2026-08-14T00:44:51.177345
9732,13,1.9939306438521567,2026-08-14T00:44:51.177345
9733,14,1510.0880882486215,2026-08-14T00:44:51.177345
9734,15,68.8270645037889,2026-08-14T00:44:51.177345
9735,1,71.98955963051108,2026-08-14T00:44:51.840200
9736,2,1.9920915320163668,2026-08-14T00:44:51.840200
9737,3,1600.742110308412,2026-08-14T00:44:51.840200
9738,4,70.47494951377311,2026-08-14T00:44:51.840200
9739,5,2.0203048982335665,2026-08-14T00:44:51.840200
9740,6,1338.7300286479663,2026-08-14T00:44:51.840200
9741,7,72.8676125775105,2026-08-14T00:44:51.840200
9742,8,99.0842555154198,2026-08-14T00:44:51.840200
9743,9,68.81447480178612,2026-08-14T00:44:51.840200
9744,10,2.055304211428343,2026-08-14T00:44:51.840200
9745,11,1524.1616519934184,2026-08-14T00:44:51.840200
9746,12,70.19681827765446,2026-08-14T00:44:51.840200
9747,13,2.0077779404232268,2026-08-14T00:44:51.840200
9748,14,1500.930411679629,2026-08-14T00:44:51.840200
9749,1,69.9167857190449,2026-08-14T00:44:53.196338
9750,2,2.307927958967002,2026-08-14T00:44:53.196338
9751,3,1539.659855464945,2026-08-14T00:44:53.196338
9752,4,61.69191581055928,2026-08-14T00:44:53.196338
9753,5,1.8741312050805337,2026-08-14T00:44:53.196338
9754,6,1510.108772254941,2026-08-14T00:44:53.196338
9755,7,73.41384804812819,2026-08-14T00:44:53.196338
9756,8,96.33429443353373,2026-08-14T00:44:53.196338
9757,9,69.96637373928051,2026-08-14T00:44:53.196338
9758,10,1.8955292383308622,2026-08-14T00:44:53.196338
9759,11,1400.621482714653,2026-08-14T00:44:53.196338
9760,12,81.62884913863967,2026-08-14T00:44:53.196338
9761,13,2.184029923756609,2026-08-14T00:44:53.196338
9762,14,1507.2185814341897,2026-08-14T00:44:53.196338
9763,15,66.38372380030866,2026-08-14T00:44:53.196338
9764,1,73.68467461605759,2026-08-14T00:44:53.861378
9765,2,2.031532150826237,2026-08-14T00:44:53.861378
9766,3,1582.1946762529576,2026-08-14T00:44:53.861378
9767,4,66.03334854573467,2026-08-14T00:44:53.861378
9768,5,2.2042951132162294,2026-08-14T00:44:53.861378
9769,6,1500.7139611985601,2026-08-14T00:44:53.861378
9770,7,71.12627490929283,2026-08-14T00:44:53.861378
9771,8,100.74888323000407,2026-08-14T00:44:53.861378
9772,9,71.61188029739733,2026-08-14T00:44:53.861378
9773,10,2.2277449939837464,2026-08-14T00:44:53.861378
9774,11,1396.3965536034382,2026-08-14T00:44:53.861378
9775,12,69.37267594735155,2026-08-14T00:44:53.861378
9776,13,2.015111497055842,2026-08-14T00:44:53.861378
9777,14,1462.0098474918814,2026-08-14T00:44:53.861378
9778,1,70.87698677189191,2026-08-14T00:44:55.219184
9779,2,2.065148364870887,2026-08-14T00:44:55.219184
9780,3,1418.8090675857002,2026-08-14T00:44:55.219184
9781,4,74.95334978542972,2026-08-14T00:44:55.219184
9782,5,2.0039522319603726,2026-08-14T00:44:55.219184
9783,6,1613.6674013447207,2026-08-14T00:44:55.219184
9784,7,72.62669602335183,2026-08-14T00:44:55.219184
9785,8,92.7207382494115,2026-08-14T00:44:55.219184
9786,9,68.43382643644858,2026-08-14T00:44:55.219184
9787,10,2.0739843216433984,2026-08-14T00:44:55.219184
9788,11,1332.339846625095,2026-08-14T00:44:55.219184
9789,12,70.41838800589055,2026-08-14T00:44:55.219184
9790,13,2.0527515843485125,2026-08-14T00:44:55.219184
9791,14,1461.9853091718678,2026-08-14T00:44:55.219184
9792,15,65.94889847741265,2026-08-14T00:44:55.219184
9793,1,68.29738889004356,2026-08-14T00:44:55.870289
9794,2,1.9801755469153535,2026-08-14T00:44:55.870289
9795,3,1435.9605729056118,2026-08-14T00:44:55.870289
9796,4,68.26127907119427,2026-08-14T00:44:55.870289
9797,5,1.8409179366376849,2026-08-14T00:44:55.870289
9798,6,1572.238321868027,2026-08-14T00:44:55.870289
9799,7,66.25463397557377,2026-08-14T00:44:55.870289
9800,8,95.49079730001475,2026-08-14T00:44:55.870289
9801,9,69.545260980563,2026-08-14T00:44:55.870289
9802,10,1.884876480043826,2026-08-14T00:44:55.870289
9803,11,1532.2495608271236,2026-08-14T00:44:55.870289
9804,12,71.70603434860995,2026-08-14T00:44:55.870289
9805,13,2.0740549641618085,2026-08-14T00:44:55.870289
9806,14,1635.9064516368585,2026-08-14T00:44:55.870289
9807,1,73.32743269718297,2026-08-14T00:44:57.226324
9808,2,1.9671109656924899,2026-08-14T00:44:57.226324
9809,3,1683.5805280892146,2026-08-14T00:44:57.226324
9810,4,68.79023288699372,2026-08-14T00:44:57.226324
9811,5,2.0604095138289207,2026-08-14T00:44:57.226324
9812,6,1564.7245460940874,2026-08-14T00:44:57.226324
9813,7,68.21820409224989,2026-08-14T00:44:57.226324
9814,8,101.55924832430433,2026-08-14T00:44:57.226324
9815,9,73.04137573399858,2026-08-14T00:44:57.226324
9816,10,1.9317908147794145,2026-08-14T00:44:57.226324
9817,11,1592.402827477429,2026-08-14T00:44:57.226324
9818,12,65.85052451327905,2026-08-14T00:44:57.226324
9819,13,1.8560754263049597,2026-08-14T00:44:57.226324
9820,14,1430.7308167141894,2026-08-14T00:44:57.226324
9821,15,66.92772794418892,2026-08-14T00:44:57.226324
9822,1,68.66076416674525,2026-08-14T00:44:57.891330
9823,2,2.1211105192431914,2026-08-14T00:44:57.891330
9824,3,1543.5135053952752,2026-08-14T00:44:57.891330
9825,4,67.916870105067,2026-08-14T00:44:57.891330
9826,5,1.9345031049664858,2026-08-14T00:44:57.891330
9827,6,1520.9006847469639,2026-08-14T00:44:57.891330
9828,9,75.34432211531029,2026-08-14T00:44:57.891330
9829,10,2.0816149779406254,2026-08-14T00:44:57.891330
9830,11,1405.040852345507,2026-08-14T00:44:57.891330
9831,12,75.1102140009744,2026-08-14T00:44:57.891330
9832,13,2.1188490063606467,2026-08-14T00:44:57.891330
9833,14,1475.1802709229214,2026-08-14T00:44:57.891330
9834,1,69.68011314884254,2026-08-14T00:44:59.246263
9835,2,2.061670575256784,2026-08-14T00:44:59.246263
9836,3,1502.6644486210996,2026-08-14T00:44:59.246263
9837,4,68.52044281617279,2026-08-14T00:44:59.246263
9838,5,2.17823043800572,2026-08-14T00:44:59.246263
9839,6,1567.0992046263761,2026-08-14T00:44:59.246263
9840,7,71.15303989484755,2026-08-14T00:44:59.246263
9841,8,108.64647940390812,2026-08-14T00:44:59.246263
9842,9,73.3753870166163,2026-08-14T00:44:59.246263
9843,10,2.0043911467362068,2026-08-14T00:44:59.246263
9844,11,1568.6411602833036,2026-08-14T00:44:59.246263
9845,12,69.20162916016527,2026-08-14T00:44:59.246263
9846,13,1.9884605011748095,2026-08-14T00:44:59.246263
9847,14,1525.5752730391146,2026-08-14T00:44:59.246263
9848,15,67.80799583084438,2026-08-14T00:44:59.246263
9849,1,66.39796590494439,2026-08-14T00:44:59.899316
9850,2,2.0200520252831695,2026-08-14T00:44:59.899316
9851,3,1580.4664458492146,2026-08-14T00:44:59.899316
9852,4,66.94930424154343,2026-08-14T00:44:59.899316
9853,5,1.9556524926752124,2026-08-14T00:44:59.899316
9854,6,1603.1599957946407,2026-08-14T00:44:59.899316
9855,9,68.03114788310432,2026-08-14T00:44:59.899316
9856,10,2.1576889004537474,2026-08-14T00:44:59.899316
9857,11,1470.2116618632929,2026-08-14T00:44:59.899316
9858,12,73.19570758255269,2026-08-14T00:44:59.899316
9859,13,1.7739124986654584,2026-08-14T00:44:59.899316
9860,14,1510.4583413689006,2026-08-14T00:44:59.899316
9861,15,70.86734418636327,2026-08-14T00:44:59.899316
9862,1,71.74622711986116,2026-08-14T00:45:01.252629
9863,2,1.8261758835766706,2026-08-14T00:45:01.252629
9864,3,1515.2989815427898,2026-08-14T00:45:01.252629
9865,4,70.48131605697135,2026-08-14T00:45:01.252629
9866,5,1.9794501761667318,2026-08-14T00:45:01.252629
9867,6,1438.5154801923927,2026-08-14T00:45:01.252629
9868,7,70.14447992781689,2026-08-14T00:45:01.252629
9869,8,95.58951068951347,2026-08-14T00:45:01.252629
9870,9,71.18428872514352,2026-08-14T00:45:01.252629
9871,10,1.9952594225808173,2026-08-14T00:45:01.252629
9872,11,1621.1024158405628,2026-08-14T00:45:01.252629
9873,12,70.6572157881273,2026-08-14T00:45:01.252629
9874,13,1.9554386056827735,2026-08-14T00:45:01.252629
9875,14,1419.60237262359,2026-08-14T00:45:01.252629
9876,15,69.89920090321226,2026-08-14T00:45:01.252629
9877,1,71.19745312057982,2026-08-14T00:45:01.921461
9878,2,1.9379443126127782,2026-08-14T00:45:01.921461
9879,3,1517.5059665920528,2026-08-14T00:45:01.921461
9880,4,71.69024592974876,2026-08-14T00:45:01.921461
9881,5,2.070417683547606,2026-08-14T00:45:01.921461
9882,6,1603.6479352121646,2026-08-14T00:45:01.921461
9883,7,78.86017385991383,2026-08-14T00:45:01.921461
9884,8,103.21211105665434,2026-08-14T00:45:01.921461
9885,9,75.81742070151908,2026-08-14T00:45:01.921461
9886,10,1.9339256738292676,2026-08-14T00:45:01.921461
9887,11,1489.6920019019203,2026-08-14T00:45:01.921461
9888,12,66.64074860451039,2026-08-14T00:45:01.921461
9889,13,2.1756196852386016,2026-08-14T00:45:01.921461
9890,14,1489.0688359473102,2026-08-14T00:45:01.921461
9891,15,65.94632959731189,2026-08-14T00:45:01.921461
9892,1,66.80818742507944,2026-08-14T00:45:03.272661
9893,2,1.9907923766430604,2026-08-14T00:45:03.272661
9894,3,1507.516894778141,2026-08-14T00:45:03.272661
9895,4,70.4073201134006,2026-08-14T00:45:03.272661
9896,5,1.9486657505653218,2026-08-14T00:45:03.272661
9897,6,1439.7263214314087,2026-08-14T00:45:03.272661
9898,7,70.76651678275358,2026-08-14T00:45:03.272661
9899,8,106.61866708354407,2026-08-14T00:45:03.272661
9900,9,64.7264383692155,2026-08-14T00:45:03.272661
9901,10,2.0773147214412453,2026-08-14T00:45:03.272661
9902,11,1622.4219676757084,2026-08-14T00:45:03.272661
9903,12,67.9853526356393,2026-08-14T00:45:03.272661
9904,13,2.014213381435334,2026-08-14T00:45:03.272661
9905,14,1441.0952194237052,2026-08-14T00:45:03.272661
9906,15,76.91884751118565,2026-08-14T00:45:03.272661
9907,1,70.00011761614903,2026-08-14T00:45:03.929093
9908,2,1.9052565641719208,2026-08-14T00:45:03.929093
9909,3,1468.6768231750884,2026-08-14T00:45:03.929093
9910,4,63.296296479253435,2026-08-14T00:45:03.929093
9911,5,1.9873684645472225,2026-08-14T00:45:03.929093
9912,6,1590.8967550924483,2026-08-14T00:45:03.929093
9913,7,69.42349622251473,2026-08-14T00:45:03.929093
9914,8,102.82991203927088,2026-08-14T00:45:03.929093
9915,9,70.33917871992033,2026-08-14T00:45:03.929093
9916,10,2.174236927427567,2026-08-14T00:45:03.929093
9917,11,1455.2448577560533,2026-08-14T00:45:03.929093
9918,12,79.79337868126846,2026-08-14T00:45:03.929093
9919,13,1.8488710053811812,2026-08-14T00:45:03.929093
9920,14,1546.8586068120755,2026-08-14T00:45:03.929093
9921,15,65.11776788644077,2026-08-14T00:45:03.929093
9922,1,74.76456683514608,2026-08-14T00:45:05.278745
9923,2,2.1693760038097016,2026-08-14T00:45:05.278745
9924,3,1506.951763481339,2026-08-14T00:45:05.278745
9925,4,67.77378738016411,2026-08-14T00:45:05.278745
9926,5,2.012666268827331,2026-08-14T00:45:05.278745
9927,6,1470.107129284455,2026-08-14T00:45:05.278745
9928,7,66.6243060686344,2026-08-14T00:45:05.278745
9929,8,96.0171105213287,2026-08-14T00:45:05.278745
9930,9,68.96224837560906,2026-08-14T00:45:05.278745
9931,10,2.0503640447121803,2026-08-14T00:45:05.278745
9932,11,1481.3742505931946,2026-08-14T00:45:05.278745
9933,12,69.8544303085725,2026-08-14T00:45:05.278745
9934,13,2.012528676824229,2026-08-14T00:45:05.278745
9935,14,1509.8987091650347,2026-08-14T00:45:05.278745
9936,15,66.72879912296077,2026-08-14T00:45:05.278745
9937,1,67.04484635096509,2026-08-14T00:45:05.950670
9938,2,1.9692900180385229,2026-08-14T00:45:05.950670
9939,3,1381.3507404643951,2026-08-14T00:45:05.950670
9940,4,67.08867468103863,2026-08-14T00:45:05.950670
9941,5,1.9554736535004507,2026-08-14T00:45:05.950670
9942,6,1505.8983849721544,2026-08-14T00:45:05.950670
9943,7,70.8373839778147,2026-08-14T00:45:05.950670
9944,8,101.86550853447069,2026-08-14T00:45:05.950670
9945,9,62.95908780205453,2026-08-14T00:45:05.950670
9946,10,1.9246218684993166,2026-08-14T00:45:05.950670
9947,11,1618.4585525591149,2026-08-14T00:45:05.950670
9948,12,66.26948185549143,2026-08-14T00:45:05.950670
9949,13,1.9779043657597712,2026-08-14T00:45:05.950670
9950,14,1438.7988187106344,2026-08-14T00:45:05.950670
9951,15,71.09648200274154,2026-08-14T00:45:05.950670
9952,1,69.93205160637086,2026-08-14T00:45:07.299932
9953,2,1.9829566594995394,2026-08-14T00:45:07.299932
9954,3,1366.354998610128,2026-08-14T00:45:07.299932
9955,4,65.42088008709509,2026-08-14T00:45:07.299932
9956,5,1.9987852496389993,2026-08-14T00:45:07.299932
9957,6,1511.9638559056864,2026-08-14T00:45:07.299932
9958,7,66.0765019242485,2026-08-14T00:45:07.299932
9959,8,94.3610426533015,2026-08-14T00:45:07.299932
9960,9,66.4900139122847,2026-08-14T00:45:07.299932
9961,10,1.9605912129996732,2026-08-14T00:45:07.299932
9962,11,1446.1604921808969,2026-08-14T00:45:07.299932
9963,12,66.72707874104968,2026-08-14T00:45:07.299932
9964,13,1.9826388389169827,2026-08-14T00:45:07.299932
9965,14,1338.4032032874493,2026-08-14T00:45:07.299932
9966,15,70.11049433709331,2026-08-14T00:45:07.299932
9967,1,68.74310311676247,2026-08-14T00:45:07.958754
9968,2,1.841093768464083,2026-08-14T00:45:07.958754
9969,3,1453.0595424138437,2026-08-14T00:45:07.958754
9970,4,80.42386489960126,2026-08-14T00:45:07.958754
9971,5,2.1136485573110675,2026-08-14T00:45:07.958754
9972,6,1597.965409872658,2026-08-14T00:45:07.958754
9973,7,70.20133986507665,2026-08-14T00:45:07.958754
9974,8,96.050889916462,2026-08-14T00:45:07.958754
9975,9,66.0677115095029,2026-08-14T00:45:07.958754
9976,10,2.0082825858435154,2026-08-14T00:45:07.958754
9977,11,1566.9733293028357,2026-08-14T00:45:07.958754
9978,12,70.45209153719844,2026-08-14T00:45:07.958754
9979,13,1.9000486002696444,2026-08-14T00:45:07.958754
9980,14,1611.2119456537548,2026-08-14T00:45:07.958754
9981,15,68.74957105039726,2026-08-14T00:45:07.958754
9982,1,71.16704162179556,2026-08-14T00:45:09.310322
9983,2,2.1253194086273135,2026-08-14T00:45:09.310322
9984,3,1474.7776983218055,2026-08-14T00:45:09.310322
9985,4,67.35714830631201,2026-08-14T00:45:09.310322
9986,5,2.150205102523853,2026-08-14T00:45:09.310322
9987,6,1528.7939849866036,2026-08-14T00:45:09.310322
9988,7,67.52107218022827,2026-08-14T00:45:09.310322
9989,8,99.48538648738469,2026-08-14T00:45:09.310322
9990,9,72.42083455671181,2026-08-14T00:45:09.310322
9991,10,2.127502090918883,2026-08-14T00:45:09.310322
9992,11,1550.5884045834694,2026-08-14T00:45:09.310322
9993,12,68.51949122143817,2026-08-14T00:45:09.310322
9994,13,1.9914411995775285,2026-08-14T00:45:09.310322
9995,14,1524.91239519397,2026-08-14T00:45:09.310322
9996,15,69.47355580870878,2026-08-14T00:45:09.310322
9997,1,69.46038135324143,2026-08-14T00:45:09.978833
9998,2,1.9714685686926625,2026-08-14T00:45:09.978833
9999,3,1444.0667328181457,2026-08-14T00:45:09.978833
10000,4,71.5569388449344,2026-08-14T00:45:09.978833
10001,5,1.8685227233837698,2026-08-14T00:45:09.978833
10002,6,1465.9466376374116,2026-08-14T00:45:09.978833
10003,7,69.46043081962269,2026-08-14T00:45:09.978833
10004,8,94.71937126926537,2026-08-14T00:45:09.978833
10005,9,64.112037838914,2026-08-14T00:45:09.978833
10006,10,2.1076523150298754,2026-08-14T00:45:09.978833
10007,11,1444.480645026869,2026-08-14T00:45:09.978833
10008,12,71.74321942327835,2026-08-14T00:45:09.978833
10009,13,1.8816050727872282,2026-08-14T00:45:09.978833
10010,14,1518.3335115822501,2026-08-14T00:45:09.978833
10011,15,72.56223670435797,2026-08-14T00:45:09.978833
10012,1,72.28473752011,2026-08-14T00:45:11.316726
10013,2,1.906263358762473,2026-08-14T00:45:11.316726
10014,3,1536.1821085996357,2026-08-14T00:45:11.316726
10015,4,69.18692392430361,2026-08-14T00:45:11.316726
10016,5,1.9577673084389995,2026-08-14T00:45:11.316726
10017,6,1602.2412760861191,2026-08-14T00:45:11.316726
10018,7,67.28196553910871,2026-08-14T00:45:11.316726
10019,8,99.75606787594741,2026-08-14T00:45:11.316726
10020,9,70.12468723297665,2026-08-14T00:45:11.316726
10021,10,1.911632722023358,2026-08-14T00:45:11.316726
10022,11,1476.4450813357455,2026-08-14T00:45:11.316726
10023,12,68.93264255478134,2026-08-14T00:45:11.316726
10024,13,2.048249138942665,2026-08-14T00:45:11.316726
10025,14,1568.9122751770724,2026-08-14T00:45:11.316726
10026,15,74.20688181686359,2026-08-14T00:45:11.316726
10027,1,70.13127464476975,2026-08-14T00:45:12.001119
10028,2,1.9657678937072898,2026-08-14T00:45:12.001119
10029,3,1427.8562776651722,2026-08-14T00:45:12.001119
10030,4,68.9201939670801,2026-08-14T00:45:12.001119
10031,5,2.1084653432194544,2026-08-14T00:45:12.001119
10032,6,1418.1045089947154,2026-08-14T00:45:12.001119
10033,7,70.23880850433763,2026-08-14T00:45:12.001119
10034,8,100.03264224693336,2026-08-14T00:45:12.001119
10035,9,71.24479197274341,2026-08-14T00:45:12.001119
10036,10,1.9337801166732393,2026-08-14T00:45:12.001119
10037,11,1545.7782015709306,2026-08-14T00:45:12.001119
10038,12,71.00396974785724,2026-08-14T00:45:12.001119
10039,13,1.979060690550708,2026-08-14T00:45:12.001119
10040,14,1484.1245679456463,2026-08-14T00:45:12.001119
10041,15,69.98403913622599,2026-08-14T00:45:12.001119
10042,1,67.54015995231453,2026-08-14T00:45:13.335801
10043,2,1.928818161877376,2026-08-14T00:45:13.335801
10044,3,1500.9939040819645,2026-08-14T00:45:13.335801
10045,4,74.27593891324915,2026-08-14T00:45:13.335801
10046,5,1.9560539814526998,2026-08-14T00:45:13.335801
10047,6,1545.2433847180355,2026-08-14T00:45:13.335801
10048,7,68.17440134429039,2026-08-14T00:45:13.335801
10049,8,95.69704880623881,2026-08-14T00:45:13.335801
10050,9,75.92906085584761,2026-08-14T00:45:13.335801
10051,10,2.0307745695369874,2026-08-14T00:45:13.335801
10052,11,1544.7696990841189,2026-08-14T00:45:13.335801
10053,12,71.74743148363522,2026-08-14T00:45:13.335801
10054,13,1.999767785253231,2026-08-14T00:45:13.335801
10055,14,1580.1518778733025,2026-08-14T00:45:13.335801
10056,15,61.64318164125734,2026-08-14T00:45:13.335801
10057,4,71.10087593444703,2026-08-14T00:45:14.010310
10058,5,2.0430312798630204,2026-08-14T00:45:14.010310
10059,6,1445.5780373439884,2026-08-14T00:45:14.010310
10060,7,65.07974403734778,2026-08-14T00:45:14.010310
10061,8,97.59250011828789,2026-08-14T00:45:14.010310
10062,9,70.98884477907004,2026-08-14T00:45:14.010310
10063,10,2.0668725742526077,2026-08-14T00:45:14.010310
10064,11,1455.9924571788483,2026-08-14T00:45:14.010310
10065,12,66.30215991185399,2026-08-14T00:45:14.010310
10066,13,1.986145049025161,2026-08-14T00:45:14.010310
10067,14,1555.4197766991817,2026-08-14T00:45:14.010310
10068,15,66.24173428773761,2026-08-14T00:45:14.010310
10069,1,75.17752600626287,2026-08-14T00:45:15.355962
10070,2,2.160390622637307,2026-08-14T00:45:15.355962
10071,3,1549.9316543465957,2026-08-14T00:45:15.355962
10072,4,74.21536922690669,2026-08-14T00:45:15.355962
10073,5,2.146652123424335,2026-08-14T00:45:15.355962
10074,6,1492.4541500503558,2026-08-14T00:45:15.355962
10075,7,69.48403564909573,2026-08-14T00:45:15.355962
10076,8,96.06161442950778,2026-08-14T00:45:15.355962
10077,9,65.79343830840787,2026-08-14T00:45:15.355962
10078,10,2.1028691581014796,2026-08-14T00:45:15.355962
10079,11,1668.4880866489075,2026-08-14T00:45:15.355962
10080,12,72.20912003883412,2026-08-14T00:45:15.355962
10081,13,1.9388874279879236,2026-08-14T00:45:15.355962
10082,14,1538.9049359093076,2026-08-14T00:45:15.355962
10083,15,66.76403000123139,2026-08-14T00:45:15.355962
10084,4,79.43343624060955,2026-08-14T00:45:16.018785
10085,5,1.8366633845985572,2026-08-14T00:45:16.018785
10086,6,1490.2766257711667,2026-08-14T00:45:16.018785
10087,7,71.82502778953985,2026-08-14T00:45:16.018785
10088,8,96.7611839833951,2026-08-14T00:45:16.018785
10089,9,70.31359973228767,2026-08-14T00:45:16.018785
10090,10,1.9674805907999846,2026-08-14T00:45:16.018785
10091,11,1495.7603740110856,2026-08-14T00:45:16.018785
10092,12,66.96850933456122,2026-08-14T00:45:16.018785
10093,13,1.8544342170280037,2026-08-14T00:45:16.018785
10094,14,1508.5356260600524,2026-08-14T00:45:16.018785
10095,15,70.764455076462,2026-08-14T00:45:16.018785
10096,1,73.35780484858603,2026-08-14T00:45:17.373827
10097,2,2.1235155786667397,2026-08-14T00:45:17.373827
10098,3,1384.6275519427315,2026-08-14T00:45:17.373827
10099,4,71.17593934358857,2026-08-14T00:45:17.373827
10100,5,2.0804501593111864,2026-08-14T00:45:17.373827
10101,6,1382.373470168764,2026-08-14T00:45:17.373827
10102,7,71.04304104012566,2026-08-14T00:45:17.373827
10103,8,97.81323586873661,2026-08-14T00:45:17.373827
10104,9,68.21229336756153,2026-08-14T00:45:17.373827
10105,10,1.9928551783708257,2026-08-14T00:45:17.373827
10106,11,1556.7711477697906,2026-08-14T00:45:17.373827
10107,12,68.06837727749398,2026-08-14T00:45:17.373827
10108,13,2.051322732751024,2026-08-14T00:45:17.373827
10109,14,1512.3363186170468,2026-08-14T00:45:17.373827
10110,15,78.7950237065119,2026-08-14T00:45:17.373827
10111,4,72.61444474263496,2026-08-14T00:45:18.026517
10112,5,2.1540730919283,2026-08-14T00:45:18.026517
10113,6,1574.4619841918516,2026-08-14T00:45:18.026517
10114,7,75.69760658598565,2026-08-14T00:45:18.026517
10115,8,94.12837718671312,2026-08-14T00:45:18.026517
10116,9,66.94597313833285,2026-08-14T00:45:18.026517
10117,10,1.9404126917270874,2026-08-14T00:45:18.026517
10118,11,1499.782196045834,2026-08-14T00:45:18.026517
10119,12,67.23855385844831,2026-08-14T00:45:18.026517
10120,13,2.053954222025058,2026-08-14T00:45:18.026517
10121,14,1491.367716328828,2026-08-14T00:45:18.026517
10122,15,66.10380277811407,2026-08-14T00:45:18.026517
10123,1,72.77046683002676,2026-08-14T00:45:19.393591
10124,2,1.9831496816526948,2026-08-14T00:45:19.393591
10125,3,1579.827953755925,2026-08-14T00:45:19.393591
10126,4,68.62420623977015,2026-08-14T00:45:19.393591
10127,5,2.2246205327229847,2026-08-14T00:45:19.393591
10128,6,1537.080530224281,2026-08-14T00:45:19.393591
10129,7,74.41152101310816,2026-08-14T00:45:19.393591
10130,8,101.48658736304176,2026-08-14T00:45:19.393591
10131,9,65.41230022509045,2026-08-14T00:45:19.393591
10132,10,1.9289637545192895,2026-08-14T00:45:19.393591
10133,11,1521.238884293908,2026-08-14T00:45:19.393591
10134,12,64.39598408080258,2026-08-14T00:45:19.393591
10135,13,2.129888007431193,2026-08-14T00:45:19.393591
10136,14,1363.9278921954312,2026-08-14T00:45:19.393591
10137,15,72.60745453816256,2026-08-14T00:45:19.393591
10138,4,65.63723807574469,2026-08-14T00:45:20.047323
10139,5,2.121736743565298,2026-08-14T00:45:20.047323
10140,6,1573.1493658324157,2026-08-14T00:45:20.047323
10141,7,68.21457333600283,2026-08-14T00:45:20.047323
10142,8,93.91528138717881,2026-08-14T00:45:20.047323
10143,9,71.90264537501523,2026-08-14T00:45:20.047323
10144,10,1.929090334316422,2026-08-14T00:45:20.047323
10145,11,1554.838380610921,2026-08-14T00:45:20.047323
10146,12,67.3740202148046,2026-08-14T00:45:20.047323
10147,13,1.9733394999819358,2026-08-14T00:45:20.047323
10148,14,1638.735539547873,2026-08-14T00:45:20.047323
10149,15,67.57852488382787,2026-08-14T00:45:20.047323
10150,1,65.80811545021822,2026-08-14T00:45:21.400275
10151,2,1.949362031133058,2026-08-14T00:45:21.400275
10152,3,1536.6902120113093,2026-08-14T00:45:21.400275
10153,4,71.27496786139739,2026-08-14T00:45:21.400275
10154,5,2.1667950623001353,2026-08-14T00:45:21.400275
10155,6,1567.4706971882313,2026-08-14T00:45:21.400275
10156,7,74.9759448812152,2026-08-14T00:45:21.400275
10157,8,100.89640123649603,2026-08-14T00:45:21.400275
10158,9,72.47448797776163,2026-08-14T00:45:21.400275
10159,10,1.9142312986118797,2026-08-14T00:45:21.400275
10160,11,1508.2699240754237,2026-08-14T00:45:21.400275
10161,12,71.36938752277072,2026-08-14T00:45:21.400275
10162,13,2.1021980348490286,2026-08-14T00:45:21.400275
10163,14,1559.453673661259,2026-08-14T00:45:21.400275
10164,15,68.96580440840691,2026-08-14T00:45:21.400275
10165,4,71.3434853532245,2026-08-14T00:45:22.072197
10166,5,1.918058348498318,2026-08-14T00:45:22.072197
10167,6,1406.99214126874,2026-08-14T00:45:22.072197
10168,7,72.02277232953574,2026-08-14T00:45:22.072197
10169,8,100.92876560968983,2026-08-14T00:45:22.072197
10170,9,73.71084043761229,2026-08-14T00:45:22.072197
10171,10,2.104885405177481,2026-08-14T00:45:22.072197
10172,11,1562.6742895333214,2026-08-14T00:45:22.072197
10173,12,72.05115817180807,2026-08-14T00:45:22.072197
10174,13,1.8407700526501725,2026-08-14T00:45:22.072197
10175,14,1610.3624248035655,2026-08-14T00:45:22.072197
10176,15,68.61966616047808,2026-08-14T00:45:22.072197
10177,1,70.17711721270061,2026-08-14T00:45:23.420458
10178,2,1.9822185026217816,2026-08-14T00:45:23.420458
10179,3,1499.3573247170746,2026-08-14T00:45:23.420458
10180,4,72.37848774054959,2026-08-14T00:45:23.420458
10181,5,2.1293299668820564,2026-08-14T00:45:23.420458
10182,6,1588.7574760901434,2026-08-14T00:45:23.420458
10183,7,73.3675396642299,2026-08-14T00:45:23.420458
10184,8,107.35937851022847,2026-08-14T00:45:23.420458
10185,9,72.59016293852319,2026-08-14T00:45:23.420458
10186,10,1.9650144703091168,2026-08-14T00:45:23.420458
10187,11,1457.8033615669174,2026-08-14T00:45:23.420458
10188,12,73.48956019905901,2026-08-14T00:45:23.420458
10189,13,1.8945401508578377,2026-08-14T00:45:23.420458
10190,14,1556.6368120998432,2026-08-14T00:45:23.420458
10191,15,77.50035063422087,2026-08-14T00:45:23.420458
10192,4,68.18019006424524,2026-08-14T00:45:24.092120
10193,5,1.7955678969810955,2026-08-14T00:45:24.092120
10194,6,1484.274079241501,2026-08-14T00:45:24.092120
10195,7,75.47330637547492,2026-08-14T00:45:24.092120
10196,8,101.85733309856795,2026-08-14T00:45:24.092120
10197,9,70.4872049583163,2026-08-14T00:45:24.092120
10198,10,2.089081988446082,2026-08-14T00:45:24.092120
10199,11,1328.5479932371006,2026-08-14T00:45:24.092120
10200,12,69.4698970810474,2026-08-14T00:45:24.092120
10201,13,2.1080520913536205,2026-08-14T00:45:24.092120
10202,14,1541.0959938132703,2026-08-14T00:45:24.092120
10203,15,70.38325206894069,2026-08-14T00:45:24.092120
10204,1,73.93352175368206,2026-08-14T00:45:25.427636
10205,2,1.9927655525047252,2026-08-14T00:45:25.427636
10206,3,1454.0598535291492,2026-08-14T00:45:25.427636
10207,4,73.23770971627248,2026-08-14T00:45:25.427636
10208,5,1.884625146467762,2026-08-14T00:45:25.427636
10209,6,1368.8804160600093,2026-08-14T00:45:25.427636
10210,7,65.22671592922566,2026-08-14T00:45:25.427636
10211,8,110.99464750215319,2026-08-14T00:45:25.427636
10212,9,70.85562406472287,2026-08-14T00:45:25.427636
10213,10,1.8568900812078373,2026-08-14T00:45:25.427636
10214,11,1407.5495628815165,2026-08-14T00:45:25.427636
10215,12,74.49488750557434,2026-08-14T00:45:25.427636
10216,13,2.166244274860058,2026-08-14T00:45:25.427636
10217,14,1529.978667543635,2026-08-14T00:45:25.427636
10218,15,70.06458670302845,2026-08-14T00:45:25.427636
10219,4,69.08522413968143,2026-08-14T00:45:26.112671
10220,5,1.9763007578904577,2026-08-14T00:45:26.112671
10221,6,1389.2916042670126,2026-08-14T00:45:26.112671
10222,7,75.66289682466054,2026-08-14T00:45:26.112671
10223,8,94.74732182853641,2026-08-14T00:45:26.112671
10224,9,68.39987458027315,2026-08-14T00:45:26.112671
10225,10,1.9338055381172585,2026-08-14T00:45:26.112671
10226,11,1627.277622466789,2026-08-14T00:45:26.112671
10227,12,65.99673185206855,2026-08-14T00:45:26.112671
10228,13,2.094462787406681,2026-08-14T00:45:26.112671
10229,14,1648.6161771486459,2026-08-14T00:45:26.112671
10230,15,70.94236496621895,2026-08-14T00:45:26.112671
10231,1,72.7926178737582,2026-08-14T00:45:27.447433
10232,2,2.0338390053324957,2026-08-14T00:45:27.447433
10233,3,1606.144675585559,2026-08-14T00:45:27.447433
10234,4,68.9069391283388,2026-08-14T00:45:27.447433
10235,5,2.0369014479042753,2026-08-14T00:45:27.447433
10236,6,1537.8553605726747,2026-08-14T00:45:27.447433
10237,7,64.55695739063397,2026-08-14T00:45:27.447433
10238,8,91.1497641024574,2026-08-14T00:45:27.447433
10239,9,69.08058403821772,2026-08-14T00:45:27.447433
10240,10,2.000908764113391,2026-08-14T00:45:27.447433
10241,11,1561.1943858873833,2026-08-14T00:45:27.447433
10242,12,68.22611427826752,2026-08-14T00:45:27.447433
10243,13,2.1812253408631737,2026-08-14T00:45:27.447433
10244,14,1516.4768085293329,2026-08-14T00:45:27.447433
10245,15,75.15764858832205,2026-08-14T00:45:27.447433
10246,4,67.90614323737448,2026-08-14T00:45:28.132645
10247,5,1.9545223856883673,2026-08-14T00:45:28.132645
10248,6,1475.1702686052272,2026-08-14T00:45:28.132645
10249,7,63.460496547094216,2026-08-14T00:45:28.132645
10250,8,102.17706640501447,2026-08-14T00:45:28.132645
10251,9,67.93876561547873,2026-08-14T00:45:28.132645
10252,10,2.041849514488604,2026-08-14T00:45:28.132645
10253,11,1397.588169202107,2026-08-14T00:45:28.132645
10254,12,73.39285310839979,2026-08-14T00:45:28.132645
10255,13,1.879159797027373,2026-08-14T00:45:28.132645
10256,14,1363.382427109872,2026-08-14T00:45:28.132645
10257,15,75.86271885618375,2026-08-14T00:45:28.132645
10258,1,69.38599060764426,2026-08-14T00:45:29.477357
10259,2,2.058913712441658,2026-08-14T00:45:29.477357
10260,3,1535.9541039664994,2026-08-14T00:45:29.477357
10261,4,64.99592906447303,2026-08-14T00:45:29.477357
10262,5,2.048400542667203,2026-08-14T00:45:29.477357
10263,6,1540.4637803246808,2026-08-14T00:45:29.477357
10264,7,70.57856589082772,2026-08-14T00:45:29.477357
10265,8,98.97026312957136,2026-08-14T00:45:29.477357
10266,9,74.46644576944087,2026-08-14T00:45:29.477357
10267,10,1.8965467460260574,2026-08-14T00:45:29.477357
10268,11,1505.4820131572862,2026-08-14T00:45:29.477357
10269,12,64.88890189595752,2026-08-14T00:45:29.477357
10270,13,1.9911641774619708,2026-08-14T00:45:29.477357
10271,14,1402.2530075404225,2026-08-14T00:45:29.477357
10272,15,76.4873106377309,2026-08-14T00:45:29.477357
10273,4,72.83079154195906,2026-08-14T00:45:30.152550
10274,5,2.1097519138462637,2026-08-14T00:45:30.152550
10275,6,1507.9492360859722,2026-08-14T00:45:30.152550
10276,7,63.65555611634772,2026-08-14T00:45:30.152550
10277,8,107.07175799691298,2026-08-14T00:45:30.152550
10278,9,72.12264895014472,2026-08-14T00:45:30.152550
10279,10,1.9749491147114353,2026-08-14T00:45:30.152550
10280,11,1343.3494433822343,2026-08-14T00:45:30.152550
10281,12,71.7189385538522,2026-08-14T00:45:30.152550
10282,13,2.0295403381527066,2026-08-14T00:45:30.152550
10283,14,1597.079671376256,2026-08-14T00:45:30.152550
10284,15,72.61861328571925,2026-08-14T00:45:30.152550
10285,1,71.37839191553807,2026-08-14T00:45:31.484603
10286,2,1.931452516522981,2026-08-14T00:45:31.484603
10287,3,1408.9925985989023,2026-08-14T00:45:31.484603
10288,4,74.29868010776188,2026-08-14T00:45:31.484603
10289,5,1.9653346659318405,2026-08-14T00:45:31.484603
10290,6,1491.0906467868763,2026-08-14T00:45:31.484603
10291,7,71.39464180070813,2026-08-14T00:45:31.484603
10292,8,89.39098658250073,2026-08-14T00:45:31.484603
10293,9,69.46819768359738,2026-08-14T00:45:31.484603
10294,10,2.0133475338425324,2026-08-14T00:45:31.484603
10295,11,1469.4217599933552,2026-08-14T00:45:31.484603
10296,12,68.55366684661014,2026-08-14T00:45:31.484603
10297,13,2.130935694690836,2026-08-14T00:45:31.484603
10298,14,1546.6420740371098,2026-08-14T00:45:31.484603
10299,15,71.27144638374592,2026-08-14T00:45:31.484603
10300,4,67.78164725749473,2026-08-14T00:45:32.174825
10301,5,1.8895020191944771,2026-08-14T00:45:32.174825
10302,6,1624.1555373967935,2026-08-14T00:45:32.174825
10303,7,71.71601914521901,2026-08-14T00:45:32.174825
10304,8,95.17658725211186,2026-08-14T00:45:32.174825
10305,9,71.08468168640576,2026-08-14T00:45:32.174825
10306,10,2.099496259221646,2026-08-14T00:45:32.174825
10307,11,1487.5366676077213,2026-08-14T00:45:32.174825
10308,12,66.65888084601356,2026-08-14T00:45:32.174825
10309,13,1.9496524639566641,2026-08-14T00:45:32.174825
10310,14,1510.8362932159882,2026-08-14T00:45:32.174825
10311,15,72.9792365635818,2026-08-14T00:45:32.174825
10312,1,68.21509253355616,2026-08-14T00:45:33.520510
10313,2,1.8626053143530348,2026-08-14T00:45:33.520510
10314,3,1476.5813878241827,2026-08-14T00:45:33.520510
10315,4,66.21708078497332,2026-08-14T00:45:33.520510
10316,5,2.004167756014609,2026-08-14T00:45:33.520510
10317,6,1577.0981895895561,2026-08-14T00:45:33.520510
10318,7,73.11229964590069,2026-08-14T00:45:33.520510
10319,8,91.80407865598056,2026-08-14T00:45:33.520510
10320,9,68.27903985814093,2026-08-14T00:45:33.520510
10321,10,1.8741886274216852,2026-08-14T00:45:33.520510
10322,11,1594.755237374195,2026-08-14T00:45:33.520510
10323,12,73.01242611102667,2026-08-14T00:45:33.520510
10324,13,2.1337939809900686,2026-08-14T00:45:33.520510
10325,14,1470.8701902379748,2026-08-14T00:45:33.520510
10326,15,72.83828211014597,2026-08-14T00:45:33.520510
10327,4,68.23843190121035,2026-08-14T00:45:34.196003
10328,5,1.9109396759789894,2026-08-14T00:45:34.196003
10329,6,1574.2555772031392,2026-08-14T00:45:34.196003
10330,7,71.02688318792691,2026-08-14T00:45:34.196003
10331,8,100.93409681270421,2026-08-14T00:45:34.196003
10332,9,68.5591758250957,2026-08-14T00:45:34.196003
10333,10,1.9831666235844103,2026-08-14T00:45:34.196003
10334,11,1394.0687998605167,2026-08-14T00:45:34.196003
10335,12,68.83953497598839,2026-08-14T00:45:34.196003
10336,13,1.7794633949593397,2026-08-14T00:45:34.196003
10337,14,1516.2547335063332,2026-08-14T00:45:34.196003
10338,15,71.87865683855769,2026-08-14T00:45:34.196003
10339,1,68.11318845512129,2026-08-14T00:45:35.555726
10340,2,2.0238378102555354,2026-08-14T00:45:35.555726
10341,3,1471.7033694602867,2026-08-14T00:45:35.555726
10342,4,70.72195873092043,2026-08-14T00:45:35.555726
10343,5,1.850248054395426,2026-08-14T00:45:35.555726
10344,6,1458.8976635714037,2026-08-14T00:45:35.555726
10345,7,72.23437404029363,2026-08-14T00:45:35.555726
10346,8,94.64868774290554,2026-08-14T00:45:35.555726
10347,9,64.70720412949399,2026-08-14T00:45:35.555726
10348,10,1.9125061455985104,2026-08-14T00:45:35.555726
10349,11,1466.2632080595529,2026-08-14T00:45:35.555726
10350,12,76.1026755579814,2026-08-14T00:45:35.555726
10351,13,2.0107927624285318,2026-08-14T00:45:35.555726
10352,14,1512.0365237525311,2026-08-14T00:45:35.555726
10353,15,74.17741556275591,2026-08-14T00:45:35.555726
10354,4,69.5697622013978,2026-08-14T00:45:36.203040
10355,5,1.984495611896766,2026-08-14T00:45:36.203040
10356,6,1478.7477752876819,2026-08-14T00:45:36.203040
10357,7,75.2516738696233,2026-08-14T00:45:36.203040
10358,8,106.54391762994702,2026-08-14T00:45:36.203040
10359,9,70.92859849462839,2026-08-14T00:45:36.203040
10360,10,2.118325775274166,2026-08-14T00:45:36.203040
10361,11,1429.330217366564,2026-08-14T00:45:36.203040
10362,12,66.7530942219671,2026-08-14T00:45:36.203040
10363,13,2.159316093345359,2026-08-14T00:45:36.203040
10364,14,1511.0694010584334,2026-08-14T00:45:36.203040
10365,15,67.52715963334988,2026-08-14T00:45:36.203040
10366,1,73.43166274363593,2026-08-14T00:45:37.574062
10367,2,2.150972064480149,2026-08-14T00:45:37.574062
10368,3,1521.8723483078193,2026-08-14T00:45:37.574062
10369,4,76.64159020739325,2026-08-14T00:45:37.574062
10370,5,1.8871606655464537,2026-08-14T00:45:37.574062
10371,6,1528.57616640562,2026-08-14T00:45:37.574062
10372,7,74.94762057649638,2026-08-14T00:45:37.574062
10373,8,103.60624482859416,2026-08-14T00:45:37.574062
10374,9,66.97925327327196,2026-08-14T00:45:37.574062
10375,10,1.9480726876844972,2026-08-14T00:45:37.574062
10376,11,1553.8492459364022,2026-08-14T00:45:37.574062
10377,12,72.5555215530683,2026-08-14T00:45:37.574062
10378,13,2.0374893319112433,2026-08-14T00:45:37.574062
10379,14,1399.3094670257178,2026-08-14T00:45:37.574062
10380,15,73.04765128891802,2026-08-14T00:45:37.574062
10381,4,66.64530224294637,2026-08-14T00:45:38.209758
10382,5,1.7849845935763606,2026-08-14T00:45:38.209758
10383,6,1609.9494243417248,2026-08-14T00:45:38.209758
10384,7,70.04955123484439,2026-08-14T00:45:38.209758
10385,8,103.57581036635467,2026-08-14T00:45:38.209758
10386,9,71.31328620618102,2026-08-14T00:45:38.209758
10387,10,2.132767858102138,2026-08-14T00:45:38.209758
10388,11,1483.2273467277446,2026-08-14T00:45:38.209758
10389,12,76.5199527551493,2026-08-14T00:45:38.209758
10390,13,1.9897465182872285,2026-08-14T00:45:38.209758
10391,14,1483.054203000826,2026-08-14T00:45:38.209758
10392,15,70.71292939316587,2026-08-14T00:45:38.209758
10393,1,77.00823318403388,2026-08-14T00:45:39.580194
10394,2,2.210642448624271,2026-08-14T00:45:39.580194
10395,3,1433.8270047666688,2026-08-14T00:45:39.580194
10396,4,69.49538635683305,2026-08-14T00:45:39.580194
10397,5,2.0433720023685717,2026-08-14T00:45:39.580194
10398,6,1478.494740461919,2026-08-14T00:45:39.580194
10399,7,67.8291615571619,2026-08-14T00:45:39.580194
10400,8,101.41669801818058,2026-08-14T00:45:39.580194
10401,9,65.6827277193577,2026-08-14T00:45:39.580194
10402,10,1.9762320616799824,2026-08-14T00:45:39.580194
10403,11,1427.8586350717312,2026-08-14T00:45:39.580194
10404,12,73.45171895916693,2026-08-14T00:45:39.580194
10405,13,1.9374823507290815,2026-08-14T00:45:39.580194
10406,14,1518.9709385382162,2026-08-14T00:45:39.580194
10407,15,64.45899176961055,2026-08-14T00:45:39.580194
10408,4,66.10767356379726,2026-08-14T00:45:40.219204
10409,5,2.043990659954369,2026-08-14T00:45:40.219204
10410,6,1475.9735973583813,2026-08-14T00:45:40.219204
10411,7,67.7105706331728,2026-08-14T00:45:40.219204
10412,8,102.9354451033079,2026-08-14T00:45:40.219204
10413,9,76.78967878542612,2026-08-14T00:45:40.219204
10414,10,1.9454689522734485,2026-08-14T00:45:40.219204
10415,11,1524.4092229262137,2026-08-14T00:45:40.219204
10416,12,73.89347526661652,2026-08-14T00:45:40.219204
10417,13,1.9814682387196034,2026-08-14T00:45:40.219204
10418,14,1448.0566556159724,2026-08-14T00:45:40.219204
10419,15,72.77909198872139,2026-08-14T00:45:40.219204
10420,1,71.44440228331155,2026-08-14T00:45:41.588678
10421,2,2.0791764863798723,2026-08-14T00:45:41.588678
10422,3,1566.4252994105452,2026-08-14T00:45:41.588678
10423,4,67.63287989972424,2026-08-14T00:45:41.588678
10424,5,1.9232938664663513,2026-08-14T00:45:41.588678
10425,6,1648.0620531649377,2026-08-14T00:45:41.588678
10426,7,67.35043218615253,2026-08-14T00:45:41.588678
10427,8,97.62025905706453,2026-08-14T00:45:41.588678
10428,9,71.41673676944755,2026-08-14T00:45:41.588678
10429,10,2.1209029168790674,2026-08-14T00:45:41.588678
10430,11,1446.48195519431,2026-08-14T00:45:41.588678
10431,12,69.43541542111579,2026-08-14T00:45:41.588678
10432,13,1.9826126662913903,2026-08-14T00:45:41.588678
10433,14,1403.0078455115204,2026-08-14T00:45:41.588678
10434,15,75.78933672907905,2026-08-14T00:45:41.588678
10435,4,71.64773897785759,2026-08-14T00:45:42.226409
10436,5,1.9583347302990315,2026-08-14T00:45:42.226409
10437,6,1556.777169481346,2026-08-14T00:45:42.226409
10438,7,65.39079209350426,2026-08-14T00:45:42.226409
10439,8,95.46665580560185,2026-08-14T00:45:42.226409
10440,9,68.89242556916751,2026-08-14T00:45:42.226409
10441,10,2.178984140969802,2026-08-14T00:45:42.226409
10442,11,1531.4753934436649,2026-08-14T00:45:42.226409
10443,12,67.21152026817681,2026-08-14T00:45:42.226409
10444,13,2.04679837379593,2026-08-14T00:45:42.226409
10445,14,1492.1340075335775,2026-08-14T00:45:42.226409
10446,15,72.36548658104414,2026-08-14T00:45:42.226409
10447,1,71.78536291012395,2026-08-14T00:45:43.617882
10448,2,2.199525116633723,2026-08-14T00:45:43.617882
10449,3,1586.413523654899,2026-08-14T00:45:43.617882
10450,4,58.595979958916544,2026-08-14T00:45:43.617882
10451,5,2.0814454152892683,2026-08-14T00:45:43.617882
10452,6,1693.6252290865648,2026-08-14T00:45:43.617882
10453,7,71.03565682975294,2026-08-14T00:45:43.617882
10454,8,100.07201817345572,2026-08-14T00:45:43.617882
10455,9,75.03971441189718,2026-08-14T00:45:43.617882
10456,10,2.0338116433078195,2026-08-14T00:45:43.617882
10457,11,1489.1049980577748,2026-08-14T00:45:43.617882
10458,12,66.3381820563702,2026-08-14T00:45:43.617882
10459,13,1.947230420266451,2026-08-14T00:45:43.617882
10460,14,1544.5295441471349,2026-08-14T00:45:43.617882
10461,4,71.81300641763653,2026-08-14T00:45:44.247106
10462,5,2.0580749413226265,2026-08-14T00:45:44.247106
10463,6,1538.2748791873034,2026-08-14T00:45:44.247106
10464,7,76.42379635103431,2026-08-14T00:45:44.247106
10465,8,99.59132973657448,2026-08-14T00:45:44.247106
10466,9,66.28915194844849,2026-08-14T00:45:44.247106
10467,10,1.989757249072449,2026-08-14T00:45:44.247106
10468,11,1446.787082753779,2026-08-14T00:45:44.247106
10469,12,67.30160792087582,2026-08-14T00:45:44.247106
10470,13,2.1302971515139597,2026-08-14T00:45:44.247106
10471,14,1459.792285686156,2026-08-14T00:45:44.247106
10472,15,72.2131759878136,2026-08-14T00:45:44.247106
10473,1,70.50693867945455,2026-08-14T00:45:45.638634
10474,2,1.980164732513773,2026-08-14T00:45:45.638634
10475,3,1408.497819317758,2026-08-14T00:45:45.638634
10476,4,71.69722875541581,2026-08-14T00:45:45.638634
10477,5,1.9956318804684465,2026-08-14T00:45:45.638634
10478,6,1387.0870558517206,2026-08-14T00:45:45.638634
10479,7,70.71222131079173,2026-08-14T00:45:45.638634
10480,8,96.67066858549724,2026-08-14T00:45:45.638634
10481,9,66.9721807424784,2026-08-14T00:45:45.638634
10482,10,1.956478543302556,2026-08-14T00:45:45.638634
10483,11,1580.5646050791722,2026-08-14T00:45:45.638634
10484,12,73.94687196771898,2026-08-14T00:45:45.638634
10485,13,2.100121209136849,2026-08-14T00:45:45.638634
10486,14,1522.1678233136263,2026-08-14T00:45:45.638634
10487,4,68.00910070165912,2026-08-14T00:45:46.254121
10488,5,1.9342210736139382,2026-08-14T00:45:46.254121
10489,6,1705.865251680452,2026-08-14T00:45:46.254121
10490,7,69.69276990913242,2026-08-14T00:45:46.254121
10491,8,101.78537634751356,2026-08-14T00:45:46.254121
10492,9,69.22071558788649,2026-08-14T00:45:46.254121
10493,10,2.007402457738482,2026-08-14T00:45:46.254121
10494,11,1486.8293318527626,2026-08-14T00:45:46.254121
10495,12,65.4711376001186,2026-08-14T00:45:46.254121
10496,13,2.0173767368415003,2026-08-14T00:45:46.254121
10497,14,1500.3089466580966,2026-08-14T00:45:46.254121
10498,15,66.09093415253894,2026-08-14T00:45:46.254121
10499,1,76.36417490014541,2026-08-14T00:45:47.645467
10500,2,2.0087450915813734,2026-08-14T00:45:47.645467
10501,3,1588.685119232321,2026-08-14T00:45:47.645467
10502,4,70.50118117061055,2026-08-14T00:45:47.645467
10503,5,1.9451359304967475,2026-08-14T00:45:47.645467
10504,6,1469.720201735209,2026-08-14T00:45:47.645467
10505,9,62.35859672923148,2026-08-14T00:45:47.645467
10506,10,2.082898928255582,2026-08-14T00:45:47.645467
10507,11,1645.8702855767287,2026-08-14T00:45:47.645467
10508,12,70.85687452671749,2026-08-14T00:45:47.645467
10509,13,2.181323816838561,2026-08-14T00:45:47.645467
10510,14,1537.1101128574028,2026-08-14T00:45:47.645467
10511,4,69.980277269535,2026-08-14T00:45:48.266379
10512,5,2.01624218715638,2026-08-14T00:45:48.266379
10513,6,1563.9034026082065,2026-08-14T00:45:48.266379
10514,7,69.31199576258443,2026-08-14T00:45:48.266379
10515,8,93.60837547574141,2026-08-14T00:45:48.266379
10516,9,65.25375853691514,2026-08-14T00:45:48.266379
10517,10,2.0133798103389613,2026-08-14T00:45:48.266379
10518,11,1479.5102518971576,2026-08-14T00:45:48.266379
10519,12,71.91314884054452,2026-08-14T00:45:48.266379
10520,13,2.157769417860478,2026-08-14T00:45:48.266379
10521,14,1536.568585800046,2026-08-14T00:45:48.266379
10522,15,69.73632665220418,2026-08-14T00:45:48.266379
10523,4,74.94006967513187,2026-08-14T00:45:49.664597
10524,5,1.9841532242087727,2026-08-14T00:45:49.664597
10525,6,1493.4780983317198,2026-08-14T00:45:49.664597
10526,7,65.5194791335006,2026-08-14T00:45:49.664597
10527,8,104.11974423069951,2026-08-14T00:45:49.664597
10528,9,71.69526035062519,2026-08-14T00:45:49.664597
10529,10,1.9957466042606584,2026-08-14T00:45:49.664597
10530,11,1395.2482853885008,2026-08-14T00:45:49.664597
10531,12,66.46919717441543,2026-08-14T00:45:49.664597
10532,13,2.18263519858274,2026-08-14T00:45:49.664597
10533,14,1537.6682957261119,2026-08-14T00:45:49.664597
10534,4,67.91153531068264,2026-08-14T00:45:50.273422
10535,5,1.978469498825779,2026-08-14T00:45:50.273422
10536,6,1496.5407801013732,2026-08-14T00:45:50.273422
10537,7,65.22513221356569,2026-08-14T00:45:50.273422
10538,8,106.97861414945167,2026-08-14T00:45:50.273422
10539,9,63.6831666497604,2026-08-14T00:45:50.273422
10540,10,1.9758814279273986,2026-08-14T00:45:50.273422
10541,11,1523.5400162887224,2026-08-14T00:45:50.273422
10542,12,67.39140349074685,2026-08-14T00:45:50.273422
10543,13,1.83375244562784,2026-08-14T00:45:50.273422
10544,14,1593.4183685416438,2026-08-14T00:45:50.273422
10545,15,66.58876450328391,2026-08-14T00:45:50.273422
10546,4,69.56848517762758,2026-08-14T00:45:51.670601
10547,5,1.907406626579685,2026-08-14T00:45:51.670601
10548,6,1503.8203260809366,2026-08-14T00:45:51.670601
10549,7,73.8462312430413,2026-08-14T00:45:51.670601
10550,8,97.57733102867218,2026-08-14T00:45:51.670601
10551,9,66.27930072315404,2026-08-14T00:45:51.670601
10552,10,1.850255453073157,2026-08-14T00:45:51.670601
10553,11,1492.5565561133194,2026-08-14T00:45:51.670601
10554,12,68.05909901124933,2026-08-14T00:45:51.670601
10555,13,1.961947261096966,2026-08-14T00:45:51.670601
10556,14,1525.1649483638996,2026-08-14T00:45:51.670601
10557,15,70.77613084176727,2026-08-14T00:45:51.670601
10558,4,70.73236135332667,2026-08-14T00:45:52.294475
10559,5,2.14614812487393,2026-08-14T00:45:52.294475
10560,6,1696.8097714334626,2026-08-14T00:45:52.294475
10561,7,76.01343407070101,2026-08-14T00:45:52.294475
10562,8,93.55312925749729,2026-08-14T00:45:52.294475
10563,9,69.23876723150505,2026-08-14T00:45:52.294475
10564,10,1.8751292243685842,2026-08-14T00:45:52.294475
10565,11,1547.1245619613337,2026-08-14T00:45:52.294475
10566,12,66.19411457845216,2026-08-14T00:45:52.294475
10567,13,2.1270653720763195,2026-08-14T00:45:52.294475
10568,14,1485.957249654296,2026-08-14T00:45:52.294475
10569,15,71.06149488198619,2026-08-14T00:45:52.294475
10570,7,71.27660243024094,2026-08-14T00:45:53.690995
10571,8,98.23590383608025,2026-08-14T00:45:53.690995
10572,9,65.27026092897532,2026-08-14T00:45:53.690995
10573,10,1.9135653602645837,2026-08-14T00:45:53.690995
10574,11,1403.3061647802654,2026-08-14T00:45:53.690995
10575,15,67.37040423615386,2026-08-14T00:45:53.690995
10576,1,74.64221072498307,2026-08-14T00:45:54.305092
10577,2,1.951430337021566,2026-08-14T00:45:54.305092
10578,3,1470.0133417320271,2026-08-14T00:45:54.305092
10579,4,67.06193065812027,2026-08-14T00:45:54.305092
10580,5,2.244662771853015,2026-08-14T00:45:54.305092
10581,6,1498.4640154584108,2026-08-14T00:45:54.305092
10582,7,71.02016941375678,2026-08-14T00:45:54.305092
10583,8,98.62223034518735,2026-08-14T00:45:54.305092
10584,9,72.21224390183609,2026-08-14T00:45:54.305092
10585,10,2.047480281558082,2026-08-14T00:45:54.305092
10586,11,1479.1672525832312,2026-08-14T00:45:54.305092
10587,12,70.95783062594587,2026-08-14T00:45:54.305092
10588,13,2.0783714304863703,2026-08-14T00:45:54.305092
10589,14,1336.6254299695752,2026-08-14T00:45:54.305092
10590,15,75.47970485356723,2026-08-14T00:45:54.305092
10591,7,68.80090066028025,2026-08-14T00:45:55.697233
10592,8,102.98549031115243,2026-08-14T00:45:55.697233
10593,9,63.29942623913467,2026-08-14T00:45:55.697233
10594,10,2.086389635041951,2026-08-14T00:45:55.697233
10595,11,1593.9643439194356,2026-08-14T00:45:55.697233
10596,15,67.26157691264083,2026-08-14T00:45:55.697233
10597,1,72.26194745660527,2026-08-14T00:45:56.325420
10598,2,1.9078583074425923,2026-08-14T00:45:56.325420
10599,3,1522.3349000657863,2026-08-14T00:45:56.325420
10600,4,66.02274133688918,2026-08-14T00:45:56.325420
10601,5,1.9741006611492118,2026-08-14T00:45:56.325420
10602,6,1481.381696089674,2026-08-14T00:45:56.325420
10603,7,77.34842585714743,2026-08-14T00:45:56.325420
10604,8,107.90656864637764,2026-08-14T00:45:56.325420
10605,9,72.78785592013337,2026-08-14T00:45:56.325420
10606,10,1.9324666631310126,2026-08-14T00:45:56.325420
10607,11,1402.5101937340041,2026-08-14T00:45:56.325420
10608,12,72.76220722887146,2026-08-14T00:45:56.325420
10609,13,2.1140050725024615,2026-08-14T00:45:56.325420
10610,14,1591.916388234998,2026-08-14T00:45:56.325420
10611,15,72.04986330953571,2026-08-14T00:45:56.325420
10612,7,68.13740430056308,2026-08-14T00:45:57.702966
10613,8,97.5887716260407,2026-08-14T00:45:57.702966
10614,9,68.2428188506206,2026-08-14T00:45:57.702966
10615,10,1.9136800976019088,2026-08-14T00:45:57.702966
10616,11,1560.95107651544,2026-08-14T00:45:57.702966
10617,15,65.40266145835342,2026-08-14T00:45:57.702966
10618,1,69.39452215881704,2026-08-14T00:45:58.344668
10619,2,2.0894338070262726,2026-08-14T00:45:58.344668
10620,3,1435.821276722553,2026-08-14T00:45:58.344668
10621,4,69.93394621182684,2026-08-14T00:45:58.344668
10622,5,1.9591151601965018,2026-08-14T00:45:58.344668
10623,6,1476.760394820278,2026-08-14T00:45:58.344668
10624,7,69.02737473926804,2026-08-14T00:45:58.344668
10625,8,92.75946220740691,2026-08-14T00:45:58.344668
10626,9,77.79926805851446,2026-08-14T00:45:58.344668
10627,10,1.877740394123613,2026-08-14T00:45:58.344668
10628,11,1446.6439768419525,2026-08-14T00:45:58.344668
10629,12,69.27849099560784,2026-08-14T00:45:58.344668
10630,13,1.8869558205866872,2026-08-14T00:45:58.344668
10631,14,1533.0767675238035,2026-08-14T00:45:58.344668
10632,15,68.16174357813303,2026-08-14T00:45:58.344668
10633,7,73.3724869769172,2026-08-14T00:45:59.723014
10634,8,98.35130541575299,2026-08-14T00:45:59.723014
10635,9,74.05368622047685,2026-08-14T00:45:59.723014
10636,10,1.926142960861412,2026-08-14T00:45:59.723014
10637,11,1527.7962603569738,2026-08-14T00:45:59.723014
10638,15,66.42340931732247,2026-08-14T00:45:59.723014
10639,1,73.72628082482687,2026-08-14T00:46:00.366566
10640,2,2.0032083117228354,2026-08-14T00:46:00.366566
10641,3,1591.568769230153,2026-08-14T00:46:00.366566
10642,7,68.22831431790479,2026-08-14T00:46:00.366566
10643,8,88.41574740594832,2026-08-14T00:46:00.366566
10644,12,78.6028011812498,2026-08-14T00:46:00.366566
10645,13,1.8399110949607804,2026-08-14T00:46:00.366566
10646,14,1561.8849701388654,2026-08-14T00:46:00.366566
10647,15,68.74282103638721,2026-08-14T00:46:00.366566
10648,7,75.08677200472845,2026-08-14T00:46:01.743034
10649,8,106.93212177474615,2026-08-14T00:46:01.743034
10650,9,71.39866429787033,2026-08-14T00:46:01.743034
10651,10,2.003727301715358,2026-08-14T00:46:01.743034
10652,11,1466.8172217793995,2026-08-14T00:46:01.743034
10653,15,71.71676514088774,2026-08-14T00:46:01.743034
10654,1,69.04579487666645,2026-08-14T00:46:02.387523
10655,2,2.0437133788492368,2026-08-14T00:46:02.387523
10656,3,1414.5120587058987,2026-08-14T00:46:02.387523
10657,7,65.45853264638927,2026-08-14T00:46:02.387523
10658,8,99.31500506769946,2026-08-14T00:46:02.387523
10659,12,66.32685812907431,2026-08-14T00:46:02.387523
10660,13,1.9449088452459893,2026-08-14T00:46:02.387523
10661,14,1442.7014882795745,2026-08-14T00:46:02.387523
10662,7,67.90803115042056,2026-08-14T00:46:03.763593
10663,8,83.83899479532586,2026-08-14T00:46:03.763593
10664,9,69.22020488766213,2026-08-14T00:46:03.763593
10665,10,1.9943264119159045,2026-08-14T00:46:03.763593
10666,11,1631.2412848591298,2026-08-14T00:46:03.763593
10667,15,69.00175986081855,2026-08-14T00:46:03.763593
10668,1,70.97247473511996,2026-08-14T00:46:04.394193
10669,2,1.876770086511689,2026-08-14T00:46:04.394193
10670,3,1474.2974222524967,2026-08-14T00:46:04.394193
10671,7,71.04652139495799,2026-08-14T00:46:04.394193
10672,8,103.86602593064488,2026-08-14T00:46:04.394193
10673,12,66.83260570861482,2026-08-14T00:46:04.394193
10674,13,2.0165871999944742,2026-08-14T00:46:04.394193
10675,14,1428.7822393844913,2026-08-14T00:46:04.394193
10676,7,71.94911874337598,2026-08-14T00:46:05.783018
10677,8,100.20900313673063,2026-08-14T00:46:05.783018
10678,9,64.84600139622435,2026-08-14T00:46:05.783018
10679,10,1.8861962986157184,2026-08-14T00:46:05.783018
10680,11,1620.323731043358,2026-08-14T00:46:05.783018
10681,15,71.42190258864242,2026-08-14T00:46:05.783018
10682,1,70.56095128772522,2026-08-14T00:46:06.401624
10683,2,1.8615570173043203,2026-08-14T00:46:06.401624
10684,3,1590.5178956976883,2026-08-14T00:46:06.401624
10685,7,72.25100601019794,2026-08-14T00:46:06.401624
10686,8,101.64436589944084,2026-08-14T00:46:06.401624
10687,7,69.36527386575979,2026-08-14T00:46:07.801568
10688,8,104.87273186063696,2026-08-14T00:46:07.801568
10689,15,68.81721100312323,2026-08-14T00:46:07.801568
10690,1,65.56284684192674,2026-08-14T00:46:08.420574
10691,2,1.8474653621943342,2026-08-14T00:46:08.420574
10692,3,1409.3875410525081,2026-08-14T00:46:08.420574
10693,7,73.14038982988168,2026-08-14T00:46:08.420574
10694,8,107.6142616310493,2026-08-14T00:46:08.420574
10695,7,69.3302736876454,2026-08-14T00:46:09.820482
10696,8,96.63189392629036,2026-08-14T00:46:09.820482
10697,15,73.69225761770225,2026-08-14T00:46:09.820482
10698,1,73.97176676173945,2026-08-14T00:46:10.427470
10699,2,1.8936386288456977,2026-08-14T00:46:10.427470
10700,3,1447.8174059902492,2026-08-14T00:46:10.427470
10701,7,68.85968661141865,2026-08-14T00:46:10.427470
10702,8,107.14960874753622,2026-08-14T00:46:10.427470
10703,7,74.8450097062639,2026-08-14T00:46:11.839554
10704,8,103.5143668975682,2026-08-14T00:46:11.839554
10705,15,68.94575025820569,2026-08-14T00:46:11.839554
10706,1,69.71855337208073,2026-08-14T00:46:12.447680
10707,2,1.9775248180723293,2026-08-14T00:46:12.447680
10708,3,1418.8708296155064,2026-08-14T00:46:12.447680
10709,7,64.43735858364155,2026-08-14T00:46:13.859434
10710,8,107.71960621075132,2026-08-14T00:46:13.859434
10711,15,73.55679861493577,2026-08-14T00:46:13.859434
10712,1,69.89420465922215,2026-08-14T00:46:14.467788
10713,2,1.7797809809248666,2026-08-14T00:46:14.467788
10714,3,1396.2428691733596,2026-08-14T00:46:14.467788
10715,4,70.05267551480131,2026-08-14T00:46:15.878066
10716,5,1.9394604198161292,2026-08-14T00:46:15.878066
10717,6,1430.2872966391294,2026-08-14T00:46:15.878066
10718,7,69.7205583746785,2026-08-14T00:46:15.878066
10719,8,100.70828224841395,2026-08-14T00:46:15.878066
10720,15,75.0812150259342,2026-08-14T00:46:15.878066
10721,1,73.0398140565867,2026-08-14T00:46:16.476075
10722,2,1.9341689223460492,2026-08-14T00:46:16.476075
10723,3,1511.1113463369675,2026-08-14T00:46:16.476075
10724,12,70.0576445871201,2026-08-14T00:46:16.476075
10725,13,2.048116655166847,2026-08-14T00:46:16.476075
10726,14,1558.6507256596763,2026-08-14T00:46:16.476075
10727,4,73.17262321184722,2026-08-14T00:46:17.897705
10728,5,2.141891301246972,2026-08-14T00:46:17.897705
10729,6,1646.5151327963583,2026-08-14T00:46:17.897705
10730,7,73.33213038921706,2026-08-14T00:46:17.897705
10731,8,96.85484881296384,2026-08-14T00:46:17.897705
10732,15,73.07251810499176,2026-08-14T00:46:17.897705
10733,1,72.65190804903423,2026-08-14T00:46:18.500977
10734,2,2.067513118308927,2026-08-14T00:46:18.500977
10735,3,1512.8594928968387,2026-08-14T00:46:18.500977
10736,12,65.10563904921983,2026-08-14T00:46:18.500977
10737,13,1.9813101758549703,2026-08-14T00:46:18.500977
10738,14,1490.314250145058,2026-08-14T00:46:18.500977
10739,4,64.8115885001411,2026-08-14T00:46:19.917700
10740,5,1.9410260805819928,2026-08-14T00:46:19.917700
10741,6,1437.8244935782966,2026-08-14T00:46:19.917700
10742,7,64.92601857962242,2026-08-14T00:46:19.917700
10743,8,104.39552194319684,2026-08-14T00:46:19.917700
10744,15,73.65094208238656,2026-08-14T00:46:19.917700
10745,1,65.19595336776518,2026-08-14T00:46:20.522224
10746,2,2.06485356251161,2026-08-14T00:46:20.522224
10747,3,1421.294216501247,2026-08-14T00:46:20.522224
10748,12,65.35522046321516,2026-08-14T00:46:20.522224
10749,13,1.9733713654688634,2026-08-14T00:46:20.522224
10750,14,1425.2766694024217,2026-08-14T00:46:20.522224
10751,4,68.0544111127389,2026-08-14T00:46:21.937225
10752,5,2.0092737737712096,2026-08-14T00:46:21.937225
10753,6,1558.0452196363321,2026-08-14T00:46:21.937225
10754,7,69.95279974673144,2026-08-14T00:46:21.937225
10755,8,101.8652179536225,2026-08-14T00:46:21.937225
10756,12,72.35389093928879,2026-08-14T00:46:21.937225
10757,13,1.8180792419660976,2026-08-14T00:46:21.937225
10758,14,1525.16503483753,2026-08-14T00:46:21.937225
10759,15,72.99875352259518,2026-08-14T00:46:21.937225
10760,1,70.14935557100077,2026-08-14T00:46:22.542044
10761,2,1.9604213694884185,2026-08-14T00:46:22.542044
10762,3,1382.6353972929273,2026-08-14T00:46:22.542044
10763,12,75.05215770663496,2026-08-14T00:46:22.542044
10764,13,1.8162316154118798,2026-08-14T00:46:22.542044
10765,14,1610.9099456547774,2026-08-14T00:46:22.542044
10766,4,68.88034191241393,2026-08-14T00:46:23.956277
10767,5,1.7729457815431964,2026-08-14T00:46:23.956277
10768,6,1494.0789145087674,2026-08-14T00:46:23.956277
10769,7,70.92634005425172,2026-08-14T00:46:23.956277
10770,8,98.18870084027554,2026-08-14T00:46:23.956277
10771,12,75.19966380666439,2026-08-14T00:46:23.956277
10772,13,2.0179252105672676,2026-08-14T00:46:23.956277
10773,14,1475.2897909727337,2026-08-14T00:46:23.956277
10774,15,66.54534872575358,2026-08-14T00:46:23.956277
10775,1,71.12827783976509,2026-08-14T00:46:24.562076
10776,2,1.9401955476698938,2026-08-14T00:46:24.562076
10777,3,1530.084547370675,2026-08-14T00:46:24.562076
10778,12,67.40430636496293,2026-08-14T00:46:24.562076
10779,13,1.9647820788525647,2026-08-14T00:46:24.562076
10780,14,1362.728722003882,2026-08-14T00:46:24.562076
10781,4,65.00834580731741,2026-08-14T00:46:25.975799
10782,5,1.9301755149222501,2026-08-14T00:46:25.975799
10783,6,1525.9003336395426,2026-08-14T00:46:25.975799
10784,7,73.22524547423056,2026-08-14T00:46:25.975799
10785,8,101.20662792519988,2026-08-14T00:46:25.975799
10786,9,64.14106180643994,2026-08-14T00:46:25.975799
10787,10,1.9632193818319,2026-08-14T00:46:25.975799
10788,11,1607.4064588881529,2026-08-14T00:46:25.975799
10789,12,71.59734475801203,2026-08-14T00:46:25.975799
10790,13,2.0122431362285753,2026-08-14T00:46:25.975799
10791,14,1473.8366157910693,2026-08-14T00:46:25.975799
10792,15,69.14297819399964,2026-08-14T00:46:25.975799
10793,1,68.73670655529163,2026-08-14T00:46:26.568562
10794,2,2.0448571557517554,2026-08-14T00:46:26.568562
10795,3,1494.146728100405,2026-08-14T00:46:26.568562
10796,12,74.08752095914949,2026-08-14T00:46:26.568562
10797,13,2.0144539744795047,2026-08-14T00:46:26.568562
10798,14,1404.5333663878282,2026-08-14T00:46:26.568562
10799,15,72.79508845696841,2026-08-14T00:46:26.568562
10800,4,69.2019545425164,2026-08-14T00:46:27.995088
10801,5,2.1442139301652414,2026-08-14T00:46:27.995088
10802,6,1517.927885001485,2026-08-14T00:46:27.995088
10803,7,71.14084542663802,2026-08-14T00:46:27.995088
10804,8,95.72774461452835,2026-08-14T00:46:27.995088
10805,9,69.64994691930173,2026-08-14T00:46:27.995088
10806,10,2.0153046570012023,2026-08-14T00:46:27.995088
10807,11,1570.911338075431,2026-08-14T00:46:27.995088
10808,12,72.41031789115664,2026-08-14T00:46:27.995088
10809,13,1.9910417937246263,2026-08-14T00:46:27.995088
10810,14,1501.6443037111378,2026-08-14T00:46:27.995088
10811,15,78.33875140034687,2026-08-14T00:46:27.995088
10812,1,64.87333820845734,2026-08-14T00:46:28.574457
10813,2,1.9791531509873952,2026-08-14T00:46:28.574457
10814,3,1499.8611205971747,2026-08-14T00:46:28.574457
10815,12,72.99173653384338,2026-08-14T00:46:28.574457
10816,13,2.0511246317408345,2026-08-14T00:46:28.574457
10817,14,1357.6512406098636,2026-08-14T00:46:28.574457
10818,15,71.51429958602138,2026-08-14T00:46:28.574457
10819,4,71.45939466586175,2026-08-14T00:46:30.014648
10820,5,2.022439797646946,2026-08-14T00:46:30.014648
10821,6,1519.6621474461267,2026-08-14T00:46:30.014648
10822,7,78.22212463350586,2026-08-14T00:46:30.014648
10823,8,97.5081883808065,2026-08-14T00:46:30.014648
10824,9,65.25080307227297,2026-08-14T00:46:30.014648
10825,10,2.0720806664440965,2026-08-14T00:46:30.014648
10826,11,1491.782148529485,2026-08-14T00:46:30.014648
10827,12,62.630258151110844,2026-08-14T00:46:30.014648
10828,13,2.147602415343155,2026-08-14T00:46:30.014648
10829,14,1510.2358752002106,2026-08-14T00:46:30.014648
10830,15,71.38601135345493,2026-08-14T00:46:30.014648
10831,1,72.52895586394119,2026-08-14T00:46:30.594162
10832,2,2.0697436560904365,2026-08-14T00:46:30.594162
10833,3,1651.6577942756594,2026-08-14T00:46:30.594162
10834,7,74.56209319647074,2026-08-14T00:46:30.594162
10835,8,96.37507718082865,2026-08-14T00:46:30.594162
10836,12,74.26176225672828,2026-08-14T00:46:30.594162
10837,13,2.1172906380192393,2026-08-14T00:46:30.594162
10838,14,1510.2899691654784,2026-08-14T00:46:30.594162
10839,15,69.89439631752559,2026-08-14T00:46:30.594162
10840,4,68.83924550378566,2026-08-14T00:46:32.034308
10841,5,1.9756123219119333,2026-08-14T00:46:32.034308
10842,6,1497.0620068826101,2026-08-14T00:46:32.034308
10843,7,75.26560893616971,2026-08-14T00:46:32.034308
10844,8,100.33789050569997,2026-08-14T00:46:32.034308
10845,9,75.68966072886943,2026-08-14T00:46:32.034308
10846,10,1.9912652522415801,2026-08-14T00:46:32.034308
10847,11,1402.8825625031748,2026-08-14T00:46:32.034308
10848,12,65.97556962698849,2026-08-14T00:46:32.034308
10849,13,1.9359551627059939,2026-08-14T00:46:32.034308
10850,14,1509.354848025667,2026-08-14T00:46:32.034308
10851,15,68.25645954697046,2026-08-14T00:46:32.034308
10852,1,70.73387267588474,2026-08-14T00:46:32.600422
10853,2,2.0624854102026746,2026-08-14T00:46:32.600422
10854,3,1495.1012083407104,2026-08-14T00:46:32.600422
10855,7,76.68273502434315,2026-08-14T00:46:32.600422
10856,8,101.74618172392351,2026-08-14T00:46:32.600422
10857,12,68.43178064991784,2026-08-14T00:46:32.600422
10858,13,2.20532949870207,2026-08-14T00:46:32.600422
10859,14,1458.0267657925428,2026-08-14T00:46:32.600422
10860,15,73.77146671142847,2026-08-14T00:46:32.600422
10861,4,69.75182895782298,2026-08-14T00:46:34.055146
10862,5,1.9422503375786087,2026-08-14T00:46:34.055146
10863,6,1503.7715496784965,2026-08-14T00:46:34.055146
10864,7,72.94913328403518,2026-08-14T00:46:34.055146
10865,8,97.83639410762923,2026-08-14T00:46:34.055146
10866,9,74.7835332019879,2026-08-14T00:46:34.055146
10867,10,2.047577623823947,2026-08-14T00:46:34.055146
10868,11,1474.18056606134,2026-08-14T00:46:34.055146
10869,12,70.0476031097028,2026-08-14T00:46:34.055146
10870,13,2.029871937607673,2026-08-14T00:46:34.055146
10871,14,1419.0936954544277,2026-08-14T00:46:34.055146
10872,15,64.98856360240597,2026-08-14T00:46:34.055146
10873,1,72.73260375744319,2026-08-14T00:46:34.624963
10874,2,2.056592314638764,2026-08-14T00:46:34.624963
10875,3,1416.847940992305,2026-08-14T00:46:34.624963
10876,7,71.69170274429749,2026-08-14T00:46:34.624963
10877,8,105.22117752531456,2026-08-14T00:46:34.624963
10878,12,75.26928451390332,2026-08-14T00:46:34.624963
10879,13,1.9425111243330353,2026-08-14T00:46:34.624963
10880,14,1573.5979301306459,2026-08-14T00:46:34.624963
10881,15,65.39674429137261,2026-08-14T00:46:34.624963
10882,4,72.77969214796303,2026-08-14T00:46:36.074508
10883,5,2.051523086461674,2026-08-14T00:46:36.074508
10884,6,1549.8236440987541,2026-08-14T00:46:36.074508
10885,7,67.25504041107679,2026-08-14T00:46:36.074508
10886,8,96.5292203039363,2026-08-14T00:46:36.074508
10887,9,69.95494633820451,2026-08-14T00:46:36.074508
10888,10,1.8564121804122093,2026-08-14T00:46:36.074508
10889,11,1336.7369616161166,2026-08-14T00:46:36.074508
10890,12,69.61462925365704,2026-08-14T00:46:36.074508
10891,13,2.046002412799716,2026-08-14T00:46:36.074508
10892,14,1558.2017520335978,2026-08-14T00:46:36.074508
10893,15,70.40262117472686,2026-08-14T00:46:36.074508
10894,1,65.0398256902809,2026-08-14T00:46:36.632283
10895,2,1.847706031796915,2026-08-14T00:46:36.632283
10896,3,1448.0337086586444,2026-08-14T00:46:36.632283
10897,7,65.98709319432248,2026-08-14T00:46:36.632283
10898,8,100.870789469568,2026-08-14T00:46:36.632283
10899,12,69.93913635271633,2026-08-14T00:46:36.632283
10900,13,1.8395397112442704,2026-08-14T00:46:36.632283
10901,14,1475.3484285188201,2026-08-14T00:46:36.632283
10902,15,68.99798641966548,2026-08-14T00:46:36.632283
10903,4,72.48762970267435,2026-08-14T00:46:38.079983
10904,5,1.936973585013056,2026-08-14T00:46:38.079983
10905,6,1603.3124509905435,2026-08-14T00:46:38.079983
10906,7,66.15893559618483,2026-08-14T00:46:38.079983
10907,8,105.08148370455585,2026-08-14T00:46:38.079983
10908,9,73.68176342869523,2026-08-14T00:46:38.079983
10909,10,1.8652662494637857,2026-08-14T00:46:38.079983
10910,11,1512.8813431999793,2026-08-14T00:46:38.079983
10911,12,69.28759280811701,2026-08-14T00:46:38.079983
10912,13,2.0175912252676036,2026-08-14T00:46:38.079983
10913,14,1544.492470463306,2026-08-14T00:46:38.079983
10914,15,70.79101257993568,2026-08-14T00:46:38.079983
10915,1,67.27547249175848,2026-08-14T00:46:38.656098
10916,2,1.9747813047921654,2026-08-14T00:46:38.656098
10917,3,1616.2525356031033,2026-08-14T00:46:38.656098
10918,4,70.46251988849342,2026-08-14T00:46:38.656098
10919,5,2.1004769529235108,2026-08-14T00:46:38.656098
10920,6,1434.7849214936043,2026-08-14T00:46:38.656098
10921,7,71.03046351090512,2026-08-14T00:46:38.656098
10922,8,96.42196081742333,2026-08-14T00:46:38.656098
10923,12,67.91715170900126,2026-08-14T00:46:38.656098
10924,13,1.8769215029000974,2026-08-14T00:46:38.656098
10925,14,1452.4830073807352,2026-08-14T00:46:38.656098
10926,15,69.4445806976736,2026-08-14T00:46:38.656098
10927,4,72.48452693098434,2026-08-14T00:46:40.100477
10928,5,1.8944251554717177,2026-08-14T00:46:40.100477
10929,6,1501.2043602031968,2026-08-14T00:46:40.100477
10930,7,69.88710189002654,2026-08-14T00:46:40.100477
10931,8,101.57827276508992,2026-08-14T00:46:40.100477
10932,9,66.96056573815324,2026-08-14T00:46:40.100477
10933,10,1.9075762581887732,2026-08-14T00:46:40.100477
10934,11,1421.641692954777,2026-08-14T00:46:40.100477
10935,12,69.24859728969915,2026-08-14T00:46:40.100477
10936,13,1.937867403829593,2026-08-14T00:46:40.100477
10937,14,1625.3187424111752,2026-08-14T00:46:40.100477
10938,15,77.18353940785863,2026-08-14T00:46:40.100477
10939,1,73.77509369937586,2026-08-14T00:46:40.662809
10940,2,2.1357166706756354,2026-08-14T00:46:40.662809
10941,3,1455.2961994736343,2026-08-14T00:46:40.662809
10942,4,64.41613414282138,2026-08-14T00:46:40.662809
10943,5,1.8947265894987628,2026-08-14T00:46:40.662809
10944,6,1472.3829210845126,2026-08-14T00:46:40.662809
10945,7,70.96226194290567,2026-08-14T00:46:40.662809
10946,8,103.12426370611145,2026-08-14T00:46:40.662809
10947,12,72.03330878341303,2026-08-14T00:46:40.662809
10948,13,1.9931178789027508,2026-08-14T00:46:40.662809
10949,14,1722.6864469591546,2026-08-14T00:46:40.662809
10950,15,69.0278464855057,2026-08-14T00:46:40.662809
10951,4,69.63121384685412,2026-08-14T00:46:42.106765
10952,5,1.9240043456913443,2026-08-14T00:46:42.106765
10953,6,1525.5211237645938,2026-08-14T00:46:42.106765
10954,7,73.99246516970467,2026-08-14T00:46:42.106765
10955,8,96.57499770102014,2026-08-14T00:46:42.106765
10956,9,66.12545840416219,2026-08-14T00:46:42.106765
10957,10,2.14979289285162,2026-08-14T00:46:42.106765
10958,11,1486.200167916872,2026-08-14T00:46:42.106765
10959,12,63.841797816099934,2026-08-14T00:46:42.106765
10960,13,1.764932017372638,2026-08-14T00:46:42.106765
10961,14,1446.45522658578,2026-08-14T00:46:42.106765
10962,15,68.84988520716628,2026-08-14T00:46:42.106765
10963,1,70.92649440851821,2026-08-14T00:46:42.676689
10964,2,1.9045828864798515,2026-08-14T00:46:42.676689
10965,3,1429.1955771363653,2026-08-14T00:46:42.676689
10966,4,73.36221115040534,2026-08-14T00:46:42.676689
10967,5,1.7915629685369558,2026-08-14T00:46:42.676689
10968,6,1452.5695322222336,2026-08-14T00:46:42.676689
10969,7,70.54390203134872,2026-08-14T00:46:42.676689
10970,8,105.19153018797188,2026-08-14T00:46:42.676689
10971,12,65.16577148328166,2026-08-14T00:46:42.676689
10972,13,1.9759891557241422,2026-08-14T00:46:42.676689
10973,14,1493.7668322964598,2026-08-14T00:46:42.676689
10974,15,65.45209182153485,2026-08-14T00:46:42.676689
10975,4,66.70703925795989,2026-08-14T00:46:44.112828
10976,5,2.17306718766877,2026-08-14T00:46:44.112828
10977,6,1510.590012658002,2026-08-14T00:46:44.112828
10978,7,70.89464762611574,2026-08-14T00:46:44.112828
10979,8,101.00183549171035,2026-08-14T00:46:44.112828
10980,9,67.70130847270042,2026-08-14T00:46:44.112828
10981,10,2.0320408657170166,2026-08-14T00:46:44.112828
10982,11,1492.0575410911854,2026-08-14T00:46:44.112828
10983,12,67.4025123823846,2026-08-14T00:46:44.112828
10984,13,1.983793276631807,2026-08-14T00:46:44.112828
10985,14,1402.3735257727333,2026-08-14T00:46:44.112828
10986,15,67.1009276184958,2026-08-14T00:46:44.112828
10987,1,70.67583041209204,2026-08-14T00:46:44.697457
10988,2,2.083466270942911,2026-08-14T00:46:44.697457
10989,3,1408.3224168778434,2026-08-14T00:46:44.697457
10990,4,67.83016464795615,2026-08-14T00:46:44.697457
10991,5,2.0111393807049587,2026-08-14T00:46:44.697457
10992,6,1447.3800954844016,2026-08-14T00:46:44.697457
10993,7,63.892980964090576,2026-08-14T00:46:44.697457
10994,8,95.72530770218306,2026-08-14T00:46:44.697457
10995,12,73.13031166590038,2026-08-14T00:46:44.697457
10996,13,2.088920739068898,2026-08-14T00:46:44.697457
10997,14,1407.4978507830515,2026-08-14T00:46:44.697457
10998,15,66.75920134565021,2026-08-14T00:46:44.697457
10999,4,60.57720910369625,2026-08-14T00:46:46.119936
11000,5,1.684134495480449,2026-08-14T00:46:46.119936
11001,6,1448.999773687848,2026-08-14T00:46:46.119936
11002,7,73.75647834645343,2026-08-14T00:46:46.119936
11003,8,114.21198910550675,2026-08-14T00:46:46.119936
11004,9,70.30679101981922,2026-08-14T00:46:46.119936
11005,10,2.1742179257467558,2026-08-14T00:46:46.119936
11006,11,1314.887652803334,2026-08-14T00:46:46.119936
11007,12,68.97627486451562,2026-08-14T00:46:46.119936
11008,13,1.9103413470551132,2026-08-14T00:46:46.119936
11009,14,1448.0706010302433,2026-08-14T00:46:46.119936
11010,15,71.42310217179214,2026-08-14T00:46:46.119936
11011,1,67.71008301449722,2026-08-14T00:46:46.704300
11012,2,2.2448334721420835,2026-08-14T00:46:46.704300
11013,3,1603.982432984168,2026-08-14T00:46:46.704300
11014,4,75.88436877276452,2026-08-14T00:46:46.704300
11015,5,1.9283678311426524,2026-08-14T00:46:46.704300
11016,6,1543.6336171616965,2026-08-14T00:46:46.704300
11017,7,72.03600395442028,2026-08-14T00:46:46.704300
11018,8,100.50332403763272,2026-08-14T00:46:46.704300
11019,12,69.50373073289155,2026-08-14T00:46:46.704300
11020,13,1.7616580624580087,2026-08-14T00:46:46.704300
11021,14,1592.458960726074,2026-08-14T00:46:46.704300
11022,15,65.86338672478794,2026-08-14T00:46:46.704300
11023,4,72.68262635834414,2026-08-14T00:46:48.140945
11024,5,2.0111375803892066,2026-08-14T00:46:48.140945
11025,6,1552.3452446823146,2026-08-14T00:46:48.140945
11026,7,71.53277121597122,2026-08-14T00:46:48.140945
11027,8,108.48250070484701,2026-08-14T00:46:48.140945
11028,9,71.35402850614626,2026-08-14T00:46:48.140945
11029,10,2.0130527134330474,2026-08-14T00:46:48.140945
11030,11,1643.0248915066045,2026-08-14T00:46:48.140945
11031,12,70.69638028042081,2026-08-14T00:46:48.140945
11032,13,1.960067839644016,2026-08-14T00:46:48.140945
11033,14,1469.1675237178442,2026-08-14T00:46:48.140945
11034,15,67.85693571440541,2026-08-14T00:46:48.140945
11035,1,67.03842974253475,2026-08-14T00:46:48.712054
11036,2,2.0897226428722417,2026-08-14T00:46:48.712054
11037,3,1647.0116940102248,2026-08-14T00:46:48.712054
11038,4,73.8672203556924,2026-08-14T00:46:48.712054
11039,5,2.0262764590666342,2026-08-14T00:46:48.712054
11040,6,1392.9953492963994,2026-08-14T00:46:48.712054
11041,7,64.80927301879427,2026-08-14T00:46:48.712054
11042,8,93.75248001268625,2026-08-14T00:46:48.712054
11043,12,70.18672034697455,2026-08-14T00:46:48.712054
11044,13,2.1875510109567378,2026-08-14T00:46:48.712054
11045,14,1437.5172799197296,2026-08-14T00:46:48.712054
11046,15,74.83306311213151,2026-08-14T00:46:48.712054
11047,4,66.68159261516165,2026-08-14T00:46:50.147933
11048,5,2.1140013077281985,2026-08-14T00:46:50.147933
11049,6,1538.9163329388946,2026-08-14T00:46:50.147933
11050,7,73.73062035428937,2026-08-14T00:46:50.147933
11051,8,101.57736652620751,2026-08-14T00:46:50.147933
11052,9,70.84927417808258,2026-08-14T00:46:50.147933
11053,10,1.908991353787754,2026-08-14T00:46:50.147933
11054,11,1486.371820174466,2026-08-14T00:46:50.147933
11055,12,72.23732363916808,2026-08-14T00:46:50.147933
11056,13,1.9459515222116426,2026-08-14T00:46:50.147933
11057,14,1521.2050413501818,2026-08-14T00:46:50.147933
11058,15,68.98326859025497,2026-08-14T00:46:50.147933
11059,1,68.29969541981363,2026-08-14T00:46:50.731866
11060,2,1.9491796851816385,2026-08-14T00:46:50.731866
11061,3,1404.3782136723485,2026-08-14T00:46:50.731866
11062,4,71.87625106030009,2026-08-14T00:46:50.731866
11063,5,2.0445571108133143,2026-08-14T00:46:50.731866
11064,6,1491.4152097165215,2026-08-14T00:46:50.731866
11065,7,66.27130705572468,2026-08-14T00:46:50.731866
11066,8,104.7148232581403,2026-08-14T00:46:50.731866
11067,12,72.2160360307297,2026-08-14T00:46:50.731866
11068,13,2.097534645132804,2026-08-14T00:46:50.731866
11069,14,1521.733467424507,2026-08-14T00:46:50.731866
11070,15,71.04516968681476,2026-08-14T00:46:50.731866
11071,4,73.71838109382448,2026-08-14T00:46:52.167938
11072,5,2.0668790579511427,2026-08-14T00:46:52.167938
11073,6,1477.2750521739267,2026-08-14T00:46:52.167938
11074,7,67.85904206854143,2026-08-14T00:46:52.167938
11075,8,101.19467872907983,2026-08-14T00:46:52.167938
11076,9,67.99259785601096,2026-08-14T00:46:52.167938
11077,10,2.0425568028314682,2026-08-14T00:46:52.167938
11078,11,1429.2960243365774,2026-08-14T00:46:52.167938
11079,12,70.57602225663993,2026-08-14T00:46:52.167938
11080,13,1.9046998397352297,2026-08-14T00:46:52.167938
11081,14,1500.1352616160107,2026-08-14T00:46:52.167938
11082,15,69.6962608831237,2026-08-14T00:46:52.167938
11083,1,65.58688145207105,2026-08-14T00:46:52.751194
11084,2,2.068271995992239,2026-08-14T00:46:52.751194
11085,3,1434.5712749287788,2026-08-14T00:46:52.751194
11086,4,74.22109978905564,2026-08-14T00:46:52.751194
11087,5,1.9241689433970226,2026-08-14T00:46:52.751194
11088,6,1514.266289142143,2026-08-14T00:46:52.751194
11089,7,63.71115100490152,2026-08-14T00:46:52.751194
11090,8,101.5498458797414,2026-08-14T00:46:52.751194
11091,12,67.1286587289944,2026-08-14T00:46:52.751194
11092,13,1.8752906543950125,2026-08-14T00:46:52.751194
11093,14,1457.2801310949467,2026-08-14T00:46:52.751194
11094,15,71.99043660904715,2026-08-14T00:46:52.751194
11095,4,71.05537496543221,2026-08-14T00:46:54.193595
11096,5,1.9438451424679217,2026-08-14T00:46:54.193595
11097,6,1327.7817886991384,2026-08-14T00:46:54.193595
11098,7,66.22593481972054,2026-08-14T00:46:54.193595
11099,8,97.95774759228144,2026-08-14T00:46:54.193595
11100,9,70.09387430446137,2026-08-14T00:46:54.193595
11101,10,1.8930466729809277,2026-08-14T00:46:54.193595
11102,11,1597.331372153078,2026-08-14T00:46:54.193595
11103,12,68.5038599450173,2026-08-14T00:46:54.193595
11104,13,1.9955737364238966,2026-08-14T00:46:54.193595
11105,14,1498.4316197168969,2026-08-14T00:46:54.193595
11106,15,64.14066970114216,2026-08-14T00:46:54.193595
11107,1,67.53101570547759,2026-08-14T00:46:54.771989
11108,2,1.9054579126745006,2026-08-14T00:46:54.771989
11109,3,1486.1408361956057,2026-08-14T00:46:54.771989
11110,4,68.75425076630816,2026-08-14T00:46:54.771989
11111,5,2.0377560553421006,2026-08-14T00:46:54.771989
11112,6,1365.0291538856304,2026-08-14T00:46:54.771989
11113,7,77.57041225273886,2026-08-14T00:46:54.771989
11114,8,105.50124116347224,2026-08-14T00:46:54.771989
11115,12,67.58195280804517,2026-08-14T00:46:54.771989
11116,13,1.9874785547298646,2026-08-14T00:46:54.771989
11117,14,1293.6524182671226,2026-08-14T00:46:54.771989
11118,15,71.80758475035694,2026-08-14T00:46:54.771989
11119,4,67.70632231465413,2026-08-14T00:46:56.214709
11120,5,1.9877224363437649,2026-08-14T00:46:56.214709
11121,6,1456.2961001673411,2026-08-14T00:46:56.214709
11122,7,78.10300769201854,2026-08-14T00:46:56.214709
11123,8,106.22294003387258,2026-08-14T00:46:56.214709
11124,9,66.88796046941133,2026-08-14T00:46:56.214709
11125,10,2.1243592854535267,2026-08-14T00:46:56.214709
11126,11,1634.2563279923725,2026-08-14T00:46:56.214709
11127,12,68.05405625282191,2026-08-14T00:46:56.214709
11128,13,1.8519264947413754,2026-08-14T00:46:56.214709
11129,14,1533.0451456167807,2026-08-14T00:46:56.214709
11130,15,65.39787652968435,2026-08-14T00:46:56.214709
11131,1,70.04284543202859,2026-08-14T00:46:56.791711
11132,2,2.086323783284591,2026-08-14T00:46:56.791711
11133,3,1578.0515077780035,2026-08-14T00:46:56.791711
11134,4,75.81942991409345,2026-08-14T00:46:56.791711
11135,5,2.021950116795228,2026-08-14T00:46:56.791711
11136,6,1477.033643720059,2026-08-14T00:46:56.791711
11137,7,72.2960607498464,2026-08-14T00:46:56.791711
11138,8,86.59737255945774,2026-08-14T00:46:56.791711
11139,12,70.60741314261801,2026-08-14T00:46:56.791711
11140,13,1.989025463145679,2026-08-14T00:46:56.791711
11141,14,1656.2271661956077,2026-08-14T00:46:56.791711
11142,15,69.52938382223792,2026-08-14T00:46:56.791711
11143,4,67.08252412042445,2026-08-14T00:46:58.234196
11144,5,2.093498637697883,2026-08-14T00:46:58.234196
11145,6,1472.751670827369,2026-08-14T00:46:58.234196
11146,7,72.86170935136037,2026-08-14T00:46:58.234196
11147,8,105.6076664433379,2026-08-14T00:46:58.234196
11148,9,69.51724857409855,2026-08-14T00:46:58.234196
11149,10,1.9417152190722635,2026-08-14T00:46:58.234196
11150,11,1538.3144703622183,2026-08-14T00:46:58.234196
11151,12,73.34513818492609,2026-08-14T00:46:58.234196
11152,13,1.9876465389724443,2026-08-14T00:46:58.234196
11153,14,1487.4048351324557,2026-08-14T00:46:58.234196
11154,15,67.05183187394258,2026-08-14T00:46:58.234196
11155,1,69.58196482564841,2026-08-14T00:46:58.821077
11156,2,2.0981279997044675,2026-08-14T00:46:58.821077
11157,3,1410.7605989940844,2026-08-14T00:46:58.821077
11158,4,70.13443824735839,2026-08-14T00:46:58.821077
11159,5,1.8925508794999333,2026-08-14T00:46:58.821077
11160,6,1597.6677830374801,2026-08-14T00:46:58.821077
11161,7,76.76873744454366,2026-08-14T00:46:58.821077
11162,8,100.19681366993771,2026-08-14T00:46:58.821077
11163,9,73.3119009433685,2026-08-14T00:46:58.821077
11164,10,2.111656339885627,2026-08-14T00:46:58.821077
11165,11,1530.0189527527948,2026-08-14T00:46:58.821077
11166,12,69.25438076265753,2026-08-14T00:46:58.821077
11167,13,1.8606629349663428,2026-08-14T00:46:58.821077
11168,14,1377.1344676505041,2026-08-14T00:46:58.821077
11169,15,71.93359860011529,2026-08-14T00:46:58.821077
11170,4,66.60553579527209,2026-08-14T00:47:00.255906
11171,5,1.9772071263375979,2026-08-14T00:47:00.255906
11172,6,1577.739172600992,2026-08-14T00:47:00.255906
11173,9,77.64612316755378,2026-08-14T00:47:00.255906
11174,10,2.1142786745948032,2026-08-14T00:47:00.255906
11175,11,1574.5415324685675,2026-08-14T00:47:00.255906
11176,12,70.94025564424138,2026-08-14T00:47:00.255906
11177,13,2.0928778028694346,2026-08-14T00:47:00.255906
11178,14,1608.346072801577,2026-08-14T00:47:00.255906
11179,15,70.45216106864358,2026-08-14T00:47:00.255906
11180,1,68.4568838762624,2026-08-14T00:47:00.840690
11181,2,1.9840578189648421,2026-08-14T00:47:00.840690
11182,3,1538.2206075252711,2026-08-14T00:47:00.840690
11183,4,69.02497145003542,2026-08-14T00:47:00.840690
11184,5,2.0424777696508465,2026-08-14T00:47:00.840690
11185,6,1452.3994693543339,2026-08-14T00:47:00.840690
11186,7,70.62673473273226,2026-08-14T00:47:00.840690
11187,8,100.14047005437958,2026-08-14T00:47:00.840690
11188,9,68.69755894700707,2026-08-14T00:47:00.840690
11189,10,2.0195749829542766,2026-08-14T00:47:00.840690
11190,11,1533.694831963481,2026-08-14T00:47:00.840690
11191,12,71.38820549381292,2026-08-14T00:47:00.840690
11192,13,2.063327611092134,2026-08-14T00:47:00.840690
11193,14,1553.1278282885903,2026-08-14T00:47:00.840690
11194,15,71.41062788725597,2026-08-14T00:47:00.840690
11195,4,67.41732450246069,2026-08-14T00:47:02.274820
11196,5,2.061458563447876,2026-08-14T00:47:02.274820
11197,6,1523.340295716062,2026-08-14T00:47:02.274820
11198,9,70.19977383948373,2026-08-14T00:47:02.274820
11199,10,1.8095227174228425,2026-08-14T00:47:02.274820
11200,11,1496.8648017197693,2026-08-14T00:47:02.274820
11201,12,76.99594113051633,2026-08-14T00:47:02.274820
11202,13,1.9949752959497835,2026-08-14T00:47:02.274820
11203,14,1488.1111348966,2026-08-14T00:47:02.274820
11204,1,64.61420033404846,2026-08-14T00:47:02.878136
11205,2,1.975383528996295,2026-08-14T00:47:02.878136
11206,3,1432.6294912345543,2026-08-14T00:47:02.878136
11207,4,66.9242838864826,2026-08-14T00:47:02.878136
11208,5,1.8749652982746448,2026-08-14T00:47:02.878136
11209,6,1519.6517077820922,2026-08-14T00:47:02.878136
11210,7,67.8556987079589,2026-08-14T00:47:02.878136
11211,8,91.5852965294235,2026-08-14T00:47:02.878136
11212,9,71.75673413029207,2026-08-14T00:47:02.878136
11213,10,2.0428984641109067,2026-08-14T00:47:02.878136
11214,11,1463.9984701952005,2026-08-14T00:47:02.878136
11215,12,71.16720294116672,2026-08-14T00:47:02.878136
11216,13,2.001439350557184,2026-08-14T00:47:02.878136
11217,14,1356.7010321974628,2026-08-14T00:47:02.878136
11218,15,74.03210769590952,2026-08-14T00:47:02.878136
11219,4,69.2584402155233,2026-08-14T00:47:04.293926
11220,5,1.997631616390681,2026-08-14T00:47:04.293926
11221,6,1460.2397033223288,2026-08-14T00:47:04.293926
11222,9,69.84834430083895,2026-08-14T00:47:04.293926
11223,10,1.8901659173265775,2026-08-14T00:47:04.293926
11224,11,1448.4358414542448,2026-08-14T00:47:04.293926
11225,12,74.47275321761781,2026-08-14T00:47:04.293926
11226,13,1.9295039738598818,2026-08-14T00:47:04.293926
11227,14,1493.2045724629434,2026-08-14T00:47:04.293926
11228,1,74.07521260357261,2026-08-14T00:47:04.899413
11229,2,1.976133714983362,2026-08-14T00:47:04.899413
11230,3,1412.461058385195,2026-08-14T00:47:04.899413
11231,4,74.73136487137828,2026-08-14T00:47:04.899413
11232,5,2.0316195234203565,2026-08-14T00:47:04.899413
11233,6,1536.4188644933156,2026-08-14T00:47:04.899413
11234,7,67.45515050491733,2026-08-14T00:47:04.899413
11235,8,98.66770994993124,2026-08-14T00:47:04.899413
11236,9,67.20032024746902,2026-08-14T00:47:04.899413
11237,10,1.9971943275456896,2026-08-14T00:47:04.899413
11238,11,1496.7117131094476,2026-08-14T00:47:04.899413
11239,12,67.41792422119224,2026-08-14T00:47:04.899413
11240,13,1.9306852586824494,2026-08-14T00:47:04.899413
11241,14,1445.1823800006566,2026-08-14T00:47:04.899413
11242,15,70.12257579138662,2026-08-14T00:47:04.899413
11243,4,70.24108861286716,2026-08-14T00:47:06.314476
11244,5,1.968527080529702,2026-08-14T00:47:06.314476
11245,6,1440.3105516212827,2026-08-14T00:47:06.314476
11246,9,70.22407684904867,2026-08-14T00:47:06.314476
11247,10,2.034124385729813,2026-08-14T00:47:06.314476
11248,11,1402.114761141121,2026-08-14T00:47:06.314476
11249,12,75.15032267389097,2026-08-14T00:47:06.314476
11250,13,2.0261512526194303,2026-08-14T00:47:06.314476
11251,14,1485.0406862059847,2026-08-14T00:47:06.314476
11252,15,69.86547461210054,2026-08-14T00:47:06.314476
11253,1,69.06762373105526,2026-08-14T00:47:06.918664
11254,2,1.8082933712271478,2026-08-14T00:47:06.918664
11255,3,1439.0603837582862,2026-08-14T00:47:06.918664
11256,4,67.62219436187021,2026-08-14T00:47:06.918664
11257,5,2.050719426291261,2026-08-14T00:47:06.918664
11258,6,1513.7223716907831,2026-08-14T00:47:06.918664
11259,7,71.51307471407951,2026-08-14T00:47:06.918664
11260,8,96.82564620360006,2026-08-14T00:47:06.918664
11261,9,67.60617777631033,2026-08-14T00:47:06.918664
11262,10,2.0910191068802577,2026-08-14T00:47:06.918664
11263,11,1476.1722944039554,2026-08-14T00:47:06.918664
11264,12,69.27192753139632,2026-08-14T00:47:06.918664
11265,13,1.9456079371163155,2026-08-14T00:47:06.918664
11266,14,1514.3401237446324,2026-08-14T00:47:06.918664
11267,15,68.1783652776108,2026-08-14T00:47:06.918664
11268,4,69.51959204799,2026-08-14T00:47:08.353824
11269,5,1.99263459799886,2026-08-14T00:47:08.353824
11270,6,1520.4912461880324,2026-08-14T00:47:08.353824
11271,9,70.4816420372511,2026-08-14T00:47:08.353824
11272,10,2.015828615668612,2026-08-14T00:47:08.353824
11273,11,1669.5881638594517,2026-08-14T00:47:08.353824
11274,12,71.97276534374909,2026-08-14T00:47:08.353824
11275,13,2.038905791830943,2026-08-14T00:47:08.353824
11276,14,1548.6867668960758,2026-08-14T00:47:08.353824
11277,15,62.546507233364146,2026-08-14T00:47:08.353824
11278,4,64.17805476758575,2026-08-14T00:47:08.939722
11279,5,1.8628731387327682,2026-08-14T00:47:08.939722
11280,6,1411.46097178834,2026-08-14T00:47:08.939722
11281,7,67.89012172910103,2026-08-14T00:47:08.939722
11282,8,98.89667767951983,2026-08-14T00:47:08.939722
11283,9,68.71613033042092,2026-08-14T00:47:08.939722
11284,10,1.9512160040793707,2026-08-14T00:47:08.939722
11285,11,1514.2617265964861,2026-08-14T00:47:08.939722
11286,12,65.78339723265344,2026-08-14T00:47:08.939722
11287,13,1.9117456324171849,2026-08-14T00:47:08.939722
11288,14,1548.2285406257472,2026-08-14T00:47:08.939722
11289,15,71.14267214183268,2026-08-14T00:47:08.939722
11290,4,60.30075968444607,2026-08-14T00:47:10.374208
11291,5,1.9074669223895087,2026-08-14T00:47:10.374208
11292,6,1480.6079554238856,2026-08-14T00:47:10.374208
11293,9,68.45057336231665,2026-08-14T00:47:10.374208
11294,10,2.200749605943221,2026-08-14T00:47:10.374208
11295,11,1482.4275397112806,2026-08-14T00:47:10.374208
11296,12,70.82456962935998,2026-08-14T00:47:10.374208
11297,13,1.967705707301975,2026-08-14T00:47:10.374208
11298,14,1476.5971566994867,2026-08-14T00:47:10.374208
11299,15,69.83653218740932,2026-08-14T00:47:10.374208
11300,4,76.55881385503096,2026-08-14T00:47:10.959904
11301,5,2.2319002004124076,2026-08-14T00:47:10.959904
11302,6,1550.7521330895481,2026-08-14T00:47:10.959904
11303,7,74.41180910418215,2026-08-14T00:47:10.959904
11304,8,104.16958467026141,2026-08-14T00:47:10.959904
11305,9,69.73074507908868,2026-08-14T00:47:10.959904
11306,10,1.996796055081649,2026-08-14T00:47:10.959904
11307,11,1436.3181616727513,2026-08-14T00:47:10.959904
11308,12,67.3034790223365,2026-08-14T00:47:10.959904
11309,13,2.0530839692604386,2026-08-14T00:47:10.959904
11310,14,1449.2714275514095,2026-08-14T00:47:10.959904
11311,15,65.77480483304687,2026-08-14T00:47:10.959904
11312,4,64.35072906310621,2026-08-14T00:47:12.395926
11313,5,1.8268280238569923,2026-08-14T00:47:12.395926
11314,6,1584.9134314150822,2026-08-14T00:47:12.395926
11315,7,70.11956993648357,2026-08-14T00:47:12.395926
11316,8,96.94311080701839,2026-08-14T00:47:12.395926
11317,9,68.35780530805707,2026-08-14T00:47:12.395926
11318,10,1.8904060854642857,2026-08-14T00:47:12.395926
11319,11,1472.7783700284958,2026-08-14T00:47:12.395926
11320,12,70.85256446461356,2026-08-14T00:47:12.395926
11321,13,2.00504724122279,2026-08-14T00:47:12.395926
11322,14,1458.221008364226,2026-08-14T00:47:12.395926
11323,15,64.65319252988229,2026-08-14T00:47:12.395926
11324,4,68.47384320777226,2026-08-14T00:47:12.981033
11325,5,2.1296552959841297,2026-08-14T00:47:12.981033
11326,6,1458.6690476159306,2026-08-14T00:47:12.981033
11327,7,71.43270258505397,2026-08-14T00:47:12.981033
11328,8,107.63156976249664,2026-08-14T00:47:12.981033
11329,9,75.52041917938172,2026-08-14T00:47:12.981033
11330,10,1.9766564953951284,2026-08-14T00:47:12.981033
11331,11,1544.195952824108,2026-08-14T00:47:12.981033
11332,12,72.83106033475804,2026-08-14T00:47:12.981033
11333,13,2.0791622066711577,2026-08-14T00:47:12.981033
11334,14,1467.6587777495536,2026-08-14T00:47:12.981033
11335,15,78.5065517770374,2026-08-14T00:47:12.981033
11336,4,68.77718195148314,2026-08-14T00:47:14.415795
11337,5,1.970117546636405,2026-08-14T00:47:14.415795
11338,6,1599.5588822450359,2026-08-14T00:47:14.415795
11339,7,68.67312808053444,2026-08-14T00:47:14.415795
11340,8,109.57011144907521,2026-08-14T00:47:14.415795
11341,9,72.08162027479534,2026-08-14T00:47:14.415795
11342,10,1.8644622657393493,2026-08-14T00:47:14.415795
11343,11,1427.778222014463,2026-08-14T00:47:14.415795
11344,12,71.17272815023418,2026-08-14T00:47:14.415795
11345,13,1.936695454756752,2026-08-14T00:47:14.415795
11346,14,1500.8003101560012,2026-08-14T00:47:14.415795
11347,15,70.49069763155283,2026-08-14T00:47:14.415795
11348,4,75.77632057245626,2026-08-14T00:47:15.001006
11349,5,2.0623822335499122,2026-08-14T00:47:15.001006
11350,6,1597.6064526101616,2026-08-14T00:47:15.001006
11351,7,70.20358285959766,2026-08-14T00:47:15.001006
11352,8,102.06676585774478,2026-08-14T00:47:15.001006
11353,9,67.3626677194041,2026-08-14T00:47:15.001006
11354,10,2.1358798564865045,2026-08-14T00:47:15.001006
11355,11,1395.3705049916691,2026-08-14T00:47:15.001006
11356,12,72.08246739008393,2026-08-14T00:47:15.001006
11357,13,1.861702681888684,2026-08-14T00:47:15.001006
11358,14,1503.57840928223,2026-08-14T00:47:15.001006
11359,15,71.34395262141385,2026-08-14T00:47:15.001006
11360,4,72.26115664795275,2026-08-14T00:47:16.423648
11361,5,1.8566319828066231,2026-08-14T00:47:16.423648
11362,6,1374.0259774996625,2026-08-14T00:47:16.423648
11363,7,71.14966646159989,2026-08-14T00:47:16.423648
11364,8,101.19133877387091,2026-08-14T00:47:16.423648
11365,9,71.26841934850493,2026-08-14T00:47:16.423648
11366,10,1.9099133485373248,2026-08-14T00:47:16.423648
11367,11,1580.8822202009487,2026-08-14T00:47:16.423648
11368,12,66.88279320251411,2026-08-14T00:47:16.423648
11369,13,1.8367831062640652,2026-08-14T00:47:16.423648
11370,14,1496.6376860786436,2026-08-14T00:47:16.423648
11371,15,64.92895518981851,2026-08-14T00:47:16.423648
11372,4,70.30802101592812,2026-08-14T00:47:17.019887
11373,5,1.9946587655906876,2026-08-14T00:47:17.019887
11374,6,1406.4190298311273,2026-08-14T00:47:17.019887
11375,7,70.04496008401473,2026-08-14T00:47:17.019887
11376,8,100.03885239993417,2026-08-14T00:47:17.019887
11377,9,79.22020374553689,2026-08-14T00:47:17.019887
11378,10,1.9783780458116869,2026-08-14T00:47:17.019887
11379,11,1450.4480240657513,2026-08-14T00:47:17.019887
11380,12,62.24587188208455,2026-08-14T00:47:17.019887
11381,13,1.893521793818101,2026-08-14T00:47:17.019887
11382,14,1628.1348260425648,2026-08-14T00:47:17.019887
11383,15,71.91332849581076,2026-08-14T00:47:17.019887
11384,4,67.98264945267863,2026-08-14T00:47:18.443209
11385,5,1.8941484693149264,2026-08-14T00:47:18.443209
11386,6,1519.8258852544786,2026-08-14T00:47:18.443209
11387,7,64.69695296521286,2026-08-14T00:47:18.443209
11388,8,98.34910745623579,2026-08-14T00:47:18.443209
11389,9,71.48869127830335,2026-08-14T00:47:18.443209
11390,10,1.9627527208782893,2026-08-14T00:47:18.443209
11391,11,1589.9534163249566,2026-08-14T00:47:18.443209
11392,12,68.55734673344224,2026-08-14T00:47:18.443209
11393,13,1.9274783095252177,2026-08-14T00:47:18.443209
11394,14,1344.0138059172355,2026-08-14T00:47:18.443209
11395,15,74.40454707826827,2026-08-14T00:47:18.443209
11396,4,69.51398608417261,2026-08-14T00:47:19.039669
11397,5,1.974911277708618,2026-08-14T00:47:19.039669
11398,6,1450.8731613400848,2026-08-14T00:47:19.039669
11399,7,71.37003931348642,2026-08-14T00:47:19.039669
11400,8,112.43500724905957,2026-08-14T00:47:19.039669
11401,9,77.54933411815031,2026-08-14T00:47:19.039669
11402,10,1.8649857895179032,2026-08-14T00:47:19.039669
11403,11,1400.519684440248,2026-08-14T00:47:19.039669
11404,12,66.583762671539,2026-08-14T00:47:19.039669
11405,13,2.086360833177096,2026-08-14T00:47:19.039669
11406,14,1449.0961017354855,2026-08-14T00:47:19.039669
11407,15,70.24707266082112,2026-08-14T00:47:19.039669
11408,4,65.02492677039207,2026-08-14T00:47:20.463908
11409,5,1.874298576575867,2026-08-14T00:47:20.463908
11410,6,1541.8844418671079,2026-08-14T00:47:20.463908
11411,7,68.5586737283295,2026-08-14T00:47:20.463908
11412,8,93.00512877055672,2026-08-14T00:47:20.463908
11413,9,64.88344915941208,2026-08-14T00:47:20.463908
11414,10,1.895885828913276,2026-08-14T00:47:20.463908
11415,11,1605.6808690664957,2026-08-14T00:47:20.463908
11416,12,66.90261264796025,2026-08-14T00:47:20.463908
11417,13,1.9781315007407747,2026-08-14T00:47:20.463908
11418,14,1647.2172381690618,2026-08-14T00:47:20.463908
11419,15,71.81527731735672,2026-08-14T00:47:20.463908
11420,4,68.9555996960035,2026-08-14T00:47:21.059064
11421,5,1.8385914817148064,2026-08-14T00:47:21.059064
11422,6,1663.6777115772582,2026-08-14T00:47:21.059064
11423,7,69.18486910188429,2026-08-14T00:47:21.059064
11424,8,101.00770147863342,2026-08-14T00:47:21.059064
11425,9,71.26885010832585,2026-08-14T00:47:21.059064
11426,10,2.0338883240108476,2026-08-14T00:47:21.059064
11427,11,1557.2284843339448,2026-08-14T00:47:21.059064
11428,12,65.73136623876994,2026-08-14T00:47:21.059064
11429,13,2.0163557749078205,2026-08-14T00:47:21.059064
11430,14,1531.6163304180059,2026-08-14T00:47:21.059064
11431,15,67.91760656431819,2026-08-14T00:47:21.059064
11432,4,68.84878433936905,2026-08-14T00:47:22.482762
11433,5,2.0637771364980004,2026-08-14T00:47:22.482762
11434,6,1616.099942271366,2026-08-14T00:47:22.482762
11435,7,63.84515624928751,2026-08-14T00:47:22.482762
11436,8,94.13826001961826,2026-08-14T00:47:22.482762
11437,9,67.75070477195283,2026-08-14T00:47:22.482762
11438,10,2.2062147656572217,2026-08-14T00:47:22.482762
11439,11,1485.2637186448815,2026-08-14T00:47:22.482762
11440,12,67.07958765328837,2026-08-14T00:47:22.482762
11441,13,2.120032709437187,2026-08-14T00:47:22.482762
11442,14,1546.467763601376,2026-08-14T00:47:22.482762
11443,15,67.23687813057755,2026-08-14T00:47:22.482762
11444,4,65.79473754407094,2026-08-14T00:47:23.066052
11445,5,2.0019381725361147,2026-08-14T00:47:23.066052
11446,6,1558.3570507082156,2026-08-14T00:47:23.066052
11447,7,67.93706814026565,2026-08-14T00:47:23.066052
11448,8,102.5951320463043,2026-08-14T00:47:23.066052
11449,9,73.64852599645715,2026-08-14T00:47:23.066052
11450,10,2.074960047792687,2026-08-14T00:47:23.066052
11451,11,1436.1520790050247,2026-08-14T00:47:23.066052
11452,12,67.42169128986072,2026-08-14T00:47:23.066052
11453,13,1.9121889856540266,2026-08-14T00:47:23.066052
11454,14,1481.9350359339685,2026-08-14T00:47:23.066052
11455,15,74.66196889181461,2026-08-14T00:47:23.066052
11456,4,64.66669848549071,2026-08-14T00:47:24.501350
11457,5,2.0773695405136627,2026-08-14T00:47:24.501350
11458,6,1470.003205834314,2026-08-14T00:47:24.501350
11459,7,65.86291890080409,2026-08-14T00:47:24.501350
11460,8,97.73415788143214,2026-08-14T00:47:24.501350
11461,9,70.59300288744429,2026-08-14T00:47:24.501350
11462,10,1.9398145187255562,2026-08-14T00:47:24.501350
11463,11,1481.1192351220088,2026-08-14T00:47:24.501350
11464,12,69.76223162813653,2026-08-14T00:47:24.501350
11465,13,1.8565774201660636,2026-08-14T00:47:24.501350
11466,14,1361.7446278994755,2026-08-14T00:47:24.501350
11467,15,71.75675689078523,2026-08-14T00:47:24.501350
11468,4,74.41409540811831,2026-08-14T00:47:25.084822
11469,5,2.1260764153409517,2026-08-14T00:47:25.084822
11470,6,1565.250389893812,2026-08-14T00:47:25.084822
11471,7,73.544233302975,2026-08-14T00:47:25.084822
11472,8,104.53182112903791,2026-08-14T00:47:25.084822
11473,9,72.84874272400208,2026-08-14T00:47:25.084822
11474,10,2.0961863659780025,2026-08-14T00:47:25.084822
11475,11,1503.9132469206425,2026-08-14T00:47:25.084822
11476,12,74.30986506218494,2026-08-14T00:47:25.084822
11477,13,1.8733919873602332,2026-08-14T00:47:25.084822
11478,14,1449.829305801764,2026-08-14T00:47:25.084822
11479,15,65.43942436366802,2026-08-14T00:47:25.084822
11480,4,68.56280653991459,2026-08-14T00:47:26.520807
11481,5,1.9309962635977205,2026-08-14T00:47:26.520807
11482,6,1445.8215081604094,2026-08-14T00:47:26.520807
11483,7,67.68321583603405,2026-08-14T00:47:26.520807
11484,8,110.96228748326348,2026-08-14T00:47:26.520807
11485,9,70.41777067086312,2026-08-14T00:47:26.520807
11486,10,1.930792145016669,2026-08-14T00:47:26.520807
11487,11,1438.3501355811084,2026-08-14T00:47:26.520807
11488,12,70.7795318113626,2026-08-14T00:47:26.520807
11489,13,2.0365786615407377,2026-08-14T00:47:26.520807
11490,14,1513.9873556969958,2026-08-14T00:47:26.520807
11491,15,63.0647078357485,2026-08-14T00:47:26.520807
11492,4,71.08820098561384,2026-08-14T00:47:27.092103
11493,5,1.9362861127416435,2026-08-14T00:47:27.092103
11494,6,1568.2322094319366,2026-08-14T00:47:27.092103
11495,7,70.98705863451535,2026-08-14T00:47:27.092103
11496,8,107.8582334441213,2026-08-14T00:47:27.092103
11497,9,72.6039605915629,2026-08-14T00:47:27.092103
11498,10,1.981092939023346,2026-08-14T00:47:27.092103
11499,11,1550.4718924801912,2026-08-14T00:47:27.092103
11500,12,69.39839371492938,2026-08-14T00:47:27.092103
11501,13,2.080934633613221,2026-08-14T00:47:27.092103
11502,14,1572.013236972518,2026-08-14T00:47:27.092103
11503,15,73.38073464445382,2026-08-14T00:47:27.092103
11504,7,73.52431024439369,2026-08-14T00:47:28.527604
11505,8,94.01210688951564,2026-08-14T00:47:28.527604
11506,9,69.11327718932024,2026-08-14T00:47:28.527604
11507,10,2.0574019327910755,2026-08-14T00:47:28.527604
11508,11,1517.182697698401,2026-08-14T00:47:28.527604
11509,15,67.27464027133936,2026-08-14T00:47:28.527604
11510,4,74.5938019489909,2026-08-14T00:47:29.111704
11511,5,1.9125569868652277,2026-08-14T00:47:29.111704
11512,6,1595.0866169573762,2026-08-14T00:47:29.111704
11513,7,72.45830425566342,2026-08-14T00:47:29.111704
11514,8,95.19744526681613,2026-08-14T00:47:29.111704
11515,9,75.23606803352992,2026-08-14T00:47:29.111704
11516,10,2.124152389707129,2026-08-14T00:47:29.111704
11517,11,1626.5625359593519,2026-08-14T00:47:29.111704
11518,12,69.07259525100757,2026-08-14T00:47:29.111704
11519,13,2.0439158439717575,2026-08-14T00:47:29.111704
11520,14,1509.0356963960808,2026-08-14T00:47:29.111704
11521,15,69.92300060816594,2026-08-14T00:47:29.111704
11522,7,71.0939845382125,2026-08-14T00:47:30.547504
11523,8,102.89694354636684,2026-08-14T00:47:30.547504
11524,9,76.9808972335211,2026-08-14T00:47:30.547504
11525,10,2.070622204940284,2026-08-14T00:47:30.547504
11526,11,1448.4453205886143,2026-08-14T00:47:30.547504
11527,15,64.41312792892835,2026-08-14T00:47:30.547504
11528,4,77.24659339077179,2026-08-14T00:47:31.118617
11529,5,2.0204937938073737,2026-08-14T00:47:31.118617
11530,6,1408.9009626608724,2026-08-14T00:47:31.118617
11531,7,70.39949208745381,2026-08-14T00:47:31.118617
11532,8,104.00495334660619,2026-08-14T00:47:31.118617
11533,9,72.47376703287912,2026-08-14T00:47:31.118617
11534,10,2.020629613542489,2026-08-14T00:47:31.118617
11535,11,1621.4079439686554,2026-08-14T00:47:31.118617
11536,15,72.00080238323316,2026-08-14T00:47:31.118617
11537,7,67.22507128006566,2026-08-14T00:47:32.553532
11538,8,92.41164338632278,2026-08-14T00:47:32.553532
11539,9,72.96943258253448,2026-08-14T00:47:32.553532
11540,10,1.9874086971655027,2026-08-14T00:47:32.553532
11541,11,1466.7156630493328,2026-08-14T00:47:32.553532
11542,15,75.50895923914423,2026-08-14T00:47:32.553532
11543,4,68.68879462121012,2026-08-14T00:47:33.139204
11544,5,2.0006646776829617,2026-08-14T00:47:33.139204
11545,6,1608.5733608432586,2026-08-14T00:47:33.139204
11546,7,72.71715780958414,2026-08-14T00:47:33.139204
11547,8,103.06893077497284,2026-08-14T00:47:33.139204
11548,9,65.96889142848634,2026-08-14T00:47:33.139204
11549,10,2.1281697924730754,2026-08-14T00:47:33.139204
11550,11,1527.7443934917574,2026-08-14T00:47:33.139204
11551,15,71.25369779200874,2026-08-14T00:47:33.139204
11552,7,69.87176467338283,2026-08-14T00:47:34.573880
11553,8,102.76824038047376,2026-08-14T00:47:34.573880
11554,9,65.81270467609616,2026-08-14T00:47:34.573880
11555,10,2.160944992744867,2026-08-14T00:47:34.573880
11556,11,1418.5844372261733,2026-08-14T00:47:34.573880
11557,15,73.13852151951527,2026-08-14T00:47:34.573880
11558,4,77.13530085004658,2026-08-14T00:47:35.161872
11559,5,2.170374376356446,2026-08-14T00:47:35.161872
11560,6,1618.1179988649599,2026-08-14T00:47:35.161872
11561,7,72.46326879335221,2026-08-14T00:47:35.161872
11562,8,101.05240602643622,2026-08-14T00:47:35.161872
11563,9,71.93197773555032,2026-08-14T00:47:35.161872
11564,10,1.8903418632687439,2026-08-14T00:47:35.161872
11565,11,1611.860629703269,2026-08-14T00:47:35.161872
11566,15,65.27780033921897,2026-08-14T00:47:35.161872
11567,4,70.02024343473659,2026-08-14T00:47:36.580395
11568,5,2.01830470410386,2026-08-14T00:47:36.580395
11569,6,1454.2440621310727,2026-08-14T00:47:36.580395
11570,7,69.41196527592547,2026-08-14T00:47:36.580395
11571,8,99.41768749487919,2026-08-14T00:47:36.580395
11572,9,70.96566484617192,2026-08-14T00:47:36.580395
11573,10,2.0313849842767095,2026-08-14T00:47:36.580395
11574,11,1456.1553914988522,2026-08-14T00:47:36.580395
11575,15,63.67916348166188,2026-08-14T00:47:36.580395
11576,4,70.08896171667483,2026-08-14T00:47:37.184139
11577,5,1.940113011003116,2026-08-14T00:47:37.184139
11578,6,1469.6243104305386,2026-08-14T00:47:37.184139
11579,7,72.22048594788339,2026-08-14T00:47:37.184139
11580,8,95.99529156536961,2026-08-14T00:47:37.184139
11581,9,73.09235867948183,2026-08-14T00:47:37.184139
11582,10,2.1311966877240245,2026-08-14T00:47:37.184139
11583,11,1554.687606706744,2026-08-14T00:47:37.184139
11584,15,68.11287914818142,2026-08-14T00:47:37.184139
11585,4,68.25064702417157,2026-08-14T00:47:38.587714
11586,5,1.9965579530066206,2026-08-14T00:47:38.587714
11587,6,1522.8369437111946,2026-08-14T00:47:38.587714
11588,7,64.7598068866657,2026-08-14T00:47:38.587714
11589,8,99.21018306878514,2026-08-14T00:47:38.587714
11590,9,71.30118318481871,2026-08-14T00:47:38.587714
11591,10,2.1293896772554346,2026-08-14T00:47:38.587714
11592,11,1502.3398828567913,2026-08-14T00:47:38.587714
11593,15,70.56098240300183,2026-08-14T00:47:38.587714
11594,4,75.0151938718983,2026-08-14T00:47:39.202628
11595,5,1.9214885537298863,2026-08-14T00:47:39.202628
11596,6,1512.1760694702054,2026-08-14T00:47:39.202628
11597,7,65.46385475811894,2026-08-14T00:47:39.202628
11598,8,102.30034149124282,2026-08-14T00:47:39.202628
11599,9,73.19579250735623,2026-08-14T00:47:39.202628
11600,10,1.8647337025170978,2026-08-14T00:47:39.202628
11601,11,1429.4174716806297,2026-08-14T00:47:39.202628
11602,15,66.22610560348068,2026-08-14T00:47:39.202628
11603,4,69.71411818022631,2026-08-14T00:47:40.607207
11604,5,1.9430296066440855,2026-08-14T00:47:40.607207
11605,6,1465.970507605157,2026-08-14T00:47:40.607207
11606,7,64.56460926023958,2026-08-14T00:47:40.607207
11607,8,107.01440606805699,2026-08-14T00:47:40.607207
11608,9,71.76034377515805,2026-08-14T00:47:40.607207
11609,10,1.951740585120461,2026-08-14T00:47:40.607207
11610,11,1426.3010059607193,2026-08-14T00:47:40.607207
11611,15,69.6371698249991,2026-08-14T00:47:40.607207
11612,4,70.03309844593015,2026-08-14T00:47:41.222856
11613,5,2.1449513033614527,2026-08-14T00:47:41.222856
11614,6,1544.7253124058168,2026-08-14T00:47:41.222856
11615,7,73.67665075557633,2026-08-14T00:47:41.222856
11616,8,104.3386196972823,2026-08-14T00:47:41.222856
11617,9,73.72785865066676,2026-08-14T00:47:41.222856
11618,10,1.9979491016469655,2026-08-14T00:47:41.222856
11619,11,1428.5499456335415,2026-08-14T00:47:41.222856
11620,4,68.16854593197407,2026-08-14T00:47:42.632306
11621,5,2.036147426458322,2026-08-14T00:47:42.632306
11622,6,1468.6929149355556,2026-08-14T00:47:42.632306
11623,7,69.97039674823014,2026-08-14T00:47:42.632306
11624,8,103.93772924741958,2026-08-14T00:47:42.632306
11625,15,65.46003982148179,2026-08-14T00:47:42.632306
11626,4,69.24651563136834,2026-08-14T00:47:43.243084
11627,5,2.0925650243637666,2026-08-14T00:47:43.243084
11628,6,1607.4621659848133,2026-08-14T00:47:43.243084
11629,7,70.49645751935141,2026-08-14T00:47:43.243084
11630,8,101.36000525805879,2026-08-14T00:47:43.243084
11631,9,67.32389610627088,2026-08-14T00:47:43.243084
11632,10,2.0456370759806095,2026-08-14T00:47:43.243084
11633,11,1543.3059390050873,2026-08-14T00:47:43.243084
11634,12,68.59024586300548,2026-08-14T00:47:43.243084
11635,13,2.0612543096359,2026-08-14T00:47:43.243084
11636,14,1494.3944522156107,2026-08-14T00:47:43.243084
11637,4,68.49555016622847,2026-08-14T00:47:44.651812
11638,5,1.9316829993241367,2026-08-14T00:47:44.651812
11639,6,1336.6066748840503,2026-08-14T00:47:44.651812
11640,7,66.99677758096277,2026-08-14T00:47:44.651812
11641,8,103.39800028416636,2026-08-14T00:47:44.651812
11642,12,71.4280052487724,2026-08-14T00:47:44.651812
11643,13,2.0072885424356293,2026-08-14T00:47:44.651812
11644,14,1495.065113971115,2026-08-14T00:47:44.651812
11645,15,71.63198512382925,2026-08-14T00:47:44.651812
11646,4,74.31528387363068,2026-08-14T00:47:45.271702
11647,5,2.0496527646022633,2026-08-14T00:47:45.271702
11648,6,1566.5440759248704,2026-08-14T00:47:45.271702
11649,7,68.63834143746864,2026-08-14T00:47:45.271702
11650,8,102.84352377228305,2026-08-14T00:47:45.271702
11651,9,68.45142500488261,2026-08-14T00:47:45.271702
11652,10,1.9352914350575845,2026-08-14T00:47:45.271702
11653,11,1495.1309125692092,2026-08-14T00:47:45.271702
11654,12,72.60636916917332,2026-08-14T00:47:45.271702
11655,13,2.059120459738248,2026-08-14T00:47:45.271702
11656,14,1490.326734978975,2026-08-14T00:47:45.271702
11657,4,73.00002868107903,2026-08-14T00:47:46.659180
11658,5,1.967605465090445,2026-08-14T00:47:46.659180
11659,6,1455.3250961589542,2026-08-14T00:47:46.659180
11660,7,71.34757537788948,2026-08-14T00:47:46.659180
11661,8,100.70396918356847,2026-08-14T00:47:46.659180
11662,12,69.000400221646,2026-08-14T00:47:46.659180
11663,13,1.9751014478895415,2026-08-14T00:47:46.659180
11664,14,1565.210455574276,2026-08-14T00:47:46.659180
11665,15,69.00764655103505,2026-08-14T00:47:46.659180
11666,4,71.7330435545303,2026-08-14T00:47:47.294952
11667,5,1.8269628536169418,2026-08-14T00:47:47.294952
11668,6,1486.3795986093862,2026-08-14T00:47:47.294952
11669,7,76.34538933222913,2026-08-14T00:47:47.294952
11670,8,101.68221567889019,2026-08-14T00:47:47.294952
11671,9,68.1173173901944,2026-08-14T00:47:47.294952
11672,10,1.8549243396825115,2026-08-14T00:47:47.294952
11673,11,1515.6776710926406,2026-08-14T00:47:47.294952
11674,12,71.72066802465972,2026-08-14T00:47:47.294952
11675,13,2.042093695529919,2026-08-14T00:47:47.294952
11676,14,1502.9149566453918,2026-08-14T00:47:47.294952
11677,4,67.74309512550074,2026-08-14T00:47:48.676985
11678,5,2.1207894158965708,2026-08-14T00:47:48.676985
11679,6,1557.028335109913,2026-08-14T00:47:48.676985
11680,7,63.75378950971845,2026-08-14T00:47:48.676985
11681,8,102.83928188356015,2026-08-14T00:47:48.676985
11682,12,69.74945995075916,2026-08-14T00:47:48.676985
11683,13,2.0143117516262428,2026-08-14T00:47:48.676985
11684,14,1533.2397129857604,2026-08-14T00:47:48.676985
11685,15,68.13627815434008,2026-08-14T00:47:48.676985
11686,4,71.709857726882,2026-08-14T00:47:49.313055
11687,5,1.8455506590945043,2026-08-14T00:47:49.313055
11688,6,1477.9856352432816,2026-08-14T00:47:49.313055
11689,7,72.73494055761748,2026-08-14T00:47:49.313055
11690,8,95.5758625756748,2026-08-14T00:47:49.313055
11691,9,71.37397519756188,2026-08-14T00:47:49.313055
11692,10,1.9966808056974357,2026-08-14T00:47:49.313055
11693,11,1584.7000353259928,2026-08-14T00:47:49.313055
11694,12,71.1207509577118,2026-08-14T00:47:49.313055
11695,13,1.9447762233739918,2026-08-14T00:47:49.313055
11696,14,1594.6079126320988,2026-08-14T00:47:49.313055
11697,4,66.18021111759312,2026-08-14T00:47:50.700449
11698,5,2.0352713189162626,2026-08-14T00:47:50.700449
11699,6,1481.855379500434,2026-08-14T00:47:50.700449
11700,7,71.56730992805666,2026-08-14T00:47:50.700449
11701,8,89.83646477456473,2026-08-14T00:47:50.700449
11702,12,67.37135922882715,2026-08-14T00:47:50.700449
11703,13,1.9432478539241385,2026-08-14T00:47:50.700449
11704,14,1538.2583841055314,2026-08-14T00:47:50.700449
11705,15,73.3838256017222,2026-08-14T00:47:50.700449
11706,4,68.97971563752117,2026-08-14T00:47:51.334288
11707,5,2.030013169890476,2026-08-14T00:47:51.334288
11708,6,1568.7215385772324,2026-08-14T00:47:51.334288
11709,9,67.76996488615504,2026-08-14T00:47:51.334288
11710,10,2.1107341658409715,2026-08-14T00:47:51.334288
11711,11,1565.4401931175107,2026-08-14T00:47:51.334288
11712,12,71.52248728533831,2026-08-14T00:47:51.334288
11713,13,2.0401212065274152,2026-08-14T00:47:51.334288
11714,14,1533.6094831102157,2026-08-14T00:47:51.334288
11715,4,64.29758612066121,2026-08-14T00:47:52.723711
11716,5,2.0360246855027193,2026-08-14T00:47:52.723711
11717,6,1421.393462076734,2026-08-14T00:47:52.723711
11718,7,66.64943280488312,2026-08-14T00:47:52.723711
11719,8,102.57170825171707,2026-08-14T00:47:52.723711
11720,12,71.31928060560953,2026-08-14T00:47:52.723711
11721,13,2.145236355336906,2026-08-14T00:47:52.723711
11722,14,1579.501691552013,2026-08-14T00:47:52.723711
11723,15,71.87110009121976,2026-08-14T00:47:52.723711
11724,4,64.46256658445995,2026-08-14T00:47:53.356189
11725,5,2.113010324849206,2026-08-14T00:47:53.356189
11726,6,1579.5590081987466,2026-08-14T00:47:53.356189
11727,9,69.2186740312683,2026-08-14T00:47:53.356189
11728,10,1.9706543645440922,2026-08-14T00:47:53.356189
11729,11,1499.5187387209974,2026-08-14T00:47:53.356189
11730,12,67.351668708631,2026-08-14T00:47:53.356189
11731,13,1.9290620298198096,2026-08-14T00:47:53.356189
11732,14,1431.059512330624,2026-08-14T00:47:53.356189
11733,4,74.77198704071822,2026-08-14T00:47:54.745599
11734,5,2.0855361221269124,2026-08-14T00:47:54.745599
11735,6,1615.375082659453,2026-08-14T00:47:54.745599
11736,7,64.75668361245802,2026-08-14T00:47:54.745599
11737,8,98.4068811967882,2026-08-14T00:47:54.745599
11738,12,77.80700158325317,2026-08-14T00:47:54.745599
11739,13,1.9346701779450663,2026-08-14T00:47:54.745599
11740,14,1506.0260441916507,2026-08-14T00:47:54.745599
11741,15,75.28138979899929,2026-08-14T00:47:54.745599
11742,9,70.67460679030916,2026-08-14T00:47:55.376761
11743,10,1.9133489944025088,2026-08-14T00:47:55.376761
11744,11,1446.33642759401,2026-08-14T00:47:55.376761
11745,12,70.2130612551908,2026-08-14T00:47:55.376761
11746,13,1.822089785313348,2026-08-14T00:47:55.376761
11747,14,1553.350522380178,2026-08-14T00:47:55.376761
11748,4,72.91620334357323,2026-08-14T00:47:56.751389
11749,5,2.120773819477545,2026-08-14T00:47:56.751389
11750,6,1473.0658055947713,2026-08-14T00:47:56.751389
11751,7,71.67946320802547,2026-08-14T00:47:56.751389
11752,8,104.34772784488062,2026-08-14T00:47:56.751389
11753,12,73.71605020421104,2026-08-14T00:47:56.751389
11754,13,1.9339263068986654,2026-08-14T00:47:56.751389
11755,14,1482.7925410951989,2026-08-14T00:47:56.751389
11756,15,76.64939728351418,2026-08-14T00:47:56.751389
11757,4,67.95734344355571,2026-08-14T00:47:57.383295
11758,5,1.9054212424564336,2026-08-14T00:47:57.383295
11759,6,1497.4618891518503,2026-08-14T00:47:57.383295
11760,9,71.19204090459681,2026-08-14T00:47:57.383295
11761,10,1.9340474257708087,2026-08-14T00:47:57.383295
11762,11,1560.65703848234,2026-08-14T00:47:57.383295
11763,12,67.47360941890753,2026-08-14T00:47:57.383295
11764,13,1.9549990095893706,2026-08-14T00:47:57.383295
11765,14,1433.0570160811899,2026-08-14T00:47:57.383295
11766,15,75.53160384411193,2026-08-14T00:47:57.383295
11767,4,70.45837950008162,2026-08-14T00:47:58.788641
11768,5,2.265471837706365,2026-08-14T00:47:58.788641
11769,6,1574.7435129569226,2026-08-14T00:47:58.788641
11770,7,70.71032554833386,2026-08-14T00:47:58.788641
11771,8,103.62071364223839,2026-08-14T00:47:58.788641
11772,9,70.79750524040962,2026-08-14T00:47:58.788641
11773,10,2.0424444985255925,2026-08-14T00:47:58.788641
11774,11,1470.962177776879,2026-08-14T00:47:58.788641
11775,12,71.01359298643087,2026-08-14T00:47:58.788641
11776,13,1.9549040527861905,2026-08-14T00:47:58.788641
11777,14,1425.6053775927085,2026-08-14T00:47:58.788641
11778,15,67.00436400468476,2026-08-14T00:47:58.788641
11779,4,73.94048065681756,2026-08-14T00:47:59.402822
11780,5,1.9966223879677372,2026-08-14T00:47:59.402822
11781,6,1601.749649279252,2026-08-14T00:47:59.402822
11782,9,66.28555605454247,2026-08-14T00:47:59.402822
11783,10,1.92727180766157,2026-08-14T00:47:59.402822
11784,11,1467.6246282203354,2026-08-14T00:47:59.402822
11785,12,66.70906982471618,2026-08-14T00:47:59.402822
11786,13,2.0934839127705787,2026-08-14T00:47:59.402822
11787,14,1556.846656482861,2026-08-14T00:47:59.402822
11788,15,69.49698514168152,2026-08-14T00:47:59.402822
11789,4,70.31859818498133,2026-08-14T00:48:00.808979
11790,5,2.1087537191899273,2026-08-14T00:48:00.808979
11791,6,1454.624835238266,2026-08-14T00:48:00.808979
11792,7,68.08538061400863,2026-08-14T00:48:00.808979
11793,8,99.11240385520954,2026-08-14T00:48:00.808979
11794,9,74.31769347096834,2026-08-14T00:48:00.808979
11795,10,1.9808685226518217,2026-08-14T00:48:00.808979
11796,11,1535.1475620169738,2026-08-14T00:48:00.808979
11797,12,72.9538842789463,2026-08-14T00:48:00.808979
11798,13,1.8557541215060118,2026-08-14T00:48:00.808979
11799,14,1533.339958156075,2026-08-14T00:48:00.808979
11800,15,69.32140295944828,2026-08-14T00:48:00.808979
11801,4,67.52628879159828,2026-08-14T00:48:01.423544
11802,5,1.9886273418744655,2026-08-14T00:48:01.423544
11803,6,1543.257647076279,2026-08-14T00:48:01.423544
11804,9,69.46749787782497,2026-08-14T00:48:01.423544
11805,10,2.0667241280831834,2026-08-14T00:48:01.423544
11806,11,1472.2246795962797,2026-08-14T00:48:01.423544
11807,12,79.50840086602693,2026-08-14T00:48:01.423544
11808,13,2.3048379069618554,2026-08-14T00:48:01.423544
11809,14,1487.6634434993518,2026-08-14T00:48:01.423544
11810,15,65.58513295833242,2026-08-14T00:48:01.423544
11811,4,74.67214790855118,2026-08-14T00:48:02.827846
11812,5,2.029747161243,2026-08-14T00:48:02.827846
11813,6,1558.5578570251328,2026-08-14T00:48:02.827846
11814,7,67.74044428819697,2026-08-14T00:48:02.827846
11815,8,101.34835784837497,2026-08-14T00:48:02.827846
11816,9,67.01715912550394,2026-08-14T00:48:02.827846
11817,10,1.9852317812973823,2026-08-14T00:48:02.827846
11818,11,1413.483765120477,2026-08-14T00:48:02.827846
11819,12,73.93588516540567,2026-08-14T00:48:02.827846
11820,13,1.9994959846176725,2026-08-14T00:48:02.827846
11821,14,1666.8333468973665,2026-08-14T00:48:02.827846
11822,15,60.70338188924372,2026-08-14T00:48:02.827846
11823,4,70.75955725565368,2026-08-14T00:48:03.444138
11824,5,2.079055146591595,2026-08-14T00:48:03.444138
11825,6,1601.4597587786752,2026-08-14T00:48:03.444138
11826,9,69.11026995314354,2026-08-14T00:48:03.444138
11827,10,1.8958335768908652,2026-08-14T00:48:03.444138
11828,11,1424.2207082823388,2026-08-14T00:48:03.444138
11829,12,68.70488400918843,2026-08-14T00:48:03.444138
11830,13,1.9224814193068438,2026-08-14T00:48:03.444138
11831,14,1616.3940366638267,2026-08-14T00:48:03.444138
11832,15,71.18564655713205,2026-08-14T00:48:03.444138
11833,4,74.48141915198251,2026-08-14T00:48:04.847554
11834,5,2.197255167570741,2026-08-14T00:48:04.847554
11835,6,1501.9409227787894,2026-08-14T00:48:04.847554
11836,7,70.40527214018749,2026-08-14T00:48:04.847554
11837,8,102.73930793899572,2026-08-14T00:48:04.847554
11838,9,63.05627755231444,2026-08-14T00:48:04.847554
11839,10,1.9871593662272,2026-08-14T00:48:04.847554
11840,11,1388.4324250205334,2026-08-14T00:48:04.847554
11841,12,73.08096008436634,2026-08-14T00:48:04.847554
11842,13,1.843291825772787,2026-08-14T00:48:04.847554
11843,14,1505.5802473889785,2026-08-14T00:48:04.847554
11844,15,71.7939643766041,2026-08-14T00:48:04.847554
11845,4,63.486105950488756,2026-08-14T00:48:05.463765
11846,5,2.0338564487253787,2026-08-14T00:48:05.463765
11847,6,1467.5562666360747,2026-08-14T00:48:05.463765
11848,9,70.50510739599528,2026-08-14T00:48:05.463765
11849,10,1.9709844153848797,2026-08-14T00:48:05.463765
11850,11,1429.9344476193055,2026-08-14T00:48:05.463765
11851,12,75.92563953210905,2026-08-14T00:48:05.463765
11852,13,1.968901994783097,2026-08-14T00:48:05.463765
11853,14,1497.5070451861022,2026-08-14T00:48:05.463765
11854,15,69.44034052641753,2026-08-14T00:48:05.463765
11855,4,63.741884988600106,2026-08-14T00:48:06.854622
11856,5,1.9787162327117296,2026-08-14T00:48:06.854622
11857,6,1551.0168756722123,2026-08-14T00:48:06.854622
11858,7,68.95169875752465,2026-08-14T00:48:06.854622
11859,8,107.87065234693742,2026-08-14T00:48:06.854622
11860,9,72.27381235244408,2026-08-14T00:48:06.854622
11861,10,1.9514181589866277,2026-08-14T00:48:06.854622
11862,11,1396.1186280788447,2026-08-14T00:48:06.854622
11863,12,67.8000070746571,2026-08-14T00:48:06.854622
11864,13,1.9704486480614922,2026-08-14T00:48:06.854622
11865,14,1469.0405354769207,2026-08-14T00:48:06.854622
11866,15,72.05374921045984,2026-08-14T00:48:06.854622
11867,4,74.85150339710617,2026-08-14T00:48:07.484801
11868,5,2.0391188086200756,2026-08-14T00:48:07.484801
11869,6,1497.1014831102757,2026-08-14T00:48:07.484801
11870,9,75.63557658920844,2026-08-14T00:48:07.484801
11871,10,1.955422007504588,2026-08-14T00:48:07.484801
11872,11,1462.988713527784,2026-08-14T00:48:07.484801
11873,12,72.01670126726974,2026-08-14T00:48:07.484801
11874,13,2.0442975990579875,2026-08-14T00:48:07.484801
11875,14,1507.3743453243808,2026-08-14T00:48:07.484801
11876,15,75.57758473468049,2026-08-14T00:48:07.484801
11877,4,69.74126542836827,2026-08-14T00:48:08.888050
11878,5,1.9764872069015982,2026-08-14T00:48:08.888050
11879,6,1594.8790701832436,2026-08-14T00:48:08.888050
11880,7,70.90640910158584,2026-08-14T00:48:08.888050
11881,8,100.50162371405294,2026-08-14T00:48:08.888050
11882,9,66.23797258176907,2026-08-14T00:48:08.888050
11883,10,1.9686970252240767,2026-08-14T00:48:08.888050
11884,11,1398.4223961050643,2026-08-14T00:48:08.888050
11885,12,72.76426226085438,2026-08-14T00:48:08.888050
11886,13,1.888705839272512,2026-08-14T00:48:08.888050
11887,14,1583.1397630692377,2026-08-14T00:48:08.888050
11888,4,68.49473956674237,2026-08-14T00:48:09.504418
11889,5,2.1559449674798357,2026-08-14T00:48:09.504418
11890,6,1465.5305923706408,2026-08-14T00:48:09.504418
11891,9,66.07923059643167,2026-08-14T00:48:09.504418
11892,10,2.1116005575114474,2026-08-14T00:48:09.504418
11893,11,1477.3303487076025,2026-08-14T00:48:09.504418
11894,12,69.90541693967859,2026-08-14T00:48:09.504418
11895,13,2.169653124393351,2026-08-14T00:48:09.504418
11896,14,1422.5404772748848,2026-08-14T00:48:09.504418
11897,15,71.1143698557781,2026-08-14T00:48:09.504418
11898,4,66.91776897553842,2026-08-14T00:48:10.907954
11899,5,2.0977245969470726,2026-08-14T00:48:10.907954
11900,6,1494.4331907224825,2026-08-14T00:48:10.907954
11901,7,71.41299047831293,2026-08-14T00:48:10.907954
11902,8,102.77246543093476,2026-08-14T00:48:10.907954
11903,9,71.37160889234156,2026-08-14T00:48:10.907954
11904,10,2.02276002247084,2026-08-14T00:48:10.907954
11905,11,1412.6635932509766,2026-08-14T00:48:10.907954
11906,12,71.64258431974912,2026-08-14T00:48:10.907954
11907,13,2.0231260443614483,2026-08-14T00:48:10.907954
11908,14,1639.139665891352,2026-08-14T00:48:10.907954
11909,4,64.7132512945558,2026-08-14T00:48:11.524565
11910,5,1.9276795129801323,2026-08-14T00:48:11.524565
11911,6,1501.4649611929235,2026-08-14T00:48:11.524565
11912,9,68.68898228523717,2026-08-14T00:48:11.524565
11913,10,2.042450384645945,2026-08-14T00:48:11.524565
11914,11,1389.4237803396934,2026-08-14T00:48:11.524565
11915,12,69.31006637414272,2026-08-14T00:48:11.524565
11916,13,2.103226428062288,2026-08-14T00:48:11.524565
11917,14,1602.3431602635599,2026-08-14T00:48:11.524565
11918,15,69.077071942308,2026-08-14T00:48:11.524565
11919,1,69.78778559691465,2026-08-14T00:48:12.928416
11920,2,1.8901585669645717,2026-08-14T00:48:12.928416
11921,3,1489.1704884171568,2026-08-14T00:48:12.928416
11922,4,72.42643851219768,2026-08-14T00:48:12.928416
11923,5,1.87620074241427,2026-08-14T00:48:12.928416
11924,6,1515.4844717727979,2026-08-14T00:48:12.928416
11925,7,60.80682115752864,2026-08-14T00:48:12.928416
11926,8,97.50427517347075,2026-08-14T00:48:12.928416
11927,9,70.5684394214422,2026-08-14T00:48:12.928416
11928,10,1.9770461173019804,2026-08-14T00:48:12.928416
11929,11,1497.956167265803,2026-08-14T00:48:12.928416
11930,12,70.37559873875526,2026-08-14T00:48:12.928416
11931,13,1.810569126994967,2026-08-14T00:48:12.928416
11932,14,1453.6323207149603,2026-08-14T00:48:12.928416
11933,4,69.9307935168142,2026-08-14T00:48:13.546672
11934,5,1.921953247282762,2026-08-14T00:48:13.546672
11935,6,1494.8120651829072,2026-08-14T00:48:13.546672
11936,9,66.17028566789851,2026-08-14T00:48:13.546672
11937,10,2.024456289344628,2026-08-14T00:48:13.546672
11938,11,1425.263784802176,2026-08-14T00:48:13.546672
11939,12,78.69494349095706,2026-08-14T00:48:13.546672
11940,13,1.9668385697418396,2026-08-14T00:48:13.546672
11941,14,1585.1865305377137,2026-08-14T00:48:13.546672
11942,15,72.47827217054233,2026-08-14T00:48:13.546672
11943,1,69.20510769220367,2026-08-14T00:48:14.948692
11944,2,1.8222157180510945,2026-08-14T00:48:14.948692
11945,3,1429.4482484764208,2026-08-14T00:48:14.948692
11946,4,68.83052511477726,2026-08-14T00:48:14.948692
11947,5,2.034190913771725,2026-08-14T00:48:14.948692
11948,6,1469.2413639779209,2026-08-14T00:48:14.948692
11949,7,71.99574410610852,2026-08-14T00:48:14.948692
11950,8,106.03249427848795,2026-08-14T00:48:14.948692
11951,9,67.43425348176312,2026-08-14T00:48:14.948692
11952,10,2.1537089372837888,2026-08-14T00:48:14.948692
11953,11,1432.7662848955033,2026-08-14T00:48:14.948692
11954,12,66.51799231660648,2026-08-14T00:48:14.948692
11955,13,2.134295166629645,2026-08-14T00:48:14.948692
11956,14,1346.1754946317335,2026-08-14T00:48:14.948692
11957,4,66.78694765785065,2026-08-14T00:48:15.585845
11958,5,2.006638900247221,2026-08-14T00:48:15.585845
11959,6,1496.0523902005248,2026-08-14T00:48:15.585845
11960,9,67.42575407375944,2026-08-14T00:48:15.585845
11961,10,2.013542195355255,2026-08-14T00:48:15.585845
11962,11,1317.5092310266484,2026-08-14T00:48:15.585845
11963,12,66.1093272982343,2026-08-14T00:48:15.585845
11964,13,2.120337784678215,2026-08-14T00:48:15.585845
11965,14,1470.149510103116,2026-08-14T00:48:15.585845
11966,15,75.46109368628338,2026-08-14T00:48:15.585845
11967,1,65.57610178774878,2026-08-14T00:48:16.969431
11968,2,1.960080463211267,2026-08-14T00:48:16.969431
11969,3,1538.184338528552,2026-08-14T00:48:16.969431
11970,4,70.42513916327768,2026-08-14T00:48:16.969431
11971,5,1.9720291738446,2026-08-14T00:48:16.969431
11972,6,1468.2823240555038,2026-08-14T00:48:16.969431
11973,7,68.608658096481,2026-08-14T00:48:16.969431
11974,8,108.25641408072775,2026-08-14T00:48:16.969431
11975,9,64.2205277865897,2026-08-14T00:48:16.969431
11976,10,1.961170086349866,2026-08-14T00:48:16.969431
11977,11,1522.2004132043546,2026-08-14T00:48:16.969431
11978,12,69.07255754698595,2026-08-14T00:48:16.969431
11979,13,2.0110588089907933,2026-08-14T00:48:16.969431
11980,14,1434.4836874037544,2026-08-14T00:48:16.969431
11981,4,68.1721027035835,2026-08-14T00:48:17.591688
11982,5,1.9383441341376575,2026-08-14T00:48:17.591688
11983,6,1464.7955125222259,2026-08-14T00:48:17.591688
11984,7,71.29831777857032,2026-08-14T00:48:17.591688
11985,8,90.3178546876059,2026-08-14T00:48:17.591688
11986,12,65.45712038933557,2026-08-14T00:48:17.591688
11987,13,1.9929931119468691,2026-08-14T00:48:17.591688
11988,14,1668.8984712524896,2026-08-14T00:48:17.591688
11989,15,74.0815402846927,2026-08-14T00:48:17.591688
11990,1,68.13639665572498,2026-08-14T00:48:18.996609
11991,2,2.0144640949288615,2026-08-14T00:48:18.996609
11992,3,1497.9623123314218,2026-08-14T00:48:18.996609
11993,4,71.3646783895895,2026-08-14T00:48:18.996609
11994,5,2.0155314959042734,2026-08-14T00:48:18.996609
11995,6,1479.5709544739389,2026-08-14T00:48:18.996609
11996,7,73.18127228866528,2026-08-14T00:48:18.996609
11997,8,96.8232272647886,2026-08-14T00:48:18.996609
11998,9,68.53588721924167,2026-08-14T00:48:18.996609
11999,10,2.1110152119781014,2026-08-14T00:48:18.996609
12000,11,1512.4506075283282,2026-08-14T00:48:18.996609
12001,12,72.5866421979284,2026-08-14T00:48:18.996609
12002,13,2.0001903515755353,2026-08-14T00:48:18.996609
12003,14,1590.908606514242,2026-08-14T00:48:18.996609
12004,1,69.91925764733097,2026-08-14T00:48:19.611312
12005,2,2.1336538487621963,2026-08-14T00:48:19.611312
12006,3,1487.5258209698238,2026-08-14T00:48:19.611312
12007,4,73.18743600554782,2026-08-14T00:48:19.611312
12008,5,2.019763275975945,2026-08-14T00:48:19.611312
12009,6,1553.4634126712422,2026-08-14T00:48:19.611312
12010,7,68.7377253853615,2026-08-14T00:48:19.611312
12011,8,97.07062144301212,2026-08-14T00:48:19.611312
12012,9,74.58210904399365,2026-08-14T00:48:19.611312
12013,10,1.9080998675415668,2026-08-14T00:48:19.611312
12014,11,1539.2978580748354,2026-08-14T00:48:19.611312
12015,12,70.21179618931488,2026-08-14T00:48:19.611312
12016,13,2.040613960774787,2026-08-14T00:48:19.611312
12017,14,1531.2958515554747,2026-08-14T00:48:19.611312
12018,15,67.81358188283697,2026-08-14T00:48:19.611312
12019,1,66.12755611142869,2026-08-14T00:48:21.027195
12020,2,2.0033496287012276,2026-08-14T00:48:21.027195
12021,3,1602.9747136943572,2026-08-14T00:48:21.027195
12022,4,68.00832745121166,2026-08-14T00:48:21.027195
12023,5,2.0698415636694714,2026-08-14T00:48:21.027195
12024,6,1501.7569918477686,2026-08-14T00:48:21.027195
12025,7,66.49871852851258,2026-08-14T00:48:21.027195
12026,8,102.60884618643487,2026-08-14T00:48:21.027195
12027,9,70.07523624191226,2026-08-14T00:48:21.027195
12028,10,1.98159621258164,2026-08-14T00:48:21.027195
12029,11,1450.8531848669154,2026-08-14T00:48:21.027195
12030,12,62.1405405212855,2026-08-14T00:48:21.027195
12031,13,2.083988183950476,2026-08-14T00:48:21.027195
12032,14,1557.7036547774426,2026-08-14T00:48:21.027195
12033,1,69.64383597301995,2026-08-14T00:48:21.617650
12034,2,1.9066516953848023,2026-08-14T00:48:21.617650
12035,3,1376.6215554281166,2026-08-14T00:48:21.617650
12036,4,71.3136712290821,2026-08-14T00:48:21.617650
12037,5,2.001649438305928,2026-08-14T00:48:21.617650
12038,6,1601.0757919312578,2026-08-14T00:48:21.617650
12039,7,68.6689488000055,2026-08-14T00:48:21.617650
12040,8,98.30341432301752,2026-08-14T00:48:21.617650
12041,9,72.51194616673952,2026-08-14T00:48:21.617650
12042,10,2.0137191309955536,2026-08-14T00:48:21.617650
12043,11,1559.5263924643768,2026-08-14T00:48:21.617650
12044,12,75.47581444051443,2026-08-14T00:48:21.617650
12045,13,2.12585347805706,2026-08-14T00:48:21.617650
12046,14,1543.7800656313177,2026-08-14T00:48:21.617650
12047,15,72.75145985300703,2026-08-14T00:48:21.617650
12048,1,66.5944167890065,2026-08-14T00:48:23.035135
12049,2,1.9774566864101235,2026-08-14T00:48:23.035135
12050,3,1566.8047106398606,2026-08-14T00:48:23.035135
12051,4,74.83657939783384,2026-08-14T00:48:23.035135
12052,5,1.9032189978508438,2026-08-14T00:48:23.035135
12053,6,1596.42443985955,2026-08-14T00:48:23.035135
12054,7,65.94223068661383,2026-08-14T00:48:23.035135
12055,8,108.30566167529436,2026-08-14T00:48:23.035135
12056,9,69.03988522915022,2026-08-14T00:48:23.035135
12057,10,2.114416974156233,2026-08-14T00:48:23.035135
12058,11,1426.204812054576,2026-08-14T00:48:23.035135
12059,12,69.02218188291212,2026-08-14T00:48:23.035135
12060,13,2.017823171148945,2026-08-14T00:48:23.035135
12061,14,1538.6493272388484,2026-08-14T00:48:23.035135
12062,1,66.89309482399284,2026-08-14T00:48:23.643905
12063,2,2.0759145636519203,2026-08-14T00:48:23.643905
12064,3,1557.2708353812038,2026-08-14T00:48:23.643905
12065,4,58.923180570947366,2026-08-14T00:48:23.643905
12066,5,2.125714539179414,2026-08-14T00:48:23.643905
12067,6,1353.1101399988145,2026-08-14T00:48:23.643905
12068,7,73.8841394000334,2026-08-14T00:48:23.643905
12069,8,105.97155848607541,2026-08-14T00:48:23.643905
12070,9,70.4521068091744,2026-08-14T00:48:23.643905
12071,10,1.8720230227278791,2026-08-14T00:48:23.643905
12072,11,1464.6319774729648,2026-08-14T00:48:23.643905
12073,12,70.6613268847499,2026-08-14T00:48:23.643905
12074,13,1.8936445557699706,2026-08-14T00:48:23.643905
12075,14,1488.6547506809104,2026-08-14T00:48:23.643905
12076,15,69.11704350214217,2026-08-14T00:48:23.643905
12077,1,70.63070529433492,2026-08-14T00:48:25.069418
12078,2,1.9264315150652094,2026-08-14T00:48:25.069418
12079,3,1484.5730104196498,2026-08-14T00:48:25.069418
12080,4,66.31756538031483,2026-08-14T00:48:25.069418
12081,5,2.1819157037476837,2026-08-14T00:48:25.069418
12082,6,1503.29254073167,2026-08-14T00:48:25.069418
12083,9,74.1182601134671,2026-08-14T00:48:25.069418
12084,10,2.1595020605136392,2026-08-14T00:48:25.069418
12085,11,1514.071998313228,2026-08-14T00:48:25.069418
12086,12,75.40165720800837,2026-08-14T00:48:25.069418
12087,13,1.917067154637315,2026-08-14T00:48:25.069418
12088,14,1507.4446164804974,2026-08-14T00:48:25.069418
12089,1,61.71037626579477,2026-08-14T00:48:25.650811
12090,2,1.97649039171194,2026-08-14T00:48:25.650811
12091,3,1507.538178573091,2026-08-14T00:48:25.650811
12092,4,70.15714285714436,2026-08-14T00:48:25.650811
12093,5,2.070698310103623,2026-08-14T00:48:25.650811
12094,6,1495.3592784631576,2026-08-14T00:48:25.650811
12095,7,70.73338479776912,2026-08-14T00:48:25.650811
12096,8,95.23824008535719,2026-08-14T00:48:25.650811
12097,9,70.73503945434089,2026-08-14T00:48:25.650811
12098,10,2.0504243394561192,2026-08-14T00:48:25.650811
12099,11,1470.7770831413543,2026-08-14T00:48:25.650811
12100,12,70.87911913368455,2026-08-14T00:48:25.650811
12101,13,2.0715970178042666,2026-08-14T00:48:25.650811
12102,14,1515.4350898709451,2026-08-14T00:48:25.650811
12103,15,67.86995079764186,2026-08-14T00:48:25.650811
12104,1,68.32617689343111,2026-08-14T00:48:27.075874
12105,2,2.0526183849154735,2026-08-14T00:48:27.075874
12106,3,1420.393131145367,2026-08-14T00:48:27.075874
12107,4,72.47518791330027,2026-08-14T00:48:27.075874
12108,5,2.2087835208323594,2026-08-14T00:48:27.075874
12109,6,1523.655513218387,2026-08-14T00:48:27.075874
12110,9,67.97327623309471,2026-08-14T00:48:27.075874
12111,10,1.917043476933272,2026-08-14T00:48:27.075874
12112,11,1429.5695164608253,2026-08-14T00:48:27.075874
12113,12,67.11601604404659,2026-08-14T00:48:27.075874
12114,13,1.9910176394169412,2026-08-14T00:48:27.075874
12115,14,1450.1106675180874,2026-08-14T00:48:27.075874
12116,15,71.2329002424707,2026-08-14T00:48:27.075874
12117,1,73.94587460970149,2026-08-14T00:48:27.669893
12118,2,1.9857224586269149,2026-08-14T00:48:27.669893
12119,3,1517.5342452563775,2026-08-14T00:48:27.669893
12120,4,70.78652200086313,2026-08-14T00:48:27.669893
12121,5,2.0936904616713816,2026-08-14T00:48:27.669893
12122,6,1542.7069142354867,2026-08-14T00:48:27.669893
12123,7,77.96115373727766,2026-08-14T00:48:27.669893
12124,8,104.33726512548715,2026-08-14T00:48:27.669893
12125,9,73.8879103564925,2026-08-14T00:48:27.669893
12126,10,2.043573817918187,2026-08-14T00:48:27.669893
12127,11,1519.4011044618965,2026-08-14T00:48:27.669893
12128,12,71.37614856291783,2026-08-14T00:48:27.669893
12129,13,1.8217356018979036,2026-08-14T00:48:27.669893
12130,14,1481.7087863298677,2026-08-14T00:48:27.669893
12131,15,65.64607011239451,2026-08-14T00:48:27.669893
12132,1,70.97122828767706,2026-08-14T00:48:29.096399
12133,2,2.0238348180339654,2026-08-14T00:48:29.096399
12134,3,1523.2192079358103,2026-08-14T00:48:29.096399
12135,4,73.01540164593281,2026-08-14T00:48:29.096399
12136,5,2.097351338897403,2026-08-14T00:48:29.096399
12137,6,1547.19478207221,2026-08-14T00:48:29.096399
12138,9,70.01151289675806,2026-08-14T00:48:29.096399
12139,10,2.069467876339102,2026-08-14T00:48:29.096399
12140,11,1450.9288987502664,2026-08-14T00:48:29.096399
12141,12,72.98721040407268,2026-08-14T00:48:29.096399
12142,13,2.1854020749763,2026-08-14T00:48:29.096399
12143,14,1491.7165699310538,2026-08-14T00:48:29.096399
12144,15,69.80695653777029,2026-08-14T00:48:29.096399
12145,1,76.71589303888508,2026-08-14T00:48:29.689816
12146,2,1.9633240825757363,2026-08-14T00:48:29.689816
12147,3,1574.4150366733475,2026-08-14T00:48:29.689816
12148,4,73.91123541864104,2026-08-14T00:48:29.689816
12149,5,1.7780339214868146,2026-08-14T00:48:29.689816
12150,6,1548.7704415729465,2026-08-14T00:48:29.689816
12151,7,74.39792649955223,2026-08-14T00:48:29.689816
12152,8,102.91125689961558,2026-08-14T00:48:29.689816
12153,9,70.04063566547494,2026-08-14T00:48:29.689816
12154,10,2.0013664848257755,2026-08-14T00:48:29.689816
12155,11,1457.7746853013255,2026-08-14T00:48:29.689816
12156,12,70.9166901602404,2026-08-14T00:48:29.689816
12157,13,2.0215940299713475,2026-08-14T00:48:29.689816
12158,14,1418.2399776976988,2026-08-14T00:48:29.689816
12159,15,66.68253932517268,2026-08-14T00:48:29.689816
12160,1,65.88192349962253,2026-08-14T00:48:31.113103
12161,2,2.1287690201457004,2026-08-14T00:48:31.113103
12162,3,1667.946611485829,2026-08-14T00:48:31.113103
12163,4,68.91433917351364,2026-08-14T00:48:31.113103
12164,5,1.8941175430635353,2026-08-14T00:48:31.113103
12165,6,1455.4682687815318,2026-08-14T00:48:31.113103
12166,9,71.10329593371254,2026-08-14T00:48:31.113103
12167,10,1.8055994225636143,2026-08-14T00:48:31.113103
12168,11,1490.501500060654,2026-08-14T00:48:31.113103
12169,12,75.48856533937035,2026-08-14T00:48:31.113103
12170,13,1.9473225535764802,2026-08-14T00:48:31.113103
12171,14,1621.533476136265,2026-08-14T00:48:31.113103
12172,15,72.08090730375807,2026-08-14T00:48:31.113103
12173,1,74.03427361747477,2026-08-14T00:48:31.713709
12174,2,2.1199285503888734,2026-08-14T00:48:31.713709
12175,3,1557.4807740608194,2026-08-14T00:48:31.713709
12176,4,68.27519986915945,2026-08-14T00:48:31.713709
12177,5,1.930750529968852,2026-08-14T00:48:31.713709
12178,6,1538.9888796561843,2026-08-14T00:48:31.713709
12179,7,69.25874298300018,2026-08-14T00:48:31.713709
12180,8,95.24141047791163,2026-08-14T00:48:31.713709
12181,9,70.81915516486536,2026-08-14T00:48:31.713709
12182,10,2.0246329770825735,2026-08-14T00:48:31.713709
12183,11,1569.248386474855,2026-08-14T00:48:31.713709
12184,12,71.50373646348521,2026-08-14T00:48:31.713709
12185,13,2.0306454125389877,2026-08-14T00:48:31.713709
12186,14,1463.5789973731592,2026-08-14T00:48:31.713709
12187,15,67.02992828077119,2026-08-14T00:48:31.713709
12188,1,66.92202169570302,2026-08-14T00:48:33.119438
12189,2,1.9039692909778156,2026-08-14T00:48:33.119438
12190,3,1609.5772531539283,2026-08-14T00:48:33.119438
12191,4,76.47345530901237,2026-08-14T00:48:33.119438
12192,5,1.967688490148706,2026-08-14T00:48:33.119438
12193,6,1488.6717088182909,2026-08-14T00:48:33.119438
12194,9,66.24418325702196,2026-08-14T00:48:33.119438
12195,10,1.9780561081587924,2026-08-14T00:48:33.119438
12196,11,1527.5413557198647,2026-08-14T00:48:33.119438
12197,12,72.9686427129415,2026-08-14T00:48:33.119438
12198,13,1.8548566322724478,2026-08-14T00:48:33.119438
12199,14,1586.7334754783915,2026-08-14T00:48:33.119438
12200,15,73.40719123940686,2026-08-14T00:48:33.119438
12201,1,67.8219390446215,2026-08-14T00:48:33.736923
12202,2,1.9586812753717104,2026-08-14T00:48:33.736923
12203,3,1582.291887667665,2026-08-14T00:48:33.736923
12204,4,66.05695002305245,2026-08-14T00:48:33.736923
12205,5,1.8883256051193449,2026-08-14T00:48:33.736923
12206,6,1293.4552001338227,2026-08-14T00:48:33.736923
12207,7,70.11023329899993,2026-08-14T00:48:33.736923
12208,8,100.30805869968235,2026-08-14T00:48:33.736923
12209,9,60.912250743581225,2026-08-14T00:48:33.736923
12210,10,2.1588609472938907,2026-08-14T00:48:33.736923
12211,11,1449.2723338401229,2026-08-14T00:48:33.736923
12212,12,70.76651183313328,2026-08-14T00:48:33.736923
12213,13,2.1503539909076284,2026-08-14T00:48:33.736923
12214,14,1518.5281441079005,2026-08-14T00:48:33.736923
12215,15,67.43991620537156,2026-08-14T00:48:33.736923
12216,1,71.12617863655935,2026-08-14T00:48:35.162121
12217,2,1.9789272605619774,2026-08-14T00:48:35.162121
12218,3,1494.1405297278461,2026-08-14T00:48:35.162121
12219,4,69.24638344177886,2026-08-14T00:48:35.162121
12220,5,2.0855580997692624,2026-08-14T00:48:35.162121
12221,6,1459.4372883814053,2026-08-14T00:48:35.162121
12222,9,68.58343322495503,2026-08-14T00:48:35.162121
12223,10,1.9093103472112396,2026-08-14T00:48:35.162121
12224,11,1473.7608060001173,2026-08-14T00:48:35.162121
12225,12,69.11618722367109,2026-08-14T00:48:35.162121
12226,13,2.1099483162224226,2026-08-14T00:48:35.162121
12227,14,1504.9337074155167,2026-08-14T00:48:35.162121
12228,15,74.07952706994051,2026-08-14T00:48:35.162121
12229,1,69.50126775461088,2026-08-14T00:48:35.759395
12230,2,1.9904042347682374,2026-08-14T00:48:35.759395
12231,3,1416.4837390889875,2026-08-14T00:48:35.759395
12232,4,66.61459231430274,2026-08-14T00:48:35.759395
12233,5,1.9199641665992226,2026-08-14T00:48:35.759395
12234,6,1479.2993339715542,2026-08-14T00:48:35.759395
12235,7,65.76330155776623,2026-08-14T00:48:35.759395
12236,8,98.51561869276291,2026-08-14T00:48:35.759395
12237,9,70.96408795315497,2026-08-14T00:48:35.759395
12238,10,2.0457285738323474,2026-08-14T00:48:35.759395
12239,11,1513.7608494449528,2026-08-14T00:48:35.759395
12240,12,70.26224469631043,2026-08-14T00:48:35.759395
12241,13,1.9828417442896724,2026-08-14T00:48:35.759395
12242,14,1569.0123985539062,2026-08-14T00:48:35.759395
12243,15,70.50334349602083,2026-08-14T00:48:35.759395
12244,1,71.23747204425796,2026-08-14T00:48:37.182790
12245,2,2.2114199408596313,2026-08-14T00:48:37.182790
12246,3,1446.6130719453893,2026-08-14T00:48:37.182790
12247,4,68.191462215941,2026-08-14T00:48:37.182790
12248,5,2.025153423555897,2026-08-14T00:48:37.182790
12249,6,1643.846211730055,2026-08-14T00:48:37.182790
12250,9,71.02150657877243,2026-08-14T00:48:37.182790
12251,10,1.9772081615083281,2026-08-14T00:48:37.182790
12252,11,1442.2275863813663,2026-08-14T00:48:37.182790
12253,12,67.28592607152945,2026-08-14T00:48:37.182790
12254,13,2.2069371830278506,2026-08-14T00:48:37.182790
12255,14,1348.0951083443078,2026-08-14T00:48:37.182790
12256,15,70.61570655853735,2026-08-14T00:48:37.182790
12257,1,61.942774253780115,2026-08-14T00:48:37.778980
12258,2,2.0040629582539133,2026-08-14T00:48:37.778980
12259,3,1431.0923539184414,2026-08-14T00:48:37.778980
12260,4,66.30461450285244,2026-08-14T00:48:37.778980
12261,5,1.9092209143362469,2026-08-14T00:48:37.778980
12262,6,1521.2531918537675,2026-08-14T00:48:37.778980
12263,7,73.91111438852595,2026-08-14T00:48:37.778980
12264,8,94.34987827301006,2026-08-14T00:48:37.778980
12265,9,71.92187059278403,2026-08-14T00:48:37.778980
12266,10,1.7978669081647265,2026-08-14T00:48:37.778980
12267,11,1478.4442377107982,2026-08-14T00:48:37.778980
12268,12,69.44520473602502,2026-08-14T00:48:37.778980
12269,13,2.045245809646823,2026-08-14T00:48:37.778980
12270,14,1440.990382165083,2026-08-14T00:48:37.778980
12271,15,71.13905932147459,2026-08-14T00:48:37.778980
12272,1,74.30614142395007,2026-08-14T00:48:39.202938
12273,2,1.8453448776002244,2026-08-14T00:48:39.202938
12274,3,1532.5367221000545,2026-08-14T00:48:39.202938
12275,4,64.60643923720959,2026-08-14T00:48:39.202938
12276,5,2.1347113352375433,2026-08-14T00:48:39.202938
12277,6,1444.5871618454248,2026-08-14T00:48:39.202938
12278,9,73.31460501983798,2026-08-14T00:48:39.202938
12279,10,2.000915142389806,2026-08-14T00:48:39.202938
12280,11,1374.1399664691326,2026-08-14T00:48:39.202938
12281,12,68.57252930767885,2026-08-14T00:48:39.202938
12282,13,2.074643504908628,2026-08-14T00:48:39.202938
12283,14,1408.9346131901455,2026-08-14T00:48:39.202938
12284,15,67.94433141193998,2026-08-14T00:48:39.202938
12285,1,72.67329916995062,2026-08-14T00:48:39.799351
12286,2,1.9008561592394155,2026-08-14T00:48:39.799351
12287,3,1504.4145273597248,2026-08-14T00:48:39.799351
12288,4,80.68339924025999,2026-08-14T00:48:39.799351
12289,5,2.2369602018845214,2026-08-14T00:48:39.799351
12290,6,1433.4942108834916,2026-08-14T00:48:39.799351
12291,7,65.19352603143827,2026-08-14T00:48:39.799351
12292,8,108.75698382840373,2026-08-14T00:48:39.799351
12293,9,75.15188479617089,2026-08-14T00:48:39.799351
12294,10,1.9405213284176899,2026-08-14T00:48:39.799351
12295,11,1654.477887905914,2026-08-14T00:48:39.799351
12296,12,73.32359606735143,2026-08-14T00:48:39.799351
12297,13,2.0276898783317363,2026-08-14T00:48:39.799351
12298,14,1517.8964135035096,2026-08-14T00:48:39.799351
12299,15,69.83467212317022,2026-08-14T00:48:39.799351
12300,1,67.95626651221731,2026-08-14T00:48:41.221904
12301,2,2.0966662659270034,2026-08-14T00:48:41.221904
12302,3,1423.572340800741,2026-08-14T00:48:41.221904
12303,4,71.38561162667585,2026-08-14T00:48:41.221904
12304,5,2.047310834958804,2026-08-14T00:48:41.221904
12305,6,1558.6570080451042,2026-08-14T00:48:41.221904
12306,9,63.432876830532926,2026-08-14T00:48:41.221904
12307,10,1.9752416521244718,2026-08-14T00:48:41.221904
12308,11,1489.6699035855313,2026-08-14T00:48:41.221904
12309,12,70.44518522559812,2026-08-14T00:48:41.221904
12310,13,1.8825203271892932,2026-08-14T00:48:41.221904
12311,14,1494.4830301139536,2026-08-14T00:48:41.221904
12312,15,75.344704278043,2026-08-14T00:48:41.221904
12313,1,73.16763999801242,2026-08-14T00:48:41.818849
12314,2,2.043747928264746,2026-08-14T00:48:41.818849
12315,3,1593.822861216622,2026-08-14T00:48:41.818849
12316,4,68.53805274662878,2026-08-14T00:48:41.818849
12317,5,2.2718206079676073,2026-08-14T00:48:41.818849
12318,6,1397.2341844863322,2026-08-14T00:48:41.818849
12319,7,67.2268185760562,2026-08-14T00:48:41.818849
12320,8,95.74767809351034,2026-08-14T00:48:41.818849
12321,9,70.68428885642186,2026-08-14T00:48:41.818849
12322,10,1.952312504188682,2026-08-14T00:48:41.818849
12323,11,1317.6323276793419,2026-08-14T00:48:41.818849
12324,12,72.94494957370625,2026-08-14T00:48:41.818849
12325,13,2.0501272986990142,2026-08-14T00:48:41.818849
12326,14,1563.5218874792997,2026-08-14T00:48:41.818849
12327,15,67.94598393447072,2026-08-14T00:48:41.818849
12328,1,74.26407492758719,2026-08-14T00:48:43.243430
12329,2,2.1256280212705243,2026-08-14T00:48:43.243430
12330,3,1566.1079714058078,2026-08-14T00:48:43.243430
12331,4,67.87573304834447,2026-08-14T00:48:43.243430
12332,5,1.8781656616123805,2026-08-14T00:48:43.243430
12333,6,1570.5131181784204,2026-08-14T00:48:43.243430
12334,9,71.44246910475991,2026-08-14T00:48:43.243430
12335,10,1.9779996352135292,2026-08-14T00:48:43.243430
12336,11,1307.46920095799,2026-08-14T00:48:43.243430
12337,12,69.98775591472872,2026-08-14T00:48:43.243430
12338,13,2.0398203332153213,2026-08-14T00:48:43.243430
12339,14,1550.3071488326648,2026-08-14T00:48:43.243430
12340,15,70.96888840861344,2026-08-14T00:48:43.243430
12341,1,72.74756959959504,2026-08-14T00:48:43.838882
12342,2,1.8908612029093594,2026-08-14T00:48:43.838882
12343,3,1526.961908416845,2026-08-14T00:48:43.838882
12344,4,70.70440129600372,2026-08-14T00:48:43.838882
12345,5,1.778890506068913,2026-08-14T00:48:43.838882
12346,6,1388.799671638257,2026-08-14T00:48:43.838882
12347,7,62.41713728790343,2026-08-14T00:48:43.838882
12348,8,99.08591185490374,2026-08-14T00:48:43.838882
12349,9,67.02361631406286,2026-08-14T00:48:43.838882
12350,10,2.0134834809846445,2026-08-14T00:48:43.838882
12351,11,1581.343400210065,2026-08-14T00:48:43.838882
12352,12,67.33758781675198,2026-08-14T00:48:43.838882
12353,13,2.141420259324528,2026-08-14T00:48:43.838882
12354,14,1456.9321759983782,2026-08-14T00:48:43.838882
12355,15,74.49655122585484,2026-08-14T00:48:43.838882
12356,1,68.89013929967767,2026-08-14T00:48:45.274056
12357,2,1.815268706881353,2026-08-14T00:48:45.274056
12358,3,1573.320733908225,2026-08-14T00:48:45.274056
12359,4,62.6848573181721,2026-08-14T00:48:45.274056
12360,5,1.9861415613418194,2026-08-14T00:48:45.274056
12361,6,1490.2749354798527,2026-08-14T00:48:45.274056
12362,9,78.96596551363955,2026-08-14T00:48:45.274056
12363,10,2.0804608237276083,2026-08-14T00:48:45.274056
12364,11,1470.790935017149,2026-08-14T00:48:45.274056
12365,12,70.11895432549602,2026-08-14T00:48:45.274056
12366,13,1.9993211435426554,2026-08-14T00:48:45.274056
12367,14,1472.4311553253588,2026-08-14T00:48:45.274056
12368,15,65.3012121495591,2026-08-14T00:48:45.274056
12369,1,67.61872656739058,2026-08-14T00:48:45.866864
12370,2,1.892055160838101,2026-08-14T00:48:45.866864
12371,3,1510.9929407494622,2026-08-14T00:48:45.866864
12372,4,72.44032191478311,2026-08-14T00:48:45.866864
12373,5,2.437946427261639,2026-08-14T00:48:45.866864
12374,6,1389.2429995345742,2026-08-14T00:48:45.866864
12375,7,68.94678274711592,2026-08-14T00:48:45.866864
12376,8,103.32695607316917,2026-08-14T00:48:45.866864
12377,9,68.55832097200533,2026-08-14T00:48:45.866864
12378,10,2.165479075221458,2026-08-14T00:48:45.866864
12379,11,1500.7655979285869,2026-08-14T00:48:45.866864
12380,12,67.0955236284271,2026-08-14T00:48:45.866864
12381,13,1.9419237975048158,2026-08-14T00:48:45.866864
12382,14,1357.1139444755902,2026-08-14T00:48:45.866864
12383,15,66.71125364822383,2026-08-14T00:48:45.866864
12384,1,70.85868159259009,2026-08-14T00:48:47.293680
12385,2,1.9862638799088106,2026-08-14T00:48:47.293680
12386,3,1595.0802160735584,2026-08-14T00:48:47.293680
12387,4,72.13707409107228,2026-08-14T00:48:47.293680
12388,5,2.0588816883761396,2026-08-14T00:48:47.293680
12389,6,1324.0352833783127,2026-08-14T00:48:47.293680
12390,9,71.680581391077,2026-08-14T00:48:47.293680
12391,10,1.9810335644639931,2026-08-14T00:48:47.293680
12392,11,1525.667313639766,2026-08-14T00:48:47.293680
12393,12,67.44355485397162,2026-08-14T00:48:47.293680
12394,13,2.118838585963708,2026-08-14T00:48:47.293680
12395,14,1413.136738352131,2026-08-14T00:48:47.293680
12396,15,72.68262904973074,2026-08-14T00:48:47.293680
12397,1,76.4181663948326,2026-08-14T00:48:47.893555
12398,2,2.0596704123523244,2026-08-14T00:48:47.893555
12399,3,1351.9319259813294,2026-08-14T00:48:47.893555
12400,4,65.81614152895145,2026-08-14T00:48:47.893555
12401,5,1.984511298801842,2026-08-14T00:48:47.893555
12402,6,1487.694719044965,2026-08-14T00:48:47.893555
12403,7,67.18514834007837,2026-08-14T00:48:47.893555
12404,8,94.65032532999703,2026-08-14T00:48:47.893555
12405,9,65.08056532293396,2026-08-14T00:48:47.893555
12406,10,1.9784700997191893,2026-08-14T00:48:47.893555
12407,11,1623.0471166272168,2026-08-14T00:48:47.893555
12408,12,74.19591076409304,2026-08-14T00:48:47.893555
12409,13,1.9362430051904433,2026-08-14T00:48:47.893555
12410,14,1319.9659286144674,2026-08-14T00:48:47.893555
12411,15,69.26025145832025,2026-08-14T00:48:47.893555
12412,1,73.70053886590689,2026-08-14T00:48:49.323900
12413,2,1.9800632911238585,2026-08-14T00:48:49.323900
12414,3,1454.7505778099999,2026-08-14T00:48:49.323900
12415,4,71.45370179881905,2026-08-14T00:48:49.323900
12416,5,2.1236946652254276,2026-08-14T00:48:49.323900
12417,6,1622.2257591028842,2026-08-14T00:48:49.323900
12418,9,69.5366659475294,2026-08-14T00:48:49.323900
12419,10,2.0337721655673437,2026-08-14T00:48:49.323900
12420,11,1614.0995410411776,2026-08-14T00:48:49.323900
12421,12,63.45050285347318,2026-08-14T00:48:49.323900
12422,13,2.0728448934621175,2026-08-14T00:48:49.323900
12423,14,1479.5592190156717,2026-08-14T00:48:49.323900
12424,15,62.680748846083006,2026-08-14T00:48:49.323900
12425,1,70.03598025602814,2026-08-14T00:48:49.913140
12426,2,2.1082291151633323,2026-08-14T00:48:49.913140
12427,3,1436.9188755144946,2026-08-14T00:48:49.913140
12428,4,64.2291806160523,2026-08-14T00:48:49.913140
12429,5,1.8764710030764202,2026-08-14T00:48:49.913140
12430,6,1595.01258714331,2026-08-14T00:48:49.913140
12431,7,69.937705542571,2026-08-14T00:48:49.913140
12432,8,97.16724897468077,2026-08-14T00:48:49.913140
12433,9,62.821675416240595,2026-08-14T00:48:49.913140
12434,10,2.056660469355327,2026-08-14T00:48:49.913140
12435,11,1465.2349436112695,2026-08-14T00:48:49.913140
12436,12,69.7487961141787,2026-08-14T00:48:49.913140
12437,13,1.9566242292337135,2026-08-14T00:48:49.913140
12438,14,1503.153244550532,2026-08-14T00:48:49.913140
12439,15,67.9907116743329,2026-08-14T00:48:49.913140
12440,1,70.33260102690238,2026-08-14T00:48:51.361498
12441,2,2.060795134709978,2026-08-14T00:48:51.361498
12442,3,1503.393480623281,2026-08-14T00:48:51.361498
12443,7,69.99105224024039,2026-08-14T00:48:51.361498
12444,8,95.78018261350262,2026-08-14T00:48:51.361498
12445,9,64.83889588879991,2026-08-14T00:48:51.361498
12446,10,1.9591079656115296,2026-08-14T00:48:51.361498
12447,11,1474.780165997314,2026-08-14T00:48:51.361498
12448,12,72.65771567552201,2026-08-14T00:48:51.361498
12449,13,2.2331031649502284,2026-08-14T00:48:51.361498
12450,14,1543.5967240876078,2026-08-14T00:48:51.361498
12451,15,66.03214910702872,2026-08-14T00:48:51.361498
12452,1,70.12132379458967,2026-08-14T00:48:51.933198
12453,2,1.9065563874022518,2026-08-14T00:48:51.933198
12454,3,1354.8168509611,2026-08-14T00:48:51.933198
12455,4,72.92489908556053,2026-08-14T00:48:51.933198
12456,5,2.1454354359091434,2026-08-14T00:48:51.933198
12457,6,1536.9496866694715,2026-08-14T00:48:51.933198
12458,7,71.2057768357609,2026-08-14T00:48:51.933198
12459,8,102.14338557717446,2026-08-14T00:48:51.933198
12460,9,66.93756172112927,2026-08-14T00:48:51.933198
12461,10,2.085870914588378,2026-08-14T00:48:51.933198
12462,11,1665.7763485948715,2026-08-14T00:48:51.933198
12463,15,70.74175472723049,2026-08-14T00:48:51.933198
12464,1,70.08902081246387,2026-08-14T00:48:53.380201
12465,2,1.9803214404692757,2026-08-14T00:48:53.380201
12466,3,1422.1554085564642,2026-08-14T00:48:53.380201
12467,7,65.35435212034007,2026-08-14T00:48:53.380201
12468,8,93.27169334914387,2026-08-14T00:48:53.380201
12469,9,67.03490166865514,2026-08-14T00:48:53.380201
12470,10,2.1064702204833616,2026-08-14T00:48:53.380201
12471,11,1572.7477499567706,2026-08-14T00:48:53.380201
12472,12,69.35547203711228,2026-08-14T00:48:53.380201
12473,13,2.198114191815781,2026-08-14T00:48:53.380201
12474,14,1397.9636553635873,2026-08-14T00:48:53.380201
12475,15,68.16741428098972,2026-08-14T00:48:53.380201
12476,1,71.00872210423174,2026-08-14T00:48:53.970533
12477,2,2.0856603730988823,2026-08-14T00:48:53.970533
12478,3,1612.3687039596432,2026-08-14T00:48:53.970533
12479,4,68.26533062639041,2026-08-14T00:48:53.970533
12480,5,1.984989515152384,2026-08-14T00:48:53.970533
12481,6,1604.8009355310612,2026-08-14T00:48:53.970533
12482,7,74.13806902619612,2026-08-14T00:48:53.970533
12483,8,111.61404824204696,2026-08-14T00:48:53.970533
12484,9,69.81679492614965,2026-08-14T00:48:53.970533
12485,10,1.8971856299157952,2026-08-14T00:48:53.970533
12486,11,1475.3496713886263,2026-08-14T00:48:53.970533
12487,12,71.8208678532592,2026-08-14T00:48:53.970533
12488,13,2.129933523822058,2026-08-14T00:48:53.970533
12489,14,1407.701430890598,2026-08-14T00:48:53.970533
12490,15,69.29749278009967,2026-08-14T00:48:53.970533
12491,1,63.178695266398755,2026-08-14T00:48:55.407421
12492,2,2.1402917823715724,2026-08-14T00:48:55.407421
12493,3,1557.0862091140198,2026-08-14T00:48:55.407421
12494,7,71.95192534259289,2026-08-14T00:48:55.407421
12495,8,92.4281187347742,2026-08-14T00:48:55.407421
12496,9,66.62583558987282,2026-08-14T00:48:55.407421
12497,10,1.932497226112199,2026-08-14T00:48:55.407421
12498,11,1457.3922357650501,2026-08-14T00:48:55.407421
12499,12,70.23301845102596,2026-08-14T00:48:55.407421
12500,13,2.0767861596843846,2026-08-14T00:48:55.407421
12501,14,1554.3824694473506,2026-08-14T00:48:55.407421
12502,15,67.21821289349938,2026-08-14T00:48:55.407421
12503,1,68.65301783752274,2026-08-14T00:48:55.991153
12504,2,2.1668988951195725,2026-08-14T00:48:55.991153
12505,3,1592.0854368393443,2026-08-14T00:48:55.991153
12506,4,65.26434057950111,2026-08-14T00:48:55.991153
12507,5,1.8484600108699067,2026-08-14T00:48:55.991153
12508,6,1515.336066152454,2026-08-14T00:48:55.991153
12509,7,72.63155775360542,2026-08-14T00:48:55.991153
12510,8,103.98930974223498,2026-08-14T00:48:55.991153
12511,9,69.18888757046216,2026-08-14T00:48:55.991153
12512,10,1.8611390375195187,2026-08-14T00:48:55.991153
12513,11,1571.1804592643564,2026-08-14T00:48:55.991153
12514,12,67.8725507780077,2026-08-14T00:48:55.991153
12515,13,1.9635414243073455,2026-08-14T00:48:55.991153
12516,14,1500.0008972646754,2026-08-14T00:48:55.991153
12517,15,62.86255412795708,2026-08-14T00:48:55.991153
12518,1,69.51254242338099,2026-08-14T00:48:57.413638
12519,2,1.8863316700113764,2026-08-14T00:48:57.413638
12520,3,1457.299253514557,2026-08-14T00:48:57.413638
12521,7,69.58647161297371,2026-08-14T00:48:57.413638
12522,8,97.37552691490207,2026-08-14T00:48:57.413638
12523,9,66.36160008456814,2026-08-14T00:48:57.413638
12524,10,1.998683446309245,2026-08-14T00:48:57.413638
12525,11,1393.7370523661014,2026-08-14T00:48:57.413638
12526,12,70.54034328413633,2026-08-14T00:48:57.413638
12527,13,2.114526920963052,2026-08-14T00:48:57.413638
12528,14,1481.079221914751,2026-08-14T00:48:57.413638
12529,15,68.2631994649211,2026-08-14T00:48:57.413638
12530,1,77.95183232770582,2026-08-14T00:48:58.010453
12531,2,1.9256935169099738,2026-08-14T00:48:58.010453
12532,3,1506.6114622434686,2026-08-14T00:48:58.010453
12533,4,70.98482624642884,2026-08-14T00:48:58.010453
12534,5,1.9891612387803599,2026-08-14T00:48:58.010453
12535,6,1474.13604306623,2026-08-14T00:48:58.010453
12536,7,74.21953688205224,2026-08-14T00:48:58.010453
12537,8,99.95297725653171,2026-08-14T00:48:58.010453
12538,9,73.0811021080733,2026-08-14T00:48:58.010453
12539,10,2.0410683533937304,2026-08-14T00:48:58.010453
12540,11,1555.0777728049795,2026-08-14T00:48:58.010453
12541,12,69.70376202778955,2026-08-14T00:48:58.010453
12542,13,1.9501897438686833,2026-08-14T00:48:58.010453
12543,14,1491.7756515849665,2026-08-14T00:48:58.010453
12544,15,68.06627408562538,2026-08-14T00:48:58.010453
12545,1,70.00611264988974,2026-08-14T00:48:59.448269
12546,2,2.206626146945977,2026-08-14T00:48:59.448269
12547,3,1625.3369380121214,2026-08-14T00:48:59.448269
12548,7,68.47601401522607,2026-08-14T00:48:59.448269
12549,8,95.39116990739284,2026-08-14T00:48:59.448269
12550,9,74.00824990663838,2026-08-14T00:48:59.448269
12551,10,1.932740521108789,2026-08-14T00:48:59.448269
12552,11,1415.1878599481959,2026-08-14T00:48:59.448269
12553,12,67.02118094228327,2026-08-14T00:48:59.448269
12554,13,1.9154563763658374,2026-08-14T00:48:59.448269
12555,14,1573.1414863786313,2026-08-14T00:48:59.448269
12556,15,69.74170649537128,2026-08-14T00:48:59.448269
12557,1,68.9008947697076,2026-08-14T00:49:00.029666
12558,2,2.1240635430847545,2026-08-14T00:49:00.029666
12559,3,1458.6019557792201,2026-08-14T00:49:00.029666
12560,4,66.02891420839995,2026-08-14T00:49:00.029666
12561,5,2.0287852644409683,2026-08-14T00:49:00.029666
12562,6,1527.7198358301819,2026-08-14T00:49:00.029666
12563,7,69.44752107003163,2026-08-14T00:49:00.029666
12564,8,96.32902635902173,2026-08-14T00:49:00.029666
12565,9,74.59540208106165,2026-08-14T00:49:00.029666
12566,10,1.9342042595454993,2026-08-14T00:49:00.029666
12567,11,1514.546075382667,2026-08-14T00:49:00.029666
12568,12,68.38478145600081,2026-08-14T00:49:00.029666
12569,13,2.051553571230765,2026-08-14T00:49:00.029666
12570,14,1489.734474933637,2026-08-14T00:49:00.029666
12571,15,64.69773349501192,2026-08-14T00:49:00.029666
12572,1,71.90179020469404,2026-08-14T00:49:01.488828
12573,2,2.161887991568057,2026-08-14T00:49:01.488828
12574,3,1455.2942554766182,2026-08-14T00:49:01.488828
12575,7,64.62592084342336,2026-08-14T00:49:01.488828
12576,8,100.4655182397256,2026-08-14T00:49:01.488828
12577,9,66.40490679321167,2026-08-14T00:49:01.488828
12578,10,1.9763180665996285,2026-08-14T00:49:01.488828
12579,11,1686.4435522901442,2026-08-14T00:49:01.488828
12580,12,70.43573991557624,2026-08-14T00:49:01.488828
12581,13,1.9091429704752507,2026-08-14T00:49:01.488828
12582,14,1421.2702421560427,2026-08-14T00:49:01.488828
12583,15,67.41001737351593,2026-08-14T00:49:01.488828
12584,1,68.26750137197196,2026-08-14T00:49:02.050065
12585,2,2.1907405377464917,2026-08-14T00:49:02.050065
12586,3,1425.4667297686358,2026-08-14T00:49:02.050065
12587,4,67.29588225770136,2026-08-14T00:49:02.050065
12588,5,2.048175528600621,2026-08-14T00:49:02.050065
12589,6,1549.2985980597923,2026-08-14T00:49:02.050065
12590,7,67.58290050464461,2026-08-14T00:49:02.050065
12591,8,106.48060264627736,2026-08-14T00:49:02.050065
12592,9,70.69608573034877,2026-08-14T00:49:02.050065
12593,10,2.244555261100504,2026-08-14T00:49:02.050065
12594,11,1388.7855667035892,2026-08-14T00:49:02.050065
12595,12,62.62224639048468,2026-08-14T00:49:02.050065
12596,13,1.8782868635159047,2026-08-14T00:49:02.050065
12597,14,1436.8420364009987,2026-08-14T00:49:02.050065
12598,15,73.93888513213884,2026-08-14T00:49:02.050065
12599,1,67.2530424738126,2026-08-14T00:49:03.507315
12600,2,1.9188052843364463,2026-08-14T00:49:03.507315
12601,3,1501.7472886416692,2026-08-14T00:49:03.507315
12602,7,67.55995019861292,2026-08-14T00:49:03.507315
12603,8,99.38756766358192,2026-08-14T00:49:03.507315
12604,9,73.46314107461701,2026-08-14T00:49:03.507315
12605,10,1.9829742868548763,2026-08-14T00:49:03.507315
12606,11,1523.241036317749,2026-08-14T00:49:03.507315
12607,12,72.55755790285896,2026-08-14T00:49:03.507315
12608,13,2.011755703186829,2026-08-14T00:49:03.507315
12609,14,1456.8188779189602,2026-08-14T00:49:03.507315
12610,15,69.49404164452592,2026-08-14T00:49:03.507315
12611,1,67.4162648585121,2026-08-14T00:49:04.069378
12612,2,2.113453233890767,2026-08-14T00:49:04.069378
12613,3,1549.7595766373229,2026-08-14T00:49:04.069378
12614,4,68.11299421031511,2026-08-14T00:49:04.069378
12615,5,2.0129659022799102,2026-08-14T00:49:04.069378
12616,6,1441.5177096540815,2026-08-14T00:49:04.069378
12617,7,69.51020862672607,2026-08-14T00:49:04.069378
12618,8,96.60178611615152,2026-08-14T00:49:04.069378
12619,9,72.32431956796648,2026-08-14T00:49:04.069378
12620,10,2.009302461476543,2026-08-14T00:49:04.069378
12621,11,1467.8402946465064,2026-08-14T00:49:04.069378
12622,12,66.34862753137836,2026-08-14T00:49:04.069378
12623,13,2.005550662458656,2026-08-14T00:49:04.069378
12624,14,1514.6198917958106,2026-08-14T00:49:04.069378
12625,15,71.73042763625865,2026-08-14T00:49:04.069378
12626,1,69.49455040466607,2026-08-14T00:49:05.527237
12627,2,2.128457794706823,2026-08-14T00:49:05.527237
12628,3,1519.7467641252013,2026-08-14T00:49:05.527237
12629,4,73.90803272706177,2026-08-14T00:49:05.527237
12630,5,1.9837767947858036,2026-08-14T00:49:05.527237
12631,6,1389.5849373923706,2026-08-14T00:49:05.527237
12632,7,74.06764150261473,2026-08-14T00:49:05.527237
12633,8,99.40005196509087,2026-08-14T00:49:05.527237
12634,9,65.44378880395827,2026-08-14T00:49:05.527237
12635,10,2.078779098770667,2026-08-14T00:49:05.527237
12636,11,1491.1544497448665,2026-08-14T00:49:05.527237
12637,12,66.71484213470002,2026-08-14T00:49:05.527237
12638,13,2.2766112219913546,2026-08-14T00:49:05.527237
12639,14,1513.3028849278974,2026-08-14T00:49:05.527237
12640,15,68.88253042532989,2026-08-14T00:49:05.527237
12641,1,70.21490894899793,2026-08-14T00:49:06.089951
12642,2,1.9398190486478708,2026-08-14T00:49:06.089951
12643,3,1518.9657987804735,2026-08-14T00:49:06.089951
12644,4,69.63312061435369,2026-08-14T00:49:06.089951
12645,5,2.0084829549914622,2026-08-14T00:49:06.089951
12646,6,1561.2116392135201,2026-08-14T00:49:06.089951
12647,7,70.35037838304211,2026-08-14T00:49:06.089951
12648,8,101.71587424980959,2026-08-14T00:49:06.089951
12649,9,65.04443538239639,2026-08-14T00:49:06.089951
12650,10,2.013944130027122,2026-08-14T00:49:06.089951
12651,11,1448.921344235719,2026-08-14T00:49:06.089951
12652,12,70.98870667561879,2026-08-14T00:49:06.089951
12653,13,1.9542873651093962,2026-08-14T00:49:06.089951
12654,14,1497.457949071619,2026-08-14T00:49:06.089951
12655,15,69.0695650548993,2026-08-14T00:49:06.089951
12656,1,66.80995241362743,2026-08-14T00:49:07.533364
12657,2,1.8875736628466813,2026-08-14T00:49:07.533364
12658,3,1634.1725269159083,2026-08-14T00:49:07.533364
12659,4,73.01104265721754,2026-08-14T00:49:07.533364
12660,5,2.0711672389648275,2026-08-14T00:49:07.533364
12661,6,1717.3561980762206,2026-08-14T00:49:07.533364
12662,7,69.91128106747419,2026-08-14T00:49:07.533364
12663,8,97.854914037873,2026-08-14T00:49:07.533364
12664,9,66.62918345834943,2026-08-14T00:49:07.533364
12665,10,2.0033294211808306,2026-08-14T00:49:07.533364
12666,11,1528.9989500021204,2026-08-14T00:49:07.533364
12667,12,73.59530206483733,2026-08-14T00:49:07.533364
12668,13,2.062049818511051,2026-08-14T00:49:07.533364
12669,14,1478.8327010307273,2026-08-14T00:49:07.533364
12670,15,74.35165522148921,2026-08-14T00:49:07.533364
12671,1,67.43833839840218,2026-08-14T00:49:08.109474
12672,2,1.957620011477411,2026-08-14T00:49:08.109474
12673,3,1472.327672463319,2026-08-14T00:49:08.109474
12674,4,68.53338253600182,2026-08-14T00:49:08.109474
12675,5,2.123041018920251,2026-08-14T00:49:08.109474
12676,6,1512.1750198983768,2026-08-14T00:49:08.109474
12677,7,77.9594908334619,2026-08-14T00:49:08.109474
12678,8,100.8454876019859,2026-08-14T00:49:08.109474
12679,9,70.65670950745935,2026-08-14T00:49:08.109474
12680,10,1.958842476047447,2026-08-14T00:49:08.109474
12681,11,1555.4275042804559,2026-08-14T00:49:08.109474
12682,12,69.68431680258803,2026-08-14T00:49:08.109474
12683,13,1.9740826994457241,2026-08-14T00:49:08.109474
12684,14,1636.039548969706,2026-08-14T00:49:08.109474
12685,15,68.28081187950868,2026-08-14T00:49:08.109474
12686,1,75.30328249457386,2026-08-14T00:49:09.553970
12687,2,2.025983684055796,2026-08-14T00:49:09.553970
12688,3,1537.9478904329135,2026-08-14T00:49:09.553970
12689,4,74.28795603679166,2026-08-14T00:49:09.553970
12690,5,2.0756486032023704,2026-08-14T00:49:09.553970
12691,6,1530.4589151187422,2026-08-14T00:49:09.553970
12692,7,66.80349016579598,2026-08-14T00:49:09.553970
12693,8,94.24074866639562,2026-08-14T00:49:09.553970
12694,9,64.99764308466946,2026-08-14T00:49:09.553970
12695,10,1.8621190059004535,2026-08-14T00:49:09.553970
12696,11,1462.74392865943,2026-08-14T00:49:09.553970
12697,15,66.70620385741844,2026-08-14T00:49:09.553970
12698,1,69.38010030369826,2026-08-14T00:49:10.129710
12699,2,2.0114407230366202,2026-08-14T00:49:10.129710
12700,3,1419.1897113060293,2026-08-14T00:49:10.129710
12701,7,71.58679100132073,2026-08-14T00:49:10.129710
12702,8,96.74639642443418,2026-08-14T00:49:10.129710
12703,9,68.16208553386848,2026-08-14T00:49:10.129710
12704,10,2.0902674510079393,2026-08-14T00:49:10.129710
12705,11,1561.2006969436902,2026-08-14T00:49:10.129710
12706,12,68.2618105565047,2026-08-14T00:49:10.129710
12707,13,2.011525075253776,2026-08-14T00:49:10.129710
12708,14,1490.3328104214627,2026-08-14T00:49:10.129710
12709,1,74.4689534664857,2026-08-14T00:49:11.559534
12710,2,1.9142000212848997,2026-08-14T00:49:11.559534
12711,3,1499.8932905758943,2026-08-14T00:49:11.559534
12712,4,71.99253424683718,2026-08-14T00:49:11.559534
12713,5,1.9481701547627748,2026-08-14T00:49:11.559534
12714,6,1606.4766658002625,2026-08-14T00:49:11.559534
12715,7,75.55474192365756,2026-08-14T00:49:11.559534
12716,8,102.46889450997351,2026-08-14T00:49:11.559534
12717,9,71.33474524967795,2026-08-14T00:49:11.559534
12718,10,1.92780521280031,2026-08-14T00:49:11.559534
12719,11,1511.2464539680707,2026-08-14T00:49:11.559534
12720,15,78.39113337616953,2026-08-14T00:49:11.559534
12721,1,67.27645673865739,2026-08-14T00:49:12.136884
12722,2,2.010063029980514,2026-08-14T00:49:12.136884
12723,3,1589.770671042148,2026-08-14T00:49:12.136884
12724,7,67.56708567175328,2026-08-14T00:49:12.136884
12725,8,104.62803179134858,2026-08-14T00:49:12.136884
12726,9,73.10852507153412,2026-08-14T00:49:12.136884
12727,10,2.029625246141218,2026-08-14T00:49:12.136884
12728,11,1561.5307558284928,2026-08-14T00:49:12.136884
12729,12,68.60349351313073,2026-08-14T00:49:12.136884
12730,13,1.958693214213691,2026-08-14T00:49:12.136884
12731,14,1418.8953007058285,2026-08-14T00:49:12.136884
12732,15,65.58311587455587,2026-08-14T00:49:12.136884
12733,1,70.72453620599047,2026-08-14T00:49:13.566157
12734,2,2.0063109048420698,2026-08-14T00:49:13.566157
12735,3,1427.2416698653442,2026-08-14T00:49:13.566157
12736,4,67.05161276761632,2026-08-14T00:49:13.566157
12737,5,1.9600912343093657,2026-08-14T00:49:13.566157
12738,6,1406.6002544702128,2026-08-14T00:49:13.566157
12739,7,68.06016210121804,2026-08-14T00:49:13.566157
12740,8,109.62156352820828,2026-08-14T00:49:13.566157
12741,9,65.25979707612817,2026-08-14T00:49:13.566157
12742,10,1.8609753289235587,2026-08-14T00:49:13.566157
12743,11,1506.3917349236813,2026-08-14T00:49:13.566157
12744,15,70.88299193917607,2026-08-14T00:49:13.566157
12745,1,74.38125750545379,2026-08-14T00:49:14.143774
12746,2,1.8924311040075552,2026-08-14T00:49:14.143774
12747,3,1616.061720749624,2026-08-14T00:49:14.143774
12748,7,72.79306373836991,2026-08-14T00:49:14.143774
12749,8,103.25575460248889,2026-08-14T00:49:14.143774
12750,9,67.69274766593199,2026-08-14T00:49:14.143774
12751,10,2.1282268775227555,2026-08-14T00:49:14.143774
12752,11,1606.015582070207,2026-08-14T00:49:14.143774
12753,12,69.04178103508264,2026-08-14T00:49:14.143774
12754,13,2.0398875570719017,2026-08-14T00:49:14.143774
12755,14,1688.561915811994,2026-08-14T00:49:14.143774
12756,15,70.51610838454182,2026-08-14T00:49:14.143774
12757,1,69.11746786806677,2026-08-14T00:49:15.590230
12758,2,2.026782852585284,2026-08-14T00:49:15.590230
12759,3,1430.4607336368517,2026-08-14T00:49:15.590230
12760,4,67.16709234022959,2026-08-14T00:49:15.590230
12761,5,2.0410329423664977,2026-08-14T00:49:15.590230
12762,6,1414.9561029275933,2026-08-14T00:49:15.590230
12763,7,67.1216814447661,2026-08-14T00:49:15.590230
12764,8,94.9001826905457,2026-08-14T00:49:15.590230
12765,15,73.81094210732431,2026-08-14T00:49:15.590230
12766,1,66.21508753433451,2026-08-14T00:49:16.150236
12767,2,2.035740835019813,2026-08-14T00:49:16.150236
12768,3,1518.3081280530346,2026-08-14T00:49:16.150236
12769,7,71.20823041504426,2026-08-14T00:49:16.150236
12770,8,93.66449013211772,2026-08-14T00:49:16.150236
12771,9,76.34212352617928,2026-08-14T00:49:16.150236
12772,10,2.057951528677319,2026-08-14T00:49:16.150236
12773,11,1504.601480568353,2026-08-14T00:49:16.150236
12774,12,73.64565019288824,2026-08-14T00:49:16.150236
12775,13,1.908006670332254,2026-08-14T00:49:16.150236
12776,14,1559.444584011607,2026-08-14T00:49:16.150236
12777,15,69.60630492226467,2026-08-14T00:49:16.150236
12778,1,67.31385365239667,2026-08-14T00:49:17.597034
12779,2,1.9375084458671277,2026-08-14T00:49:17.597034
12780,3,1435.618031955698,2026-08-14T00:49:17.597034
12781,4,75.31338301822913,2026-08-14T00:49:17.597034
12782,5,1.8695482912130246,2026-08-14T00:49:17.597034
12783,6,1514.592216756107,2026-08-14T00:49:17.597034
12784,7,69.03639253224384,2026-08-14T00:49:17.597034
12785,8,103.7454465316637,2026-08-14T00:49:17.597034
12786,15,70.70987583939625,2026-08-14T00:49:17.597034
12787,1,70.20585384138747,2026-08-14T00:49:18.157862
12788,2,2.023495376034579,2026-08-14T00:49:18.157862
12789,3,1533.4114753232145,2026-08-14T00:49:18.157862
12790,7,69.59074081069318,2026-08-14T00:49:18.157862
12791,8,98.99670518325519,2026-08-14T00:49:18.157862
12792,9,72.3174636903559,2026-08-14T00:49:18.157862
12793,10,2.075505638348144,2026-08-14T00:49:18.157862
12794,11,1641.5388310274584,2026-08-14T00:49:18.157862
12795,12,66.21223092712995,2026-08-14T00:49:18.157862
12796,13,2.142182984873666,2026-08-14T00:49:18.157862
12797,14,1529.432807209593,2026-08-14T00:49:18.157862
12798,15,66.01541091970984,2026-08-14T00:49:18.157862
12799,1,59.19976276187144,2026-08-14T00:49:19.617917
12800,2,1.8340075702171477,2026-08-14T00:49:19.617917
12801,3,1497.5379892718734,2026-08-14T00:49:19.617917
12802,4,65.03052117290223,2026-08-14T00:49:19.617917
12803,5,1.927932589673766,2026-08-14T00:49:19.617917
12804,6,1594.9546958065225,2026-08-14T00:49:19.617917
12805,7,63.41808320478351,2026-08-14T00:49:19.617917
12806,8,108.6985575034541,2026-08-14T00:49:19.617917
12807,15,63.948182273994355,2026-08-14T00:49:19.617917
12808,1,70.41786106652928,2026-08-14T00:49:20.164845
12809,2,1.9794646484213503,2026-08-14T00:49:20.164845
12810,3,1549.5970075539776,2026-08-14T00:49:20.164845
12811,7,70.40178296193757,2026-08-14T00:49:20.164845
12812,8,101.14460010333303,2026-08-14T00:49:20.164845
12813,9,70.87672361144045,2026-08-14T00:49:20.164845
12814,10,2.201610208131084,2026-08-14T00:49:20.164845
12815,11,1466.0928784241382,2026-08-14T00:49:20.164845
12816,12,68.70973308889045,2026-08-14T00:49:20.164845
12817,13,1.9850615158579032,2026-08-14T00:49:20.164845
12818,14,1469.6411932181572,2026-08-14T00:49:20.164845
12819,15,66.0816570466543,2026-08-14T00:49:20.164845
12820,4,69.12679033340703,2026-08-14T00:49:21.624900
12821,5,1.927321112213234,2026-08-14T00:49:21.624900
12822,6,1465.112754454715,2026-08-14T00:49:21.624900
12823,7,63.900972507509266,2026-08-14T00:49:21.624900
12824,8,100.69873161703194,2026-08-14T00:49:21.624900
12825,15,70.3151354746217,2026-08-14T00:49:21.624900
12826,1,72.83311866612897,2026-08-14T00:49:22.185568
12827,2,2.06513532846016,2026-08-14T00:49:22.185568
12828,3,1526.454407543888,2026-08-14T00:49:22.185568
12829,9,69.75351574140024,2026-08-14T00:49:22.185568
12830,10,2.0786827716576948,2026-08-14T00:49:22.185568
12831,11,1640.8355939291382,2026-08-14T00:49:22.185568
12832,12,75.39875436917956,2026-08-14T00:49:22.185568
12833,13,2.0445401554433373,2026-08-14T00:49:22.185568
12834,14,1511.193234710775,2026-08-14T00:49:22.185568
12835,15,65.66730037736347,2026-08-14T00:49:22.185568
12836,4,74.64704945475549,2026-08-14T00:49:23.645241
12837,5,1.9892886697600192,2026-08-14T00:49:23.645241
12838,6,1496.2654911630204,2026-08-14T00:49:23.645241
12839,7,69.71904993117332,2026-08-14T00:49:23.645241
12840,8,86.83710238071748,2026-08-14T00:49:23.645241
12841,15,68.6571583907641,2026-08-14T00:49:23.645241
12842,1,70.43475242470593,2026-08-14T00:49:24.210739
12843,2,1.9824536715426364,2026-08-14T00:49:24.210739
12844,3,1450.0254937370455,2026-08-14T00:49:24.210739
12845,4,71.72101762031134,2026-08-14T00:49:24.210739
12846,5,1.933661721614848,2026-08-14T00:49:24.210739
12847,6,1541.287199176417,2026-08-14T00:49:24.210739
12848,9,72.46585580458576,2026-08-14T00:49:24.210739
12849,10,1.8441456234200906,2026-08-14T00:49:24.210739
12850,11,1484.7186286246233,2026-08-14T00:49:24.210739
12851,12,76.93689361740469,2026-08-14T00:49:24.210739
12852,13,1.912473767398194,2026-08-14T00:49:24.210739
12853,14,1515.7903654156662,2026-08-14T00:49:24.210739
12854,15,66.49782626958489,2026-08-14T00:49:24.210739
12855,4,77.41941224063791,2026-08-14T00:49:25.672549
12856,5,1.9262201507232835,2026-08-14T00:49:25.672549
12857,6,1409.1460201274435,2026-08-14T00:49:25.672549
12858,7,65.62553002204294,2026-08-14T00:49:25.672549
12859,8,102.76351675049338,2026-08-14T00:49:25.672549
12860,15,66.75526361363178,2026-08-14T00:49:25.672549
12861,1,71.96795776024783,2026-08-14T00:49:26.229333
12862,2,2.0149523890076204,2026-08-14T00:49:26.229333
12863,3,1538.7690564557474,2026-08-14T00:49:26.229333
12864,4,71.91756055814041,2026-08-14T00:49:26.229333
12865,5,1.990847900535923,2026-08-14T00:49:26.229333
12866,6,1474.779217421592,2026-08-14T00:49:26.229333
12867,9,62.56561094450441,2026-08-14T00:49:26.229333
12868,10,2.02592735291871,2026-08-14T00:49:26.229333
12869,11,1634.53871363508,2026-08-14T00:49:26.229333
12870,12,68.74721153034261,2026-08-14T00:49:26.229333
12871,13,1.8159310310982792,2026-08-14T00:49:26.229333
12872,14,1649.388029331286,2026-08-14T00:49:26.229333
12873,15,73.54891255454343,2026-08-14T00:49:26.229333
12874,4,71.08007597067501,2026-08-14T00:49:27.688789
12875,5,2.1568870061957117,2026-08-14T00:49:27.688789
12876,6,1589.132854481565,2026-08-14T00:49:27.688789
12877,7,68.47485531588758,2026-08-14T00:49:27.688789
12878,8,113.89068097008564,2026-08-14T00:49:27.688789
12879,15,71.08461730468478,2026-08-14T00:49:27.688789
12880,1,60.47884960874231,2026-08-14T00:49:28.247877
12881,2,2.0517215220139464,2026-08-14T00:49:28.247877
12882,3,1466.5453516656999,2026-08-14T00:49:28.247877
12883,4,67.45127139200333,2026-08-14T00:49:28.247877
12884,5,1.8529214093132145,2026-08-14T00:49:28.247877
12885,6,1357.1076766844087,2026-08-14T00:49:28.247877
12886,7,70.84665722211973,2026-08-14T00:49:28.247877
12887,8,104.33122442672243,2026-08-14T00:49:28.247877
12888,9,69.35072569883566,2026-08-14T00:49:28.247877
12889,10,1.883627485057939,2026-08-14T00:49:28.247877
12890,11,1511.2199976455277,2026-08-14T00:49:28.247877
12891,12,72.37717949099083,2026-08-14T00:49:28.247877
12892,13,1.9729647327089612,2026-08-14T00:49:28.247877
12893,14,1516.0820337622604,2026-08-14T00:49:28.247877
12894,15,69.58312530205177,2026-08-14T00:49:28.247877
12895,4,69.38915923036402,2026-08-14T00:49:29.695541
12896,5,1.814033714078463,2026-08-14T00:49:29.695541
12897,6,1486.9550299479731,2026-08-14T00:49:29.695541
12898,7,71.14325047320368,2026-08-14T00:49:29.695541
12899,8,102.5739372832766,2026-08-14T00:49:29.695541
12900,15,66.03677176151464,2026-08-14T00:49:29.695541
12901,1,66.75899592389585,2026-08-14T00:49:30.289019
12902,2,1.9621518690589237,2026-08-14T00:49:30.289019
12903,3,1529.4473843205994,2026-08-14T00:49:30.289019
12904,4,71.800305745737,2026-08-14T00:49:30.289019
12905,5,1.8668125571041463,2026-08-14T00:49:30.289019
12906,6,1360.643433945952,2026-08-14T00:49:30.289019
12907,7,67.34360234920283,2026-08-14T00:49:30.289019
12908,8,93.81634821267596,2026-08-14T00:49:30.289019
12909,9,69.51224883875733,2026-08-14T00:49:30.289019
12910,10,2.070887086090612,2026-08-14T00:49:30.289019
12911,11,1559.9860484836368,2026-08-14T00:49:30.289019
12912,12,70.43331666650717,2026-08-14T00:49:30.289019
12913,13,2.040911098988078,2026-08-14T00:49:30.289019
12914,14,1518.9619318900486,2026-08-14T00:49:30.289019
12915,15,70.24730688618651,2026-08-14T00:49:30.289019
12916,1,65.70053464156926,2026-08-14T00:49:31.711946
12917,2,2.0746104984088145,2026-08-14T00:49:31.711946
12918,3,1507.176970269002,2026-08-14T00:49:31.711946
12919,4,70.76971471218819,2026-08-14T00:49:31.711946
12920,5,2.1392854183772725,2026-08-14T00:49:31.711946
12921,6,1471.518732699806,2026-08-14T00:49:31.711946
12922,7,68.41570220544668,2026-08-14T00:49:31.711946
12923,8,97.27024337515012,2026-08-14T00:49:31.711946
12924,12,70.73511693687288,2026-08-14T00:49:31.711946
12925,13,1.90230490448511,2026-08-14T00:49:31.711946
12926,14,1515.0524669409663,2026-08-14T00:49:31.711946
12927,15,66.73230242111745,2026-08-14T00:49:31.711946
12928,4,66.5199927848171,2026-08-14T00:49:32.307653
12929,5,1.9720438902303348,2026-08-14T00:49:32.307653
12930,6,1492.9083490577664,2026-08-14T00:49:32.307653
12931,7,67.93653285275737,2026-08-14T00:49:32.307653
12932,8,102.95425670123868,2026-08-14T00:49:32.307653
12933,9,73.47281846324148,2026-08-14T00:49:32.307653
12934,10,2.0137906906396847,2026-08-14T00:49:32.307653
12935,11,1530.4379887995706,2026-08-14T00:49:32.307653
12936,12,73.13289160163194,2026-08-14T00:49:32.307653
12937,13,1.9023116879753315,2026-08-14T00:49:32.307653
12938,14,1452.1884042718848,2026-08-14T00:49:32.307653
12939,15,72.67849120929957,2026-08-14T00:49:32.307653
12940,1,74.66309881142217,2026-08-14T00:49:33.732779
12941,2,1.9201132235861553,2026-08-14T00:49:33.732779
12942,3,1469.3494798580018,2026-08-14T00:49:33.732779
12943,4,67.46400503017976,2026-08-14T00:49:33.732779
12944,5,1.8107869290159802,2026-08-14T00:49:33.732779
12945,6,1346.8991625397916,2026-08-14T00:49:33.732779
12946,7,72.41635527565607,2026-08-14T00:49:33.732779
12947,8,99.06746629716436,2026-08-14T00:49:33.732779
12948,12,70.73243900512252,2026-08-14T00:49:33.732779
12949,13,1.9593537421614,2026-08-14T00:49:33.732779
12950,14,1519.3933882642707,2026-08-14T00:49:33.732779
12951,15,66.13518118634383,2026-08-14T00:49:33.732779
12952,4,70.63928997305811,2026-08-14T00:49:34.327798
12953,5,1.9969022642955399,2026-08-14T00:49:34.327798
12954,6,1623.4181429242515,2026-08-14T00:49:34.327798
12955,7,70.81873768875171,2026-08-14T00:49:34.327798
12956,8,96.18060649738732,2026-08-14T00:49:34.327798
12957,9,72.09269432222861,2026-08-14T00:49:34.327798
12958,10,1.9506137998880384,2026-08-14T00:49:34.327798
12959,11,1627.8664016640876,2026-08-14T00:49:34.327798
12960,12,76.62714266721227,2026-08-14T00:49:34.327798
12961,13,2.0244305093461064,2026-08-14T00:49:34.327798
12962,14,1442.520900352897,2026-08-14T00:49:34.327798
12963,15,70.06524779141525,2026-08-14T00:49:34.327798
12964,1,73.63462622187461,2026-08-14T00:49:35.753005
12965,2,2.118830721781913,2026-08-14T00:49:35.753005
12966,3,1481.4797701779705,2026-08-14T00:49:35.753005
12967,4,71.50097875619278,2026-08-14T00:49:35.753005
12968,5,1.9463254521934854,2026-08-14T00:49:35.753005
12969,6,1670.7571175862088,2026-08-14T00:49:35.753005
12970,7,64.37393775077334,2026-08-14T00:49:35.753005
12971,8,109.14556067220423,2026-08-14T00:49:35.753005
12972,9,71.4495798850116,2026-08-14T00:49:35.753005
12973,10,1.8876254809847066,2026-08-14T00:49:35.753005
12974,11,1481.1825562512154,2026-08-14T00:49:35.753005
12975,12,74.75439922713754,2026-08-14T00:49:35.753005
12976,13,1.9509955267935708,2026-08-14T00:49:35.753005
12977,14,1647.0345009042214,2026-08-14T00:49:35.753005
12978,4,67.44273740521997,2026-08-14T00:49:36.339828
12979,5,2.079055810988415,2026-08-14T00:49:36.339828
12980,6,1614.707509939975,2026-08-14T00:49:36.339828
12981,7,75.24038070649206,2026-08-14T00:49:36.339828
12982,8,102.59948254786468,2026-08-14T00:49:36.339828
12983,9,71.11065019047808,2026-08-14T00:49:36.339828
12984,10,2.0446044596485953,2026-08-14T00:49:36.339828
12985,11,1407.0003031791769,2026-08-14T00:49:36.339828
12986,12,65.25367334657257,2026-08-14T00:49:36.339828
12987,13,1.942395596558855,2026-08-14T00:49:36.339828
12988,14,1504.0223335890098,2026-08-14T00:49:36.339828
12989,15,64.37672585179867,2026-08-14T00:49:36.339828
12990,1,68.06538935291421,2026-08-14T00:49:37.776191
12991,2,1.9170190838140742,2026-08-14T00:49:37.776191
12992,3,1534.0107547290145,2026-08-14T00:49:37.776191
12993,4,69.95710361636651,2026-08-14T00:49:37.776191
12994,5,2.158664812625356,2026-08-14T00:49:37.776191
12995,6,1627.6539748934795,2026-08-14T00:49:37.776191
12996,7,70.93029324914382,2026-08-14T00:49:37.776191
12997,8,106.536120910479,2026-08-14T00:49:37.776191
12998,9,71.99295544967308,2026-08-14T00:49:37.776191
12999,10,2.0649166669212744,2026-08-14T00:49:37.776191
13000,11,1620.4017405881946,2026-08-14T00:49:37.776191
13001,12,65.07679401620787,2026-08-14T00:49:37.776191
13002,13,1.8767171580159896,2026-08-14T00:49:37.776191
13003,14,1367.9348372442973,2026-08-14T00:49:37.776191
13004,1,71.85966325932672,2026-08-14T00:49:38.359856
13005,2,1.934334829039266,2026-08-14T00:49:38.359856
13006,3,1390.338842894719,2026-08-14T00:49:38.359856
13007,4,70.30852424714112,2026-08-14T00:49:38.359856
13008,5,1.9323559194093731,2026-08-14T00:49:38.359856
13009,6,1509.4827511903243,2026-08-14T00:49:38.359856
13010,7,72.74865313233585,2026-08-14T00:49:38.359856
13011,8,102.35874953995543,2026-08-14T00:49:38.359856
13012,9,71.11468937803929,2026-08-14T00:49:38.359856
13013,10,2.0847400689033164,2026-08-14T00:49:38.359856
13014,11,1435.8835762050157,2026-08-14T00:49:38.359856
13015,12,69.11983494081512,2026-08-14T00:49:38.359856
13016,13,1.9498784118857981,2026-08-14T00:49:38.359856
13017,14,1448.494860827785,2026-08-14T00:49:38.359856
13018,15,70.62937366562495,2026-08-14T00:49:38.359856
13019,1,73.32793945928131,2026-08-14T00:49:39.800897
13020,2,1.8128622095729174,2026-08-14T00:49:39.800897
13021,3,1441.0617091267802,2026-08-14T00:49:39.800897
13022,4,68.17766501453721,2026-08-14T00:49:39.800897
13023,5,1.7129208007323489,2026-08-14T00:49:39.800897
13024,6,1513.4042386213403,2026-08-14T00:49:39.800897
13025,7,69.41621116352601,2026-08-14T00:49:39.800897
13026,8,110.23895934641045,2026-08-14T00:49:39.800897
13027,9,79.70222562973117,2026-08-14T00:49:39.800897
13028,10,2.0079602199039694,2026-08-14T00:49:39.800897
13029,11,1449.6036554375708,2026-08-14T00:49:39.800897
13030,12,63.05550421488518,2026-08-14T00:49:39.800897
13031,13,1.7964802894245935,2026-08-14T00:49:39.800897
13032,14,1412.2494029174882,2026-08-14T00:49:39.800897
13033,1,69.82115257142401,2026-08-14T00:49:40.378613
13034,2,2.090614856015475,2026-08-14T00:49:40.378613
13035,3,1590.9600062002062,2026-08-14T00:49:40.378613
13036,4,74.99126182314228,2026-08-14T00:49:40.378613
13037,5,2.086713568992162,2026-08-14T00:49:40.378613
13038,6,1400.1255689880786,2026-08-14T00:49:40.378613
13039,7,70.82592681564014,2026-08-14T00:49:40.378613
13040,8,103.89580148489684,2026-08-14T00:49:40.378613
13041,9,72.61112681253084,2026-08-14T00:49:40.378613
13042,10,2.0235138128631234,2026-08-14T00:49:40.378613
13043,11,1541.2185298218849,2026-08-14T00:49:40.378613
13044,12,70.40810280518777,2026-08-14T00:49:40.378613
13045,13,1.9913370077646646,2026-08-14T00:49:40.378613
13046,14,1519.4117141982142,2026-08-14T00:49:40.378613
13047,15,70.52489749544591,2026-08-14T00:49:40.378613
13048,1,67.36882416774232,2026-08-14T00:49:41.819683
13049,2,2.0826723748919167,2026-08-14T00:49:41.819683
13050,3,1566.3655504017581,2026-08-14T00:49:41.819683
13051,4,71.0384139162927,2026-08-14T00:49:41.819683
13052,5,2.0640262403641536,2026-08-14T00:49:41.819683
13053,6,1485.556919025809,2026-08-14T00:49:41.819683
13054,7,68.39279568212395,2026-08-14T00:49:41.819683
13055,8,99.7621336031346,2026-08-14T00:49:41.819683
13056,9,71.5635202982958,2026-08-14T00:49:41.819683
13057,10,1.9797833949793064,2026-08-14T00:49:41.819683
13058,11,1474.4079917358522,2026-08-14T00:49:41.819683
13059,12,74.13121394932122,2026-08-14T00:49:41.819683
13060,13,1.9433638283851258,2026-08-14T00:49:41.819683
13061,14,1600.5801685560534,2026-08-14T00:49:41.819683
13062,1,70.91555767201845,2026-08-14T00:49:42.399186
13063,2,2.034355655663049,2026-08-14T00:49:42.399186
13064,3,1377.323974142119,2026-08-14T00:49:42.399186
13065,4,73.86023861687151,2026-08-14T00:49:42.399186
13066,5,1.9491787633883244,2026-08-14T00:49:42.399186
13067,6,1491.0361656415068,2026-08-14T00:49:42.399186
13068,7,67.22978923357108,2026-08-14T00:49:42.399186
13069,8,99.21204385893512,2026-08-14T00:49:42.399186
13070,9,69.7963972764759,2026-08-14T00:49:42.399186
13071,10,1.8986017302545701,2026-08-14T00:49:42.399186
13072,11,1636.1449570695938,2026-08-14T00:49:42.399186
13073,12,67.238763154541,2026-08-14T00:49:42.399186
13074,13,2.0050238468343866,2026-08-14T00:49:42.399186
13075,14,1458.5561906705102,2026-08-14T00:49:42.399186
13076,15,70.64533709553835,2026-08-14T00:49:42.399186
13077,1,73.62579487824065,2026-08-14T00:49:43.839158
13078,2,2.0694927217171144,2026-08-14T00:49:43.839158
13079,3,1428.2014455443364,2026-08-14T00:49:43.839158
13080,4,67.92629110688725,2026-08-14T00:49:43.839158
13081,5,1.9944172360591852,2026-08-14T00:49:43.839158
13082,6,1495.7623904058535,2026-08-14T00:49:43.839158
13083,7,68.4265254328801,2026-08-14T00:49:43.839158
13084,8,104.71659243656957,2026-08-14T00:49:43.839158
13085,9,73.02482913605174,2026-08-14T00:49:43.839158
13086,10,2.0208174236949903,2026-08-14T00:49:43.839158
13087,11,1459.3960400509511,2026-08-14T00:49:43.839158
13088,12,67.93130315108621,2026-08-14T00:49:43.839158
13089,13,1.9609133742619755,2026-08-14T00:49:43.839158
13090,14,1504.5676880061837,2026-08-14T00:49:43.839158
13091,1,67.91603392105253,2026-08-14T00:49:44.422330
13092,2,2.0274568505183623,2026-08-14T00:49:44.422330
13093,3,1497.703265345978,2026-08-14T00:49:44.422330
13094,4,64.54461090392591,2026-08-14T00:49:44.422330
13095,5,2.068187880107527,2026-08-14T00:49:44.422330
13096,6,1450.1740577383214,2026-08-14T00:49:44.422330
13097,7,70.89932531572416,2026-08-14T00:49:44.422330
13098,8,108.4085323661607,2026-08-14T00:49:44.422330
13099,12,70.77962881123936,2026-08-14T00:49:44.422330
13100,13,2.0510052649236905,2026-08-14T00:49:44.422330
13101,14,1436.1785438614202,2026-08-14T00:49:44.422330
13102,15,67.464622804433,2026-08-14T00:49:44.422330
13103,1,68.17356401480062,2026-08-14T00:49:45.858438
13104,2,1.9357777557224698,2026-08-14T00:49:45.858438
13105,3,1366.3411837076092,2026-08-14T00:49:45.858438
13106,4,72.46231170804909,2026-08-14T00:49:45.858438
13107,5,2.019415044141534,2026-08-14T00:49:45.858438
13108,6,1495.950092124852,2026-08-14T00:49:45.858438
13109,7,68.8282513677707,2026-08-14T00:49:45.858438
13110,8,95.92214638347924,2026-08-14T00:49:45.858438
13111,9,74.17440308196429,2026-08-14T00:49:45.858438
13112,10,1.8772750891018126,2026-08-14T00:49:45.858438
13113,11,1525.884331441506,2026-08-14T00:49:45.858438
13114,12,73.05878827942522,2026-08-14T00:49:45.858438
13115,13,2.0427486454175163,2026-08-14T00:49:45.858438
13116,14,1666.0916193157746,2026-08-14T00:49:45.858438
13117,1,71.36252639605549,2026-08-14T00:49:46.446466
13118,2,2.0818551864856105,2026-08-14T00:49:46.446466
13119,3,1599.0504754178944,2026-08-14T00:49:46.446466
13120,4,82.7542977572701,2026-08-14T00:49:46.446466
13121,5,2.037114639001901,2026-08-14T00:49:46.446466
13122,6,1465.234866769835,2026-08-14T00:49:46.446466
13123,7,77.63366677196649,2026-08-14T00:49:46.446466
13124,8,111.00303399671667,2026-08-14T00:49:46.446466
13125,12,75.53741860432692,2026-08-14T00:49:46.446466
13126,13,2.039349557961616,2026-08-14T00:49:46.446466
13127,14,1563.4109733679784,2026-08-14T00:49:46.446466
13128,15,75.43412457911268,2026-08-14T00:49:46.446466
13129,1,75.33294954822917,2026-08-14T00:49:47.879193
13130,2,1.9913663056655335,2026-08-14T00:49:47.879193
13131,3,1351.4591393227627,2026-08-14T00:49:47.879193
13132,4,71.2342517316215,2026-08-14T00:49:47.879193
13133,5,2.1653104483862693,2026-08-14T00:49:47.879193
13134,6,1399.2305328076225,2026-08-14T00:49:47.879193
13135,7,67.0708930313681,2026-08-14T00:49:47.879193
13136,8,103.60013782284146,2026-08-14T00:49:47.879193
13137,9,71.22860414325345,2026-08-14T00:49:47.879193
13138,10,1.9578112687001725,2026-08-14T00:49:47.879193
13139,11,1521.4745989032701,2026-08-14T00:49:47.879193
13140,12,70.6494096876374,2026-08-14T00:49:47.879193
13141,13,1.9412472704376067,2026-08-14T00:49:47.879193
13142,14,1550.2935900650004,2026-08-14T00:49:47.879193
13143,1,76.65834143030465,2026-08-14T00:49:48.465260
13144,2,1.751925080285702,2026-08-14T00:49:48.465260
13145,3,1539.1609108093357,2026-08-14T00:49:48.465260
13146,4,70.56776238385437,2026-08-14T00:49:48.465260
13147,5,1.9852077021057524,2026-08-14T00:49:48.465260
13148,6,1560.2148784879878,2026-08-14T00:49:48.465260
13149,7,69.34298788110992,2026-08-14T00:49:48.465260
13150,8,99.90413924295441,2026-08-14T00:49:48.465260
13151,12,69.23098856897217,2026-08-14T00:49:48.465260
13152,13,1.9212475074346402,2026-08-14T00:49:48.465260
13153,14,1625.6418124303766,2026-08-14T00:49:48.465260
13154,15,67.17963499100738,2026-08-14T00:49:48.465260
13155,1,71.37087880385845,2026-08-14T00:49:49.901488
13156,2,2.0769057334515892,2026-08-14T00:49:49.901488
13157,3,1574.1336794380506,2026-08-14T00:49:49.901488
13158,4,67.26858660685883,2026-08-14T00:49:49.901488
13159,5,1.8921613534560053,2026-08-14T00:49:49.901488
13160,6,1519.2213065283133,2026-08-14T00:49:49.901488
13161,7,70.18160414593346,2026-08-14T00:49:49.901488
13162,8,105.26096345787981,2026-08-14T00:49:49.901488
13163,9,73.16665600537672,2026-08-14T00:49:49.901488
13164,10,2.020779476797612,2026-08-14T00:49:49.901488
13165,11,1524.2021683278367,2026-08-14T00:49:49.901488
13166,12,67.1469280573778,2026-08-14T00:49:49.901488
13167,13,2.0709906432996164,2026-08-14T00:49:49.901488
13168,14,1536.9302251011022,2026-08-14T00:49:49.901488
13169,1,66.01156128370079,2026-08-14T00:49:50.484878
13170,2,1.882592967235044,2026-08-14T00:49:50.484878
13171,3,1660.3253329255988,2026-08-14T00:49:50.484878
13172,4,71.21989801008473,2026-08-14T00:49:50.484878
13173,5,2.0241429330487137,2026-08-14T00:49:50.484878
13174,6,1461.3792746531465,2026-08-14T00:49:50.484878
13175,7,65.69943169913006,2026-08-14T00:49:50.484878
13176,8,99.35713910782566,2026-08-14T00:49:50.484878
13177,12,67.17010699368564,2026-08-14T00:49:50.484878
13178,13,1.9271780624690167,2026-08-14T00:49:50.484878
13179,14,1561.2260297545702,2026-08-14T00:49:50.484878
13180,15,67.96536849486839,2026-08-14T00:49:50.484878
13181,1,64.39964322770898,2026-08-14T00:49:51.919935
13182,2,1.9085504382743634,2026-08-14T00:49:51.919935
13183,3,1614.6548794810635,2026-08-14T00:49:51.919935
13184,4,76.7123565194386,2026-08-14T00:49:51.919935
13185,5,1.9834036938828656,2026-08-14T00:49:51.919935
13186,6,1439.2453801348147,2026-08-14T00:49:51.919935
13187,7,71.47673487342986,2026-08-14T00:49:51.919935
13188,8,100.4511793475573,2026-08-14T00:49:51.919935
13189,9,68.70069698652424,2026-08-14T00:49:51.919935
13190,10,2.0374038648956145,2026-08-14T00:49:51.919935
13191,11,1465.900507729504,2026-08-14T00:49:51.919935
13192,12,71.84510536813083,2026-08-14T00:49:51.919935
13193,13,1.831763695801764,2026-08-14T00:49:51.919935
13194,14,1502.662697998055,2026-08-14T00:49:51.919935
13195,1,68.47061029282304,2026-08-14T00:49:52.504267
13196,2,1.9473950148430805,2026-08-14T00:49:52.504267
13197,3,1470.8399086264847,2026-08-14T00:49:52.504267
13198,4,65.67937004333389,2026-08-14T00:49:52.504267
13199,5,1.945659961927961,2026-08-14T00:49:52.504267
13200,6,1477.2468466587172,2026-08-14T00:49:52.504267
13201,7,63.935976513879815,2026-08-14T00:49:52.504267
13202,8,98.61961145793725,2026-08-14T00:49:52.504267
13203,12,66.97744878136831,2026-08-14T00:49:52.504267
13204,13,1.9713096022137666,2026-08-14T00:49:52.504267
13205,14,1612.9355553482046,2026-08-14T00:49:52.504267
13206,15,69.83315422317516,2026-08-14T00:49:52.504267
13207,1,68.85614624864456,2026-08-14T00:49:53.942400
13208,2,1.9086959895801718,2026-08-14T00:49:53.942400
13209,3,1509.7682345661808,2026-08-14T00:49:53.942400
13210,4,68.31146728132815,2026-08-14T00:49:53.942400
13211,5,1.8677135224024684,2026-08-14T00:49:53.942400
13212,6,1524.377700916851,2026-08-14T00:49:53.942400
13213,7,68.21504870643753,2026-08-14T00:49:53.942400
13214,8,102.06409013330064,2026-08-14T00:49:53.942400
13215,9,69.96194915521792,2026-08-14T00:49:53.942400
13216,10,2.0682832725140465,2026-08-14T00:49:53.942400
13217,11,1642.7268364245595,2026-08-14T00:49:53.942400
13218,12,73.06980642983083,2026-08-14T00:49:53.942400
13219,13,1.966807187853283,2026-08-14T00:49:53.942400
13220,14,1587.4570343128094,2026-08-14T00:49:53.942400
13221,15,61.67087547570289,2026-08-14T00:49:53.942400
13222,1,63.18254523124669,2026-08-14T00:49:54.527871
13223,2,2.160316301630338,2026-08-14T00:49:54.527871
13224,3,1390.708100434669,2026-08-14T00:49:54.527871
13225,4,67.93230313359764,2026-08-14T00:49:54.527871
13226,5,1.9530126032838786,2026-08-14T00:49:54.527871
13227,6,1616.6124612196481,2026-08-14T00:49:54.527871
13228,7,70.12418898931931,2026-08-14T00:49:54.527871
13229,8,103.70176580569228,2026-08-14T00:49:54.527871
13230,12,66.10918706085997,2026-08-14T00:49:54.527871
13231,13,1.8909922964850414,2026-08-14T00:49:54.527871
13232,14,1457.4212033153894,2026-08-14T00:49:54.527871
13233,15,71.8212594238244,2026-08-14T00:49:54.527871
13234,1,62.53007242556677,2026-08-14T00:49:55.961449
13235,2,1.8887019478803213,2026-08-14T00:49:55.961449
13236,3,1483.8758786036346,2026-08-14T00:49:55.961449
13237,4,68.90320351180723,2026-08-14T00:49:55.961449
13238,5,2.213740180218047,2026-08-14T00:49:55.961449
13239,6,1668.499313044279,2026-08-14T00:49:55.961449
13240,7,69.54925025005274,2026-08-14T00:49:55.961449
13241,8,103.3637758283554,2026-08-14T00:49:55.961449
13242,9,69.91941125157078,2026-08-14T00:49:55.961449
13243,10,1.7870059143383572,2026-08-14T00:49:55.961449
13244,11,1413.0247092434677,2026-08-14T00:49:55.961449
13245,12,68.50818177640024,2026-08-14T00:49:55.961449
13246,13,1.8996390007933102,2026-08-14T00:49:55.961449
13247,14,1590.0531798929057,2026-08-14T00:49:55.961449
13248,15,68.05482777134304,2026-08-14T00:49:55.961449
13249,1,70.62163164964042,2026-08-14T00:49:56.546401
13250,2,2.155195060208851,2026-08-14T00:49:56.546401
13251,3,1407.1578922866374,2026-08-14T00:49:56.546401
13252,4,69.92837719130299,2026-08-14T00:49:56.546401
13253,5,2.0645070963326693,2026-08-14T00:49:56.546401
13254,6,1404.0160576706924,2026-08-14T00:49:56.546401
13255,7,69.33322862786581,2026-08-14T00:49:56.546401
13256,8,102.62547879502004,2026-08-14T00:49:56.546401
13257,12,72.26903935662061,2026-08-14T00:49:56.546401
13258,13,1.9666440631726687,2026-08-14T00:49:56.546401
13259,14,1613.7926925429174,2026-08-14T00:49:56.546401
13260,15,73.6401657019103,2026-08-14T00:49:56.546401
13261,1,69.84459541307544,2026-08-14T00:49:57.985551
13262,2,2.0435525678897193,2026-08-14T00:49:57.985551
13263,3,1552.1345349234005,2026-08-14T00:49:57.985551
13264,4,64.56202987450854,2026-08-14T00:49:57.985551
13265,5,2.0794047238761855,2026-08-14T00:49:57.985551
13266,6,1497.28097598721,2026-08-14T00:49:57.985551
13267,7,76.28103321015791,2026-08-14T00:49:57.985551
13268,8,104.29825912725659,2026-08-14T00:49:57.985551
13269,9,62.31694485215708,2026-08-14T00:49:57.985551
13270,10,1.9304820317010278,2026-08-14T00:49:57.985551
13271,11,1523.45672811139,2026-08-14T00:49:57.985551
13272,12,64.56833650465936,2026-08-14T00:49:57.985551
13273,13,2.0392475802608745,2026-08-14T00:49:57.985551
13274,14,1497.9440155239813,2026-08-14T00:49:57.985551
13275,15,68.92924562697262,2026-08-14T00:49:57.985551
13276,1,72.10338012789438,2026-08-14T00:49:58.565580
13277,2,2.1916489632147638,2026-08-14T00:49:58.565580
13278,3,1553.184480694959,2026-08-14T00:49:58.565580
13279,4,59.80327670177803,2026-08-14T00:49:58.565580
13280,5,2.056924260613934,2026-08-14T00:49:58.565580
13281,6,1670.529201103046,2026-08-14T00:49:58.565580
13282,7,69.05243202672548,2026-08-14T00:49:58.565580
13283,8,104.36923194238328,2026-08-14T00:49:58.565580
13284,12,72.35104155836115,2026-08-14T00:49:58.565580
13285,13,2.0369666822982926,2026-08-14T00:49:58.565580
13286,14,1523.8493632349348,2026-08-14T00:49:58.565580
13287,15,70.54144897364574,2026-08-14T00:49:58.565580
13288,1,71.59301011434731,2026-08-14T00:50:00.005708
13289,2,1.7035771218949318,2026-08-14T00:50:00.005708
13290,3,1468.5925106271006,2026-08-14T00:50:00.005708
13291,4,65.69258970710278,2026-08-14T00:50:00.005708
13292,5,1.9986285792040674,2026-08-14T00:50:00.005708
13293,6,1638.731548451487,2026-08-14T00:50:00.005708
13294,7,62.50265784809403,2026-08-14T00:50:00.005708
13295,8,99.7079347454775,2026-08-14T00:50:00.005708
13296,9,68.31257437045251,2026-08-14T00:50:00.005708
13297,10,2.0819991502743784,2026-08-14T00:50:00.005708
13298,11,1392.8223291226814,2026-08-14T00:50:00.005708
13299,12,75.30068711167688,2026-08-14T00:50:00.005708
13300,13,2.002911454005494,2026-08-14T00:50:00.005708
13301,14,1315.9050341009818,2026-08-14T00:50:00.005708
13302,15,69.41012952435563,2026-08-14T00:50:00.005708
13303,1,70.48648903898031,2026-08-14T00:50:00.586745
13304,2,2.000799239648669,2026-08-14T00:50:00.586745
13305,3,1492.153559622983,2026-08-14T00:50:00.586745
13306,4,70.13567947466976,2026-08-14T00:50:00.586745
13307,5,2.0299365953845196,2026-08-14T00:50:00.586745
13308,6,1548.2534277619493,2026-08-14T00:50:00.586745
13309,7,60.76714526561646,2026-08-14T00:50:00.586745
13310,8,97.31286309235435,2026-08-14T00:50:00.586745
13311,15,73.30097368242342,2026-08-14T00:50:00.586745
13312,1,67.44310004324794,2026-08-14T00:50:02.024996
13313,2,2.068459540045366,2026-08-14T00:50:02.024996
13314,3,1622.4476513530858,2026-08-14T00:50:02.024996
13315,4,77.86256793573905,2026-08-14T00:50:02.024996
13316,5,2.0885802909568034,2026-08-14T00:50:02.024996
13317,6,1548.9761043433766,2026-08-14T00:50:02.024996
13318,7,71.74418043827714,2026-08-14T00:50:02.024996
13319,8,105.23356404721115,2026-08-14T00:50:02.024996
13320,9,71.58458685905472,2026-08-14T00:50:02.024996
13321,10,1.8271471635939933,2026-08-14T00:50:02.024996
13322,11,1582.535133469978,2026-08-14T00:50:02.024996
13323,12,69.18270595937332,2026-08-14T00:50:02.024996
13324,13,2.029310556140601,2026-08-14T00:50:02.024996
13325,14,1562.888874454359,2026-08-14T00:50:02.024996
13326,15,63.30301079055502,2026-08-14T00:50:02.024996
13327,1,70.23207186943725,2026-08-14T00:50:02.603278
13328,2,1.9080369777769033,2026-08-14T00:50:02.603278
13329,3,1608.6229306969062,2026-08-14T00:50:02.603278
13330,4,67.53081200818907,2026-08-14T00:50:02.603278
13331,5,1.9625343897122438,2026-08-14T00:50:02.603278
13332,6,1478.7980232007908,2026-08-14T00:50:02.603278
13333,7,67.15582398632722,2026-08-14T00:50:02.603278
13334,8,94.67844624024491,2026-08-14T00:50:02.603278
13335,15,74.60279188547605,2026-08-14T00:50:02.603278
13336,1,70.54130163729715,2026-08-14T00:50:04.043842
13337,2,1.8282659777753145,2026-08-14T00:50:04.043842
13338,3,1465.2478761249322,2026-08-14T00:50:04.043842
13339,4,74.99517455818533,2026-08-14T00:50:04.043842
13340,5,1.9379332811917325,2026-08-14T00:50:04.043842
13341,6,1645.8271720566795,2026-08-14T00:50:04.043842
13342,7,71.26297298454953,2026-08-14T00:50:04.043842
13343,8,101.5977466744029,2026-08-14T00:50:04.043842
13344,9,71.14629847206905,2026-08-14T00:50:04.043842
13345,10,2.0253393605092858,2026-08-14T00:50:04.043842
13346,11,1456.2597472815341,2026-08-14T00:50:04.043842
13347,12,68.0601986224144,2026-08-14T00:50:04.043842
13348,13,2.159227624668177,2026-08-14T00:50:04.043842
13349,14,1481.8221924316733,2026-08-14T00:50:04.043842
13350,15,72.45191235503343,2026-08-14T00:50:04.043842
13351,1,68.11891543883621,2026-08-14T00:50:04.623768
13352,2,2.0145612217972304,2026-08-14T00:50:04.623768
13353,3,1570.8984900510898,2026-08-14T00:50:04.623768
13354,4,68.83103472764849,2026-08-14T00:50:04.623768
13355,5,1.9230329922764493,2026-08-14T00:50:04.623768
13356,6,1586.148554795027,2026-08-14T00:50:04.623768
13357,7,69.7649898829828,2026-08-14T00:50:04.623768
13358,8,103.13431135908456,2026-08-14T00:50:04.623768
13359,15,72.27726630235662,2026-08-14T00:50:04.623768
13360,1,73.7791776655013,2026-08-14T00:50:06.063541
13361,2,2.0591218576790853,2026-08-14T00:50:06.063541
13362,3,1434.613325084969,2026-08-14T00:50:06.063541
13363,4,72.60705879225944,2026-08-14T00:50:06.063541
13364,5,2.1219423658652485,2026-08-14T00:50:06.063541
13365,6,1588.0070868044377,2026-08-14T00:50:06.063541
13366,7,67.95356708862107,2026-08-14T00:50:06.063541
13367,8,101.97002342552601,2026-08-14T00:50:06.063541
13368,9,67.71007594817877,2026-08-14T00:50:06.063541
13369,10,2.205486105428687,2026-08-14T00:50:06.063541
13370,11,1469.8043326995612,2026-08-14T00:50:06.063541
13371,12,74.2425495972035,2026-08-14T00:50:06.063541
13372,13,1.9144908647429597,2026-08-14T00:50:06.063541
13373,14,1462.0911015765253,2026-08-14T00:50:06.063541
13374,15,67.57196370286722,2026-08-14T00:50:06.063541
13375,1,66.51933140453595,2026-08-14T00:50:06.631154
13376,2,2.0243554945108917,2026-08-14T00:50:06.631154
13377,3,1478.7228829331002,2026-08-14T00:50:06.631154
13378,4,66.78413030026782,2026-08-14T00:50:06.631154
13379,5,1.9399911993347714,2026-08-14T00:50:06.631154
13380,6,1497.7021735769436,2026-08-14T00:50:06.631154
13381,7,73.73682266144115,2026-08-14T00:50:06.631154
13382,8,103.68315324058922,2026-08-14T00:50:06.631154
13383,15,65.23087275167731,2026-08-14T00:50:06.631154
13384,1,69.74496162510776,2026-08-14T00:50:08.083221
13385,2,2.074855089179044,2026-08-14T00:50:08.083221
13386,3,1545.3304900542207,2026-08-14T00:50:08.083221
13387,4,65.67959278629188,2026-08-14T00:50:08.083221
13388,5,1.966239805195364,2026-08-14T00:50:08.083221
13389,6,1406.9443863305141,2026-08-14T00:50:08.083221
13390,7,71.53708294208083,2026-08-14T00:50:08.083221
13391,8,113.5143775536394,2026-08-14T00:50:08.083221
13392,9,74.14329313099815,2026-08-14T00:50:08.083221
13393,10,1.960893434700257,2026-08-14T00:50:08.083221
13394,11,1600.6592255381659,2026-08-14T00:50:08.083221
13395,12,65.96634451715784,2026-08-14T00:50:08.083221
13396,13,1.9345607797247037,2026-08-14T00:50:08.083221
13397,14,1545.0949742335117,2026-08-14T00:50:08.083221
13398,15,68.93016043000074,2026-08-14T00:50:08.083221
13399,1,64.43995897452615,2026-08-14T00:50:08.652142
13400,2,2.0969183917361964,2026-08-14T00:50:08.652142
13401,3,1468.116756728093,2026-08-14T00:50:08.652142
13402,4,73.28988146893168,2026-08-14T00:50:08.652142
13403,5,2.048927285464755,2026-08-14T00:50:08.652142
13404,6,1507.3367005751297,2026-08-14T00:50:08.652142
13405,7,66.60839942813739,2026-08-14T00:50:08.652142
13406,8,105.03101549086637,2026-08-14T00:50:08.652142
13407,15,68.41423173521416,2026-08-14T00:50:08.652142
13408,1,73.53490419465113,2026-08-14T00:50:10.106624
13409,2,1.9431730018812035,2026-08-14T00:50:10.106624
13410,3,1503.3370701079175,2026-08-14T00:50:10.106624
13411,4,71.55970361813992,2026-08-14T00:50:10.106624
13412,5,2.078816922077498,2026-08-14T00:50:10.106624
13413,6,1525.6582169617957,2026-08-14T00:50:10.106624
13414,7,66.17368163898196,2026-08-14T00:50:10.106624
13415,8,96.32716130664893,2026-08-14T00:50:10.106624
13416,9,73.8628709704815,2026-08-14T00:50:10.106624
13417,10,1.927943366253412,2026-08-14T00:50:10.106624
13418,11,1349.1215585467937,2026-08-14T00:50:10.106624
13419,12,69.98818566764922,2026-08-14T00:50:10.106624
13420,13,1.9191959488602313,2026-08-14T00:50:10.106624
13421,14,1519.0786477905099,2026-08-14T00:50:10.106624
13422,15,68.539447015131,2026-08-14T00:50:10.106624
13423,1,69.44743860598032,2026-08-14T00:50:10.658540
13424,2,1.9405722977808773,2026-08-14T00:50:10.658540
13425,3,1464.6944069084439,2026-08-14T00:50:10.658540
13426,4,72.38115313977615,2026-08-14T00:50:10.658540
13427,5,1.7872590463760207,2026-08-14T00:50:10.658540
13428,6,1493.7537852165337,2026-08-14T00:50:10.658540
13429,7,65.94349904136584,2026-08-14T00:50:10.658540
13430,8,102.29771279577494,2026-08-14T00:50:10.658540
13431,15,63.07524538561068,2026-08-14T00:50:10.658540
13432,1,71.5946678607335,2026-08-14T00:50:12.113384
13433,2,2.0316532278873605,2026-08-14T00:50:12.113384
13434,3,1430.5230827002028,2026-08-14T00:50:12.113384
13435,4,64.84120119877278,2026-08-14T00:50:12.113384
13436,5,2.0389493762961917,2026-08-14T00:50:12.113384
13437,6,1569.4876513406464,2026-08-14T00:50:12.113384
13438,7,72.44226139525044,2026-08-14T00:50:12.113384
13439,8,101.20220250932631,2026-08-14T00:50:12.113384
13440,9,69.7189055910963,2026-08-14T00:50:12.113384
13441,10,1.9683550344439675,2026-08-14T00:50:12.113384
13442,11,1516.6583436136739,2026-08-14T00:50:12.113384
13443,12,69.4339167816808,2026-08-14T00:50:12.113384
13444,13,1.9845395832716177,2026-08-14T00:50:12.113384
13445,14,1533.6268907265976,2026-08-14T00:50:12.113384
13446,15,60.981519379822245,2026-08-14T00:50:12.113384
13447,1,73.26175559434158,2026-08-14T00:50:12.677658
13448,2,2.0520901809692265,2026-08-14T00:50:12.677658
13449,3,1527.7880604767647,2026-08-14T00:50:12.677658
13450,4,73.832070261603,2026-08-14T00:50:12.677658
13451,5,1.9723479402050268,2026-08-14T00:50:12.677658
13452,6,1441.7114520517607,2026-08-14T00:50:12.677658
13453,7,70.47575594029382,2026-08-14T00:50:12.677658
13454,8,103.91827714290811,2026-08-14T00:50:12.677658
13455,15,71.2310231330109,2026-08-14T00:50:12.677658
13456,1,69.13715992687969,2026-08-14T00:50:14.119019
13457,2,2.0389912533115706,2026-08-14T00:50:14.119019
13458,3,1561.8069988755221,2026-08-14T00:50:14.119019
13459,4,66.41232004044106,2026-08-14T00:50:14.119019
13460,5,1.9990011386647428,2026-08-14T00:50:14.119019
13461,6,1552.002583364636,2026-08-14T00:50:14.119019
13462,7,72.51792103140185,2026-08-14T00:50:14.119019
13463,8,101.54205023615833,2026-08-14T00:50:14.119019
13464,9,70.84099294001687,2026-08-14T00:50:14.119019
13465,10,2.0650984592868373,2026-08-14T00:50:14.119019
13466,11,1452.7779300703346,2026-08-14T00:50:14.119019
13467,12,69.89667055663739,2026-08-14T00:50:14.119019
13468,13,1.9979151017866497,2026-08-14T00:50:14.119019
13469,14,1500.2124020449394,2026-08-14T00:50:14.119019
13470,15,71.04290011387076,2026-08-14T00:50:14.119019
13471,1,69.69206596811006,2026-08-14T00:50:14.685903
13472,2,1.9714480004527626,2026-08-14T00:50:14.685903
13473,3,1453.9920823378611,2026-08-14T00:50:14.685903
13474,4,77.0937347235515,2026-08-14T00:50:14.685903
13475,5,2.1407369258609723,2026-08-14T00:50:14.685903
13476,6,1549.8987840204202,2026-08-14T00:50:14.685903
13477,7,62.17276624841723,2026-08-14T00:50:14.685903
13478,8,99.82564973072212,2026-08-14T00:50:14.685903
13479,15,70.66420707954151,2026-08-14T00:50:14.685903
13480,1,71.56240766205269,2026-08-14T00:50:16.127261
13481,2,2.0622937509688044,2026-08-14T00:50:16.127261
13482,3,1475.0953482966252,2026-08-14T00:50:16.127261
13483,4,68.49292078329327,2026-08-14T00:50:16.127261
13484,5,1.9092184842298072,2026-08-14T00:50:16.127261
13485,6,1594.766847718383,2026-08-14T00:50:16.127261
13486,9,70.12762964063265,2026-08-14T00:50:16.127261
13487,10,1.9631022142674115,2026-08-14T00:50:16.127261
13488,11,1590.4315477775795,2026-08-14T00:50:16.127261
13489,12,67.58439573632565,2026-08-14T00:50:16.127261
13490,13,2.26684539106163,2026-08-14T00:50:16.127261
13491,14,1458.2499450528014,2026-08-14T00:50:16.127261
13492,15,70.11687712251768,2026-08-14T00:50:16.127261
13493,1,68.30541186523584,2026-08-14T00:50:16.703910
13494,2,2.2543255632089743,2026-08-14T00:50:16.703910
13495,3,1643.4894902510082,2026-08-14T00:50:16.703910
13496,4,70.44936417538023,2026-08-14T00:50:16.703910
13497,5,1.875948290358269,2026-08-14T00:50:16.703910
13498,6,1357.5041746301765,2026-08-14T00:50:16.703910
13499,7,73.10059684813339,2026-08-14T00:50:16.703910
13500,8,103.61162384021436,2026-08-14T00:50:16.703910
13501,15,60.73898654246164,2026-08-14T00:50:16.703910
13502,1,67.65557699609559,2026-08-14T00:50:18.153293
13503,2,1.9051374219669532,2026-08-14T00:50:18.153293
13504,3,1608.1774707268505,2026-08-14T00:50:18.153293
13505,4,73.66985871330009,2026-08-14T00:50:18.153293
13506,5,2.012551615473868,2026-08-14T00:50:18.153293
13507,6,1625.128334779279,2026-08-14T00:50:18.153293
13508,9,74.38243981469914,2026-08-14T00:50:18.153293
13509,10,2.0778717913898666,2026-08-14T00:50:18.153293
13510,11,1511.9928840708537,2026-08-14T00:50:18.153293
13511,12,68.81557841228974,2026-08-14T00:50:18.153293
13512,13,2.004019548591705,2026-08-14T00:50:18.153293
13513,14,1566.9385417218173,2026-08-14T00:50:18.153293
13514,15,69.23576269238002,2026-08-14T00:50:18.153293
13515,1,68.35955825432325,2026-08-14T00:50:18.723573
13516,2,2.0315766464876353,2026-08-14T00:50:18.723573
13517,3,1462.6501366903835,2026-08-14T00:50:18.723573
13518,4,70.3562832857538,2026-08-14T00:50:18.723573
13519,5,2.029447328421162,2026-08-14T00:50:18.723573
13520,6,1608.8927310082197,2026-08-14T00:50:18.723573
13521,7,66.1709412708607,2026-08-14T00:50:18.723573
13522,8,101.84068030451475,2026-08-14T00:50:18.723573
13523,15,70.20804168285932,2026-08-14T00:50:18.723573
13524,1,66.68454003147214,2026-08-14T00:50:20.159126
13525,2,2.0427520570009,2026-08-14T00:50:20.159126
13526,3,1611.9116784008543,2026-08-14T00:50:20.159126
13527,4,69.41761794260182,2026-08-14T00:50:20.159126
13528,5,2.013352895124237,2026-08-14T00:50:20.159126
13529,6,1445.8363503446694,2026-08-14T00:50:20.159126
13530,9,65.41226538280674,2026-08-14T00:50:20.159126
13531,10,1.888696773755464,2026-08-14T00:50:20.159126
13532,11,1500.1692390670978,2026-08-14T00:50:20.159126
13533,12,69.07643849821504,2026-08-14T00:50:20.159126
13534,13,2.0079592254357466,2026-08-14T00:50:20.159126
13535,14,1579.703996681613,2026-08-14T00:50:20.159126
13536,15,73.96194058881282,2026-08-14T00:50:20.159126
13537,1,71.80330277523377,2026-08-14T00:50:20.742882
13538,2,2.026337834658382,2026-08-14T00:50:20.742882
13539,3,1552.3335494693747,2026-08-14T00:50:20.742882
13540,4,77.58435437441297,2026-08-14T00:50:20.742882
13541,5,2.0029926260893767,2026-08-14T00:50:20.742882
13542,6,1574.6375449754817,2026-08-14T00:50:20.742882
13543,7,77.18661567660645,2026-08-14T00:50:20.742882
13544,8,93.6041315751363,2026-08-14T00:50:20.742882
13545,15,68.76505823880507,2026-08-14T00:50:20.742882
13546,1,65.18714608868534,2026-08-14T00:50:22.178198
13547,2,1.968380975976076,2026-08-14T00:50:22.178198
13548,3,1451.264932413508,2026-08-14T00:50:22.178198
13549,9,68.25427692805391,2026-08-14T00:50:22.178198
13550,10,1.8803708587330923,2026-08-14T00:50:22.178198
13551,11,1547.0872941142723,2026-08-14T00:50:22.178198
13552,12,75.83594158253158,2026-08-14T00:50:22.178198
13553,13,2.0230573696362373,2026-08-14T00:50:22.178198
13554,14,1406.260442966862,2026-08-14T00:50:22.178198
13555,15,69.5826802231719,2026-08-14T00:50:22.178198
13556,1,63.02613984066722,2026-08-14T00:50:22.762691
13557,2,1.8436768531361076,2026-08-14T00:50:22.762691
13558,3,1465.0848125298098,2026-08-14T00:50:22.762691
13559,4,73.36700921158759,2026-08-14T00:50:22.762691
13560,5,1.9125012376115578,2026-08-14T00:50:22.762691
13561,6,1718.0726157636732,2026-08-14T00:50:22.762691
13562,7,71.13959781655403,2026-08-14T00:50:22.762691
13563,8,102.8436221913589,2026-08-14T00:50:22.762691
13564,15,66.03381455371753,2026-08-14T00:50:22.762691
13565,1,69.73450940831813,2026-08-14T00:50:24.197426
13566,2,2.068067155348421,2026-08-14T00:50:24.197426
13567,3,1414.369960407536,2026-08-14T00:50:24.197426
13568,9,72.21195810953229,2026-08-14T00:50:24.197426
13569,10,1.9263672502058258,2026-08-14T00:50:24.197426
13570,11,1534.1473633848977,2026-08-14T00:50:24.197426
13571,12,66.31323655877068,2026-08-14T00:50:24.197426
13572,13,2.0065209217554867,2026-08-14T00:50:24.197426
13573,14,1435.5547866178113,2026-08-14T00:50:24.197426
13574,15,75.84690867332361,2026-08-14T00:50:24.197426
13575,1,72.91364529403914,2026-08-14T00:50:24.788792
13576,2,1.9901999554137353,2026-08-14T00:50:24.788792
13577,3,1529.733371709556,2026-08-14T00:50:24.788792
13578,4,71.40657200470395,2026-08-14T00:50:24.788792
13579,5,1.9927095752030253,2026-08-14T00:50:24.788792
13580,6,1438.6901611345327,2026-08-14T00:50:24.788792
13581,7,74.33163480134652,2026-08-14T00:50:24.788792
13582,8,101.0746303740467,2026-08-14T00:50:24.788792
13583,15,63.06696244182827,2026-08-14T00:50:24.788792
13584,1,75.94304475162646,2026-08-14T00:50:26.217085
13585,2,2.221973911228118,2026-08-14T00:50:26.217085
13586,3,1522.1558151888235,2026-08-14T00:50:26.217085
13587,9,69.27777093892676,2026-08-14T00:50:26.217085
13588,10,1.9371540181294147,2026-08-14T00:50:26.217085
13589,11,1475.5837887210823,2026-08-14T00:50:26.217085
13590,12,73.98184700050099,2026-08-14T00:50:26.217085
13591,13,1.9439398944558721,2026-08-14T00:50:26.217085
13592,14,1367.4864779681564,2026-08-14T00:50:26.217085
13593,15,63.61171477814338,2026-08-14T00:50:26.217085
13594,1,72.0091473484717,2026-08-14T00:50:26.807633
13595,2,2.1125972833169433,2026-08-14T00:50:26.807633
13596,3,1535.0456536416716,2026-08-14T00:50:26.807633
13597,4,71.87204924453054,2026-08-14T00:50:26.807633
13598,5,2.156534077415484,2026-08-14T00:50:26.807633
13599,6,1489.4734030991551,2026-08-14T00:50:26.807633
13600,7,73.12352951358316,2026-08-14T00:50:26.807633
13601,8,103.26296054073883,2026-08-14T00:50:26.807633
13602,15,73.61291895950728,2026-08-14T00:50:26.807633
13603,1,69.58921499916288,2026-08-14T00:50:28.237162
13604,2,1.7760252710220663,2026-08-14T00:50:28.237162
13605,3,1675.5319316717878,2026-08-14T00:50:28.237162
13606,9,74.98898604195547,2026-08-14T00:50:28.237162
13607,10,2.007820736609208,2026-08-14T00:50:28.237162
13608,11,1423.354021232805,2026-08-14T00:50:28.237162
13609,12,65.44263331568592,2026-08-14T00:50:28.237162
13610,13,1.912488931090452,2026-08-14T00:50:28.237162
13611,14,1501.288502074948,2026-08-14T00:50:28.237162
13612,15,76.84429223357715,2026-08-14T00:50:28.237162
13613,1,66.57805117933603,2026-08-14T00:50:28.813579
13614,2,2.098795789375324,2026-08-14T00:50:28.813579
13615,3,1360.068331991844,2026-08-14T00:50:28.813579
13616,4,66.94640772092085,2026-08-14T00:50:28.813579
13617,5,2.1519484786902296,2026-08-14T00:50:28.813579
13618,6,1469.961521628445,2026-08-14T00:50:28.813579
13619,7,68.23468678164932,2026-08-14T00:50:28.813579
13620,8,101.7419571898489,2026-08-14T00:50:28.813579
13621,15,67.79951430965562,2026-08-14T00:50:28.813579
13622,1,67.41424289034082,2026-08-14T00:50:30.264489
13623,2,2.1011918080756113,2026-08-14T00:50:30.264489
13624,3,1409.7237306097988,2026-08-14T00:50:30.264489
13625,9,70.95733199119401,2026-08-14T00:50:30.264489
13626,10,1.918692411896723,2026-08-14T00:50:30.264489
13627,11,1437.7057855864398,2026-08-14T00:50:30.264489
13628,12,68.6631051739941,2026-08-14T00:50:30.264489
13629,13,2.081513518083217,2026-08-14T00:50:30.264489
13630,14,1504.213604280263,2026-08-14T00:50:30.264489
13631,15,77.19978732183043,2026-08-14T00:50:30.264489
13632,1,72.80346759133693,2026-08-14T00:50:30.845752
13633,2,2.1254764335930743,2026-08-14T00:50:30.845752
13634,3,1511.897741318941,2026-08-14T00:50:30.845752
13635,4,67.02270388945992,2026-08-14T00:50:30.845752
13636,5,1.9561361535064536,2026-08-14T00:50:30.845752
13637,6,1568.070251624748,2026-08-14T00:50:30.845752
13638,7,73.38025156632841,2026-08-14T00:50:30.845752
13639,8,102.04525122639295,2026-08-14T00:50:30.845752
13640,1,70.02584283751236,2026-08-14T00:50:32.283993
13641,2,1.9326086718763382,2026-08-14T00:50:32.283993
13642,3,1585.9118326323273,2026-08-14T00:50:32.283993
13643,9,69.57586768358355,2026-08-14T00:50:32.283993
13644,10,2.0965581614336335,2026-08-14T00:50:32.283993
13645,11,1464.1118017454107,2026-08-14T00:50:32.283993
13646,12,71.21670050997766,2026-08-14T00:50:32.283993
13647,13,2.0541717745464596,2026-08-14T00:50:32.283993
13648,14,1568.632078269741,2026-08-14T00:50:32.283993
13649,15,69.21730010436234,2026-08-14T00:50:32.283993
13650,1,67.10866931204453,2026-08-14T00:50:32.865516
13651,2,1.9465970303664788,2026-08-14T00:50:32.865516
13652,3,1488.8955344420197,2026-08-14T00:50:32.865516
13653,7,72.95078666821706,2026-08-14T00:50:32.865516
13654,8,99.50520996888287,2026-08-14T00:50:32.865516
13655,15,65.84715298091572,2026-08-14T00:50:32.865516
13656,1,70.35423460315602,2026-08-14T00:50:34.305704
13657,2,1.9756212288243378,2026-08-14T00:50:34.305704
13658,3,1519.0491579759732,2026-08-14T00:50:34.305704
13659,7,68.54962614694008,2026-08-14T00:50:34.305704
13660,8,101.09740234417079,2026-08-14T00:50:34.305704
13661,9,72.75790285071326,2026-08-14T00:50:34.305704
13662,10,2.1662704151582535,2026-08-14T00:50:34.305704
13663,11,1463.7800462762302,2026-08-14T00:50:34.305704
13664,12,65.2623261753874,2026-08-14T00:50:34.305704
13665,13,2.009595185850804,2026-08-14T00:50:34.305704
13666,14,1529.7430018222778,2026-08-14T00:50:34.305704
13667,15,72.52070575744872,2026-08-14T00:50:34.305704
13668,1,66.50829735732135,2026-08-14T00:50:34.884460
13669,2,1.9698661035861578,2026-08-14T00:50:34.884460
13670,3,1512.3606965669549,2026-08-14T00:50:34.884460
13671,7,64.07737539336215,2026-08-14T00:50:34.884460
13672,8,98.89685908847092,2026-08-14T00:50:34.884460
13673,12,71.21834282263413,2026-08-14T00:50:34.884460
13674,13,2.074844455817204,2026-08-14T00:50:34.884460
13675,14,1537.133017681989,2026-08-14T00:50:34.884460
13676,15,71.25232416443984,2026-08-14T00:50:34.884460
13677,1,76.84538751469329,2026-08-14T00:50:36.336235
13678,2,1.9598701573206587,2026-08-14T00:50:36.336235
13679,3,1571.5605308765375,2026-08-14T00:50:36.336235
13680,4,63.06945267829264,2026-08-14T00:50:36.336235
13681,5,2.0027253590475884,2026-08-14T00:50:36.336235
13682,6,1400.0475022874161,2026-08-14T00:50:36.336235
13683,7,71.47250366999181,2026-08-14T00:50:36.336235
13684,8,99.8269237617047,2026-08-14T00:50:36.336235
13685,9,65.79339415107447,2026-08-14T00:50:36.336235
13686,10,1.9620763133960017,2026-08-14T00:50:36.336235
13687,11,1558.6844712969087,2026-08-14T00:50:36.336235
13688,12,68.25510014673267,2026-08-14T00:50:36.336235
13689,13,1.9092946786775706,2026-08-14T00:50:36.336235
13690,14,1404.1110104912655,2026-08-14T00:50:36.336235
13691,15,76.2670626100735,2026-08-14T00:50:36.336235
13692,1,71.11212462061299,2026-08-14T00:50:36.903591
13693,2,1.9909066397666613,2026-08-14T00:50:36.903591
13694,3,1592.2676841909715,2026-08-14T00:50:36.903591
13695,7,71.70833876762879,2026-08-14T00:50:36.903591
13696,8,93.93667980671307,2026-08-14T00:50:36.903591
13697,12,71.08409112944958,2026-08-14T00:50:36.903591
13698,13,2.136404847343705,2026-08-14T00:50:36.903591
13699,14,1426.7928198213451,2026-08-14T00:50:36.903591
13700,15,69.23859794604365,2026-08-14T00:50:36.903591
13701,1,67.0026728656279,2026-08-14T00:50:38.341838
13702,2,2.0917466681462997,2026-08-14T00:50:38.341838
13703,3,1690.7804599509018,2026-08-14T00:50:38.341838
13704,4,71.87985434858557,2026-08-14T00:50:38.341838
13705,5,1.9715227107175775,2026-08-14T00:50:38.341838
13706,6,1506.849817337289,2026-08-14T00:50:38.341838
13707,7,73.17468447503192,2026-08-14T00:50:38.341838
13708,8,89.76364163679492,2026-08-14T00:50:38.341838
13709,9,65.39302387501053,2026-08-14T00:50:38.341838
13710,10,2.1749860995754817,2026-08-14T00:50:38.341838
13711,11,1488.178787894952,2026-08-14T00:50:38.341838
13712,12,71.30439823607054,2026-08-14T00:50:38.341838
13713,13,1.970748445560466,2026-08-14T00:50:38.341838
13714,14,1565.6624730489239,2026-08-14T00:50:38.341838
13715,15,73.84425966004801,2026-08-14T00:50:38.341838
13716,1,71.44733564473648,2026-08-14T00:50:38.910699
13717,2,2.04826185948314,2026-08-14T00:50:38.910699
13718,3,1518.5166251350574,2026-08-14T00:50:38.910699
13719,9,66.14390661140905,2026-08-14T00:50:38.910699
13720,10,2.085422430121175,2026-08-14T00:50:38.910699
13721,11,1533.9182547928992,2026-08-14T00:50:38.910699
13722,12,73.08215749608144,2026-08-14T00:50:38.910699
13723,13,1.9967265495194382,2026-08-14T00:50:38.910699
13724,14,1478.5766877004548,2026-08-14T00:50:38.910699
13725,15,71.10441196889101,2026-08-14T00:50:38.910699
13726,1,73.29156684620096,2026-08-14T00:50:40.372977
13727,2,1.8401462885483661,2026-08-14T00:50:40.372977
13728,3,1476.0252771159714,2026-08-14T00:50:40.372977
13729,4,76.50613910573179,2026-08-14T00:50:40.372977
13730,5,2.029630489833899,2026-08-14T00:50:40.372977
13731,6,1534.9666590071429,2026-08-14T00:50:40.372977
13732,7,64.52766961750336,2026-08-14T00:50:40.372977
13733,8,98.84857325641539,2026-08-14T00:50:40.372977
13734,12,72.9635647679565,2026-08-14T00:50:40.372977
13735,13,1.9803642970718658,2026-08-14T00:50:40.372977
13736,14,1648.864809655097,2026-08-14T00:50:40.372977
13737,15,69.98466120216779,2026-08-14T00:50:40.372977
13738,1,78.409450731488,2026-08-14T00:50:40.934844
13739,2,2.0531808492375454,2026-08-14T00:50:40.934844
13740,3,1458.7496134768428,2026-08-14T00:50:40.934844
13741,9,69.18726667298962,2026-08-14T00:50:40.934844
13742,10,1.9795212791860994,2026-08-14T00:50:40.934844
13743,11,1570.4422519510053,2026-08-14T00:50:40.934844
13744,12,66.35655471437776,2026-08-14T00:50:40.934844
13745,13,2.1698623482967174,2026-08-14T00:50:40.934844
13746,14,1636.113552534061,2026-08-14T00:50:40.934844
13747,15,65.01953539137044,2026-08-14T00:50:40.934844
13748,1,71.74866986693138,2026-08-14T00:50:42.393150
13749,2,1.9170805400792388,2026-08-14T00:50:42.393150
13750,3,1425.8387573079883,2026-08-14T00:50:42.393150
13751,4,64.35657898873359,2026-08-14T00:50:42.393150
13752,5,2.134215370316953,2026-08-14T00:50:42.393150
13753,6,1517.2497508349438,2026-08-14T00:50:42.393150
13754,7,71.8395648454972,2026-08-14T00:50:42.393150
13755,8,103.5864139915044,2026-08-14T00:50:42.393150
13756,12,69.40553848999089,2026-08-14T00:50:42.393150
13757,13,1.9103829901871845,2026-08-14T00:50:42.393150
13758,14,1445.9163057222893,2026-08-14T00:50:42.393150
13759,15,70.37116012198024,2026-08-14T00:50:42.393150
13760,1,67.97123081824535,2026-08-14T00:50:42.964806
13761,2,2.109817800792115,2026-08-14T00:50:42.964806
13762,3,1591.9034345893606,2026-08-14T00:50:42.964806
13763,9,66.08470075115716,2026-08-14T00:50:42.964806
13764,10,1.8505855525476305,2026-08-14T00:50:42.964806
13765,11,1528.5113510328902,2026-08-14T00:50:42.964806
13766,12,69.81119118450171,2026-08-14T00:50:42.964806
13767,13,1.9530730108325547,2026-08-14T00:50:42.964806
13768,14,1440.3419973594482,2026-08-14T00:50:42.964806
13769,15,66.5422874208923,2026-08-14T00:50:42.964806
13770,1,67.5147688111836,2026-08-14T00:50:44.412392
13771,2,2.099205031323098,2026-08-14T00:50:44.412392
13772,3,1510.489523055358,2026-08-14T00:50:44.412392
13773,4,65.08542767266665,2026-08-14T00:50:44.412392
13774,5,1.981050194113897,2026-08-14T00:50:44.412392
13775,6,1446.384251738227,2026-08-14T00:50:44.412392
13776,7,66.80749859248107,2026-08-14T00:50:44.412392
13777,8,102.10039435668466,2026-08-14T00:50:44.412392
13778,12,68.96146000363075,2026-08-14T00:50:44.412392
13779,13,2.1221059108312152,2026-08-14T00:50:44.412392
13780,14,1360.787598142141,2026-08-14T00:50:44.412392
13781,15,71.162376352914,2026-08-14T00:50:44.412392
13782,1,77.86033005187178,2026-08-14T00:50:44.992456
13783,2,2.0016586045084535,2026-08-14T00:50:44.992456
13784,3,1540.0518971731058,2026-08-14T00:50:44.992456
13785,9,72.4072789046594,2026-08-14T00:50:44.992456
13786,10,2.139788919561159,2026-08-14T00:50:44.992456
13787,11,1415.1689175827423,2026-08-14T00:50:44.992456
13788,12,70.44435537413227,2026-08-14T00:50:44.992456
13789,13,2.0330480313069654,2026-08-14T00:50:44.992456
13790,14,1426.782788963992,2026-08-14T00:50:44.992456
13791,15,64.09608370846166,2026-08-14T00:50:44.992456
13792,4,66.68932049499901,2026-08-14T00:50:46.432754
13793,5,2.0168439127514115,2026-08-14T00:50:46.432754
13794,6,1392.8044485084145,2026-08-14T00:50:46.432754
13795,7,71.53916649077317,2026-08-14T00:50:46.432754
13796,8,97.09674951421017,2026-08-14T00:50:46.432754
13797,12,69.27643392247997,2026-08-14T00:50:46.432754
13798,13,1.9315197135772322,2026-08-14T00:50:46.432754
13799,14,1400.9591191734498,2026-08-14T00:50:46.432754
13800,15,72.19818489446384,2026-08-14T00:50:46.432754
13801,7,73.95154797937218,2026-08-14T00:50:47.013614
13802,8,107.83620695937873,2026-08-14T00:50:47.013614
13803,9,69.79126364906476,2026-08-14T00:50:47.013614
13804,10,2.1053470568412456,2026-08-14T00:50:47.013614
13805,11,1511.391430980264,2026-08-14T00:50:47.013614
13806,12,75.0185051805044,2026-08-14T00:50:47.013614
13807,13,2.0814636084844444,2026-08-14T00:50:47.013614
13808,14,1482.4793935927344,2026-08-14T00:50:47.013614
13809,15,72.04988381928709,2026-08-14T00:50:47.013614
13810,4,68.18035154485582,2026-08-14T00:50:48.454067
13811,5,1.9751928878040488,2026-08-14T00:50:48.454067
13812,6,1589.36513245607,2026-08-14T00:50:48.454067
13813,7,72.15161778762112,2026-08-14T00:50:48.454067
13814,8,106.54925461265967,2026-08-14T00:50:48.454067
13815,12,65.14926903283737,2026-08-14T00:50:48.454067
13816,13,1.8689227185467785,2026-08-14T00:50:48.454067
13817,14,1540.0376282853265,2026-08-14T00:50:48.454067
13818,15,69.9529279902096,2026-08-14T00:50:48.454067
13819,7,72.23431053450005,2026-08-14T00:50:49.019771
13820,8,86.6460269007029,2026-08-14T00:50:49.019771
13821,9,68.475799457229,2026-08-14T00:50:49.019771
13822,10,2.010823827596994,2026-08-14T00:50:49.019771
13823,11,1531.911280849013,2026-08-14T00:50:49.019771
13824,12,70.82655692958733,2026-08-14T00:50:49.019771
13825,13,1.9684900503583047,2026-08-14T00:50:49.019771
13826,14,1450.150585853133,2026-08-14T00:50:49.019771
13827,15,76.8186699996198,2026-08-14T00:50:49.019771
13828,4,68.01323192162856,2026-08-14T00:50:50.483513
13829,5,2.0055169465629965,2026-08-14T00:50:50.483513
13830,6,1430.3532832899168,2026-08-14T00:50:50.483513
13831,7,68.03353049253792,2026-08-14T00:50:50.483513
13832,8,102.79192154399657,2026-08-14T00:50:50.483513
13833,15,64.93176788328772,2026-08-14T00:50:50.483513
13834,7,70.39006931327542,2026-08-14T00:50:51.040101
13835,8,103.02044634670484,2026-08-14T00:50:51.040101
13836,9,66.48729362599794,2026-08-14T00:50:51.040101
13837,10,1.8334123741409964,2026-08-14T00:50:51.040101
13838,11,1279.2832576293015,2026-08-14T00:50:51.040101
13839,12,66.04236628055064,2026-08-14T00:50:51.040101
13840,13,1.8491142018023572,2026-08-14T00:50:51.040101
13841,14,1415.1636921581464,2026-08-14T00:50:51.040101
13842,15,69.91112408653909,2026-08-14T00:50:51.040101
13843,1,64.02466522592289,2026-08-14T00:50:52.511528
13844,2,2.0336661966711085,2026-08-14T00:50:52.511528
13845,3,1420.8033723971328,2026-08-14T00:50:52.511528
13846,4,65.54183449606381,2026-08-14T00:50:52.511528
13847,5,2.0496344908738195,2026-08-14T00:50:52.511528
13848,6,1367.2055262391048,2026-08-14T00:50:52.511528
13849,7,71.50840768066823,2026-08-14T00:50:52.511528
13850,8,99.10417939612411,2026-08-14T00:50:52.511528
13851,15,68.73140513890714,2026-08-14T00:50:52.511528
13852,4,68.02550032295069,2026-08-14T00:50:53.058582
13853,5,1.9287849657586156,2026-08-14T00:50:53.058582
13854,6,1350.6485364871753,2026-08-14T00:50:53.058582
13855,7,76.47669036385055,2026-08-14T00:50:53.058582
13856,8,96.74312517793788,2026-08-14T00:50:53.058582
13857,9,68.05547570189269,2026-08-14T00:50:53.058582
13858,10,1.956900201096948,2026-08-14T00:50:53.058582
13859,11,1534.2667814790525,2026-08-14T00:50:53.058582
13860,12,69.28323822193877,2026-08-14T00:50:53.058582
13861,13,1.8960548614995514,2026-08-14T00:50:53.058582
13862,14,1661.2550925856374,2026-08-14T00:50:53.058582
13863,15,68.26560329717351,2026-08-14T00:50:53.058582
13864,1,69.11182553571594,2026-08-14T00:50:54.540882
13865,2,2.059072299520273,2026-08-14T00:50:54.540882
13866,3,1412.758458214654,2026-08-14T00:50:54.540882
13867,4,67.49042706994037,2026-08-14T00:50:54.540882
13868,5,1.8753969138062292,2026-08-14T00:50:54.540882
13869,6,1445.5994895994797,2026-08-14T00:50:54.540882
13870,7,72.45618735074311,2026-08-14T00:50:54.540882
13871,8,98.01121986391475,2026-08-14T00:50:54.540882
13872,15,70.5739596489553,2026-08-14T00:50:54.540882
13873,4,69.60111249822278,2026-08-14T00:50:55.077304
13874,5,2.07985588292496,2026-08-14T00:50:55.077304
13875,6,1395.5582067694577,2026-08-14T00:50:55.077304
13876,7,70.20981856720482,2026-08-14T00:50:55.077304
13877,8,96.64237178344608,2026-08-14T00:50:55.077304
13878,9,68.6024690179108,2026-08-14T00:50:55.077304
13879,10,1.9771117968286394,2026-08-14T00:50:55.077304
13880,11,1482.5699359081425,2026-08-14T00:50:55.077304
13881,12,73.21988753979402,2026-08-14T00:50:55.077304
13882,13,2.04209551633656,2026-08-14T00:50:55.077304
13883,14,1499.4124334281548,2026-08-14T00:50:55.077304
13884,15,72.42097129585522,2026-08-14T00:50:55.077304
13885,1,68.48371363551671,2026-08-14T00:50:56.575946
13886,2,1.9112676013534575,2026-08-14T00:50:56.575946
13887,3,1600.8781360147473,2026-08-14T00:50:56.575946
13888,4,66.06315319595973,2026-08-14T00:50:56.575946
13889,5,2.0610325370370983,2026-08-14T00:50:56.575946
13890,6,1435.025202971548,2026-08-14T00:50:56.575946
13891,7,70.67722998141033,2026-08-14T00:50:56.575946
13892,8,101.21971261337046,2026-08-14T00:50:56.575946
13893,15,68.21848275867457,2026-08-14T00:50:56.575946
13894,4,67.61233659656087,2026-08-14T00:50:57.084560
13895,5,1.9863143920372794,2026-08-14T00:50:57.084560
13896,6,1521.4807679085209,2026-08-14T00:50:57.084560
13897,7,68.70290263539565,2026-08-14T00:50:57.084560
13898,8,108.80902212286833,2026-08-14T00:50:57.084560
13899,9,61.56036446723768,2026-08-14T00:50:57.084560
13900,10,2.077053104753401,2026-08-14T00:50:57.084560
13901,11,1385.0855345782475,2026-08-14T00:50:57.084560
13902,12,72.48458185608526,2026-08-14T00:50:57.084560
13903,13,1.9701240156945952,2026-08-14T00:50:57.084560
13904,14,1391.523402817126,2026-08-14T00:50:57.084560
13905,15,66.0108051223363,2026-08-14T00:50:57.084560
13906,1,70.2160321848356,2026-08-14T00:50:58.596271
13907,2,2.0469225693636335,2026-08-14T00:50:58.596271
13908,3,1529.7373122481658,2026-08-14T00:50:58.596271
13909,4,73.80105189684835,2026-08-14T00:50:58.596271
13910,5,2.0742726550490787,2026-08-14T00:50:58.596271
13911,6,1650.215308643638,2026-08-14T00:50:58.596271
13912,7,68.50302126590233,2026-08-14T00:50:58.596271
13913,8,92.7853080618011,2026-08-14T00:50:58.596271
13914,15,68.61789330151196,2026-08-14T00:50:58.596271
13915,4,71.84498985723623,2026-08-14T00:50:59.112189
13916,5,1.8398177216364382,2026-08-14T00:50:59.112189
13917,6,1357.7234892382721,2026-08-14T00:50:59.112189
13918,7,75.02190725419538,2026-08-14T00:50:59.112189
13919,8,103.48563739466375,2026-08-14T00:50:59.112189
13920,9,77.27636788543663,2026-08-14T00:50:59.112189
13921,10,2.080038602895381,2026-08-14T00:50:59.112189
13922,11,1483.8812627568946,2026-08-14T00:50:59.112189
13923,12,69.90371572238777,2026-08-14T00:50:59.112189
13924,13,2.1940483547827783,2026-08-14T00:50:59.112189
13925,14,1381.4204703189523,2026-08-14T00:50:59.112189
13926,15,65.72615714506856,2026-08-14T00:50:59.112189
13927,1,68.92368281335582,2026-08-14T00:51:00.635696
13928,2,1.924393459443879,2026-08-14T00:51:00.635696
13929,3,1529.9156809460833,2026-08-14T00:51:00.635696
13930,4,72.250594897329,2026-08-14T00:51:00.635696
13931,5,1.8376970741049996,2026-08-14T00:51:00.635696
13932,6,1420.7353903420155,2026-08-14T00:51:00.635696
13933,7,73.63240701098846,2026-08-14T00:51:00.635696
13934,8,102.20285955188659,2026-08-14T00:51:00.635696
13935,15,75.27968206714198,2026-08-14T00:51:00.635696
13936,4,75.36660423369564,2026-08-14T00:51:01.119617
13937,5,1.79907328880468,2026-08-14T00:51:01.119617
13938,6,1389.1626808842157,2026-08-14T00:51:01.119617
13939,7,70.6891623096776,2026-08-14T00:51:01.119617
13940,8,101.4276383901358,2026-08-14T00:51:01.119617
13941,9,69.65739335301838,2026-08-14T00:51:01.119617
13942,10,1.9587903217253717,2026-08-14T00:51:01.119617
13943,11,1423.5218221048165,2026-08-14T00:51:01.119617
13944,12,67.41199713390067,2026-08-14T00:51:01.119617
13945,13,2.0196178341055955,2026-08-14T00:51:01.119617
13946,14,1486.087417522925,2026-08-14T00:51:01.119617
13947,15,67.50630756670158,2026-08-14T00:51:01.119617
13948,1,69.93346251280155,2026-08-14T00:51:02.666915
13949,2,2.1177049643027894,2026-08-14T00:51:02.666915
13950,3,1542.9138517319866,2026-08-14T00:51:02.666915
13951,4,71.7564354856218,2026-08-14T00:51:02.666915
13952,5,2.096327981871502,2026-08-14T00:51:02.666915
13953,6,1426.2595235547203,2026-08-14T00:51:02.666915
13954,7,75.79032156027979,2026-08-14T00:51:02.666915
13955,8,93.69211855140566,2026-08-14T00:51:02.666915
13956,15,72.16238913549513,2026-08-14T00:51:02.666915
13957,4,73.63461170263005,2026-08-14T00:51:03.126316
13958,5,2.013098794697416,2026-08-14T00:51:03.126316
13959,6,1432.3175314412144,2026-08-14T00:51:03.126316
13960,7,71.62420264311189,2026-08-14T00:51:03.126316
13961,8,92.72857465933318,2026-08-14T00:51:03.126316
13962,9,67.30018498407,2026-08-14T00:51:03.126316
13963,10,2.1625791802010017,2026-08-14T00:51:03.126316
13964,11,1444.9695985852616,2026-08-14T00:51:03.126316
13965,12,71.2384215545279,2026-08-14T00:51:03.126316
13966,13,2.190988259944739,2026-08-14T00:51:03.126316
13967,14,1492.624103279841,2026-08-14T00:51:03.126316
13968,15,67.48358017166751,2026-08-14T00:51:03.126316
13969,1,67.26285256311681,2026-08-14T00:51:04.693499
13970,2,1.8055923675593417,2026-08-14T00:51:04.693499
13971,3,1524.377325977624,2026-08-14T00:51:04.693499
13972,4,74.00936696484673,2026-08-14T00:51:04.693499
13973,5,1.9299937636107611,2026-08-14T00:51:04.693499
13974,6,1660.1309020279864,2026-08-14T00:51:04.693499
13975,7,70.70707576264532,2026-08-14T00:51:04.693499
13976,8,94.36727229345776,2026-08-14T00:51:04.693499
13977,15,69.8007284659765,2026-08-14T00:51:04.693499
13978,4,70.07716829695346,2026-08-14T00:51:05.137714
13979,5,2.0977216351999153,2026-08-14T00:51:05.137714
13980,6,1578.4558936074297,2026-08-14T00:51:05.137714
13981,7,69.64607935300323,2026-08-14T00:51:05.137714
13982,8,103.35882357157959,2026-08-14T00:51:05.137714
13983,9,64.75332957792205,2026-08-14T00:51:05.137714
13984,10,1.914367003007572,2026-08-14T00:51:05.137714
13985,11,1477.6349713412387,2026-08-14T00:51:05.137714
13986,12,73.73955535662245,2026-08-14T00:51:05.137714
13987,13,2.021074090888542,2026-08-14T00:51:05.137714
13988,14,1624.6465266844834,2026-08-14T00:51:05.137714
13989,15,72.2607607941967,2026-08-14T00:51:05.137714
13990,1,71.45969220772933,2026-08-14T00:51:06.713434
13991,2,2.160719035506584,2026-08-14T00:51:06.713434
13992,3,1583.9257324816892,2026-08-14T00:51:06.713434
13993,4,66.93278952288448,2026-08-14T00:51:06.713434
13994,5,1.9559847622851254,2026-08-14T00:51:06.713434
13995,6,1492.0797187704313,2026-08-14T00:51:06.713434
13996,7,73.86243480852218,2026-08-14T00:51:06.713434
13997,8,104.26494548276007,2026-08-14T00:51:06.713434
13998,15,69.84270075816409,2026-08-14T00:51:06.713434
13999,4,67.99216264311852,2026-08-14T00:51:07.174627
14000,5,2.0767335787823384,2026-08-14T00:51:07.174627
14001,6,1562.2743257154175,2026-08-14T00:51:07.174627
14002,7,67.05727432997263,2026-08-14T00:51:07.174627
14003,8,95.3176756686327,2026-08-14T00:51:07.174627
14004,9,64.81437938906086,2026-08-14T00:51:07.174627
14005,10,2.120953520007482,2026-08-14T00:51:07.174627
14006,11,1529.5091167451565,2026-08-14T00:51:07.174627
14007,12,75.52754539549647,2026-08-14T00:51:07.174627
14008,13,1.9751465480947914,2026-08-14T00:51:07.174627
14009,14,1665.664548070284,2026-08-14T00:51:07.174627
14010,15,72.4807294043903,2026-08-14T00:51:07.174627
14011,1,65.91955331459258,2026-08-14T00:51:08.733229
14012,2,1.7881165731953106,2026-08-14T00:51:08.733229
14013,3,1475.5288655839013,2026-08-14T00:51:08.733229
14014,4,70.95548507421655,2026-08-14T00:51:08.733229
14015,5,2.0466056384350053,2026-08-14T00:51:08.733229
14016,6,1421.8381778949945,2026-08-14T00:51:08.733229
14017,7,64.58453086135141,2026-08-14T00:51:08.733229
14018,8,106.06048338148862,2026-08-14T00:51:08.733229
14019,15,75.1783572755129,2026-08-14T00:51:08.733229
14020,4,70.79503779367357,2026-08-14T00:51:09.186808
14021,5,1.9602946479699095,2026-08-14T00:51:09.186808
14022,6,1563.7222715558257,2026-08-14T00:51:09.186808
14023,7,77.39532438175503,2026-08-14T00:51:09.186808
14024,8,98.27380986434268,2026-08-14T00:51:09.186808
14025,9,72.58383679833642,2026-08-14T00:51:09.186808
14026,10,1.9590990375301869,2026-08-14T00:51:09.186808
14027,11,1450.4048000598873,2026-08-14T00:51:09.186808
14028,12,67.17774432810224,2026-08-14T00:51:09.186808
14029,13,2.0737668220672214,2026-08-14T00:51:09.186808
14030,14,1523.6809948293233,2026-08-14T00:51:09.186808
14031,15,76.59040919086779,2026-08-14T00:51:09.186808
14032,1,67.73048995408476,2026-08-14T00:51:10.740699
14033,2,2.171652882156887,2026-08-14T00:51:10.740699
14034,3,1414.9245044857553,2026-08-14T00:51:10.740699
14035,4,66.28729721206679,2026-08-14T00:51:10.740699
14036,5,2.090069136338432,2026-08-14T00:51:10.740699
14037,6,1576.7623772893712,2026-08-14T00:51:10.740699
14038,7,64.90954665801645,2026-08-14T00:51:10.740699
14039,8,101.49526753859523,2026-08-14T00:51:10.740699
14040,4,68.6630492133049,2026-08-14T00:51:11.206976
14041,5,1.980060557357704,2026-08-14T00:51:11.206976
14042,6,1488.6101389816004,2026-08-14T00:51:11.206976
14043,7,66.55577698551834,2026-08-14T00:51:11.206976
14044,8,102.67389439934686,2026-08-14T00:51:11.206976
14045,9,73.30700836139752,2026-08-14T00:51:11.206976
14046,10,1.9949724637482635,2026-08-14T00:51:11.206976
14047,11,1557.114017681125,2026-08-14T00:51:11.206976
14048,12,68.03571222242748,2026-08-14T00:51:11.206976
14049,13,1.8767927334867407,2026-08-14T00:51:11.206976
14050,14,1459.9898374989937,2026-08-14T00:51:11.206976
14051,15,73.68637712463338,2026-08-14T00:51:11.206976
14052,1,73.32514316206473,2026-08-14T00:51:12.762051
14053,2,1.989520141469148,2026-08-14T00:51:12.762051
14054,3,1441.1820103303219,2026-08-14T00:51:12.762051
14055,4,64.74587502900094,2026-08-14T00:51:12.762051
14056,5,2.0778905724133145,2026-08-14T00:51:12.762051
14057,6,1495.9884307779384,2026-08-14T00:51:12.762051
14058,7,76.85695048603411,2026-08-14T00:51:12.762051
14059,8,92.35001143082972,2026-08-14T00:51:12.762051
14060,9,71.01746532581228,2026-08-14T00:51:12.762051
14061,10,2.013911286654472,2026-08-14T00:51:12.762051
14062,11,1508.2272327614223,2026-08-14T00:51:12.762051
14063,4,74.00870711313097,2026-08-14T00:51:13.226527
14064,5,1.97240124990891,2026-08-14T00:51:13.226527
14065,6,1483.834370385222,2026-08-14T00:51:13.226527
14066,7,69.0958301324687,2026-08-14T00:51:13.226527
14067,8,98.39495450455276,2026-08-14T00:51:13.226527
14068,9,71.81228303270116,2026-08-14T00:51:13.226527
14069,10,2.0974017816709076,2026-08-14T00:51:13.226527
14070,11,1443.3749276402648,2026-08-14T00:51:13.226527
14071,12,68.03118384707744,2026-08-14T00:51:13.226527
14072,13,1.9857036922772608,2026-08-14T00:51:13.226527
14073,14,1438.2044217959408,2026-08-14T00:51:13.226527
14074,15,67.16288518751175,2026-08-14T00:51:13.226527
14075,1,70.00144616697682,2026-08-14T00:51:14.768838
14076,2,2.1259043477995134,2026-08-14T00:51:14.768838
14077,3,1422.0757067898235,2026-08-14T00:51:14.768838
14078,4,70.06827136391841,2026-08-14T00:51:14.768838
14079,5,2.061383437199194,2026-08-14T00:51:14.768838
14080,6,1504.9535156792267,2026-08-14T00:51:14.768838
14081,7,70.12389213539412,2026-08-14T00:51:14.768838
14082,8,102.80133102268589,2026-08-14T00:51:14.768838
14083,9,74.29523478396685,2026-08-14T00:51:14.768838
14084,10,2.0452856809750983,2026-08-14T00:51:14.768838
14085,11,1503.928917808351,2026-08-14T00:51:14.768838
14086,4,61.44524970625022,2026-08-14T00:51:15.256891
14087,5,2.036466413349817,2026-08-14T00:51:15.256891
14088,6,1541.3358254910947,2026-08-14T00:51:15.256891
14089,7,70.09959252694797,2026-08-14T00:51:15.256891
14090,8,102.89296413246235,2026-08-14T00:51:15.256891
14091,9,69.77943828316542,2026-08-14T00:51:15.256891
14092,10,2.1147145568506227,2026-08-14T00:51:15.256891
14093,11,1552.413212656088,2026-08-14T00:51:15.256891
14094,12,63.45947805547824,2026-08-14T00:51:15.256891
14095,13,2.126899912597012,2026-08-14T00:51:15.256891
14096,14,1407.506956443046,2026-08-14T00:51:15.256891
14097,15,77.70404639683845,2026-08-14T00:51:15.256891
14098,1,74.10005598697596,2026-08-14T00:51:16.797215
14099,2,2.1760525617887656,2026-08-14T00:51:16.797215
14100,3,1544.3836828638953,2026-08-14T00:51:16.797215
14101,4,69.34740519293744,2026-08-14T00:51:16.797215
14102,5,2.068944986491762,2026-08-14T00:51:16.797215
14103,6,1429.8369187059013,2026-08-14T00:51:16.797215
14104,7,69.86663959051343,2026-08-14T00:51:16.797215
14105,8,91.55912912998735,2026-08-14T00:51:16.797215
14106,9,66.302746697232,2026-08-14T00:51:16.797215
14107,10,2.207452629112863,2026-08-14T00:51:16.797215
14108,11,1398.9439459208645,2026-08-14T00:51:16.797215
14109,4,74.98700670930234,2026-08-14T00:51:17.276681
14110,5,1.8538662738663052,2026-08-14T00:51:17.276681
14111,6,1509.379190216042,2026-08-14T00:51:17.276681
14112,7,73.34551845734802,2026-08-14T00:51:17.276681
14113,8,103.54675699411918,2026-08-14T00:51:17.276681
14114,9,69.10802578413053,2026-08-14T00:51:17.276681
14115,10,1.9380273566064528,2026-08-14T00:51:17.276681
14116,11,1567.3300358806769,2026-08-14T00:51:17.276681
14117,12,70.71463647518661,2026-08-14T00:51:17.276681
14118,13,2.0430479360261544,2026-08-14T00:51:17.276681
14119,14,1480.8132323725602,2026-08-14T00:51:17.276681
14120,15,65.82217106014865,2026-08-14T00:51:17.276681
14121,1,67.27273997698894,2026-08-14T00:51:18.805360
14122,2,2.0762549190129596,2026-08-14T00:51:18.805360
14123,3,1561.342347602798,2026-08-14T00:51:18.805360
14124,4,73.98422695943599,2026-08-14T00:51:18.805360
14125,5,1.9923913004605887,2026-08-14T00:51:18.805360
14126,6,1417.637953186294,2026-08-14T00:51:18.805360
14127,7,71.67563047393642,2026-08-14T00:51:18.805360
14128,8,102.21049559859165,2026-08-14T00:51:18.805360
14129,9,64.20807224809742,2026-08-14T00:51:18.805360
14130,10,2.285793962750411,2026-08-14T00:51:18.805360
14131,11,1478.5975668903166,2026-08-14T00:51:18.805360
14132,12,67.22898573427477,2026-08-14T00:51:18.805360
14133,13,2.046278144033299,2026-08-14T00:51:18.805360
14134,14,1513.077162079101,2026-08-14T00:51:18.805360
14135,1,70.20903726649537,2026-08-14T00:51:19.297290
14136,2,2.092083964815462,2026-08-14T00:51:19.297290
14137,3,1414.8506201383102,2026-08-14T00:51:19.297290
14138,4,70.24958692915685,2026-08-14T00:51:19.297290
14139,5,2.1181432475472417,2026-08-14T00:51:19.297290
14140,6,1556.4687110559007,2026-08-14T00:51:19.297290
14141,7,71.40084276609397,2026-08-14T00:51:19.297290
14142,8,104.9510489115337,2026-08-14T00:51:19.297290
14143,9,69.80350054638423,2026-08-14T00:51:19.297290
14144,10,1.9228824167286986,2026-08-14T00:51:19.297290
14145,11,1500.632610076501,2026-08-14T00:51:19.297290
14146,12,70.80440494085236,2026-08-14T00:51:19.297290
14147,13,1.978901125471678,2026-08-14T00:51:19.297290
14148,14,1395.8388388137519,2026-08-14T00:51:19.297290
14149,15,66.18984731962053,2026-08-14T00:51:19.297290
14150,1,65.96963073004551,2026-08-14T00:51:20.839746
14151,2,1.8055250520606183,2026-08-14T00:51:20.839746
14152,3,1455.2083345649978,2026-08-14T00:51:20.839746
14153,4,69.04943036327357,2026-08-14T00:51:20.839746
14154,5,1.834351249558238,2026-08-14T00:51:20.839746
14155,6,1496.4064079242946,2026-08-14T00:51:20.839746
14156,7,69.68777994349833,2026-08-14T00:51:20.839746
14157,8,104.53118572668484,2026-08-14T00:51:20.839746
14158,9,85.48342636882947,2026-08-14T00:51:20.839746
14159,10,2.0927897120461223,2026-08-14T00:51:20.839746
14160,11,1554.3855182342859,2026-08-14T00:51:20.839746
14161,12,67.17954981970001,2026-08-14T00:51:20.839746
14162,13,2.145829585173322,2026-08-14T00:51:20.839746
14163,14,1466.289759879373,2026-08-14T00:51:20.839746
14164,1,67.16109211257452,2026-08-14T00:51:21.317093
14165,2,2.0173541022634995,2026-08-14T00:51:21.317093
14166,3,1648.6073778901193,2026-08-14T00:51:21.317093
14167,4,71.25737193660159,2026-08-14T00:51:21.317093
14168,5,1.9773058071923753,2026-08-14T00:51:21.317093
14169,6,1441.7662729275403,2026-08-14T00:51:21.317093
14170,7,69.98037948081382,2026-08-14T00:51:21.317093
14171,8,107.38815930008273,2026-08-14T00:51:21.317093
14172,9,71.12376458026458,2026-08-14T00:51:21.317093
14173,10,2.0869149272208376,2026-08-14T00:51:21.317093
14174,11,1600.9517275801052,2026-08-14T00:51:21.317093
14175,12,68.78874664742158,2026-08-14T00:51:21.317093
14176,13,2.1233556786256944,2026-08-14T00:51:21.317093
14177,14,1402.2275286923098,2026-08-14T00:51:21.317093
14178,15,65.8081198288374,2026-08-14T00:51:21.317093
14179,1,64.89223446616518,2026-08-14T00:51:22.847184
14180,2,2.058614812253389,2026-08-14T00:51:22.847184
14181,3,1504.3088133299918,2026-08-14T00:51:22.847184
14182,4,67.81033964650038,2026-08-14T00:51:22.847184
14183,5,2.0376947049204066,2026-08-14T00:51:22.847184
14184,6,1384.9885242578493,2026-08-14T00:51:22.847184
14185,7,74.88409438478762,2026-08-14T00:51:22.847184
14186,8,96.72531740820948,2026-08-14T00:51:22.847184
14187,9,65.91271840204546,2026-08-14T00:51:22.847184
14188,10,2.060218464725773,2026-08-14T00:51:22.847184
14189,11,1453.1642597812886,2026-08-14T00:51:22.847184
14190,12,69.82573919884805,2026-08-14T00:51:22.847184
14191,13,2.0305743075222558,2026-08-14T00:51:22.847184
14192,14,1572.0517686516998,2026-08-14T00:51:22.847184
14193,1,68.92016834630333,2026-08-14T00:51:23.345560
14194,2,1.9804475467067175,2026-08-14T00:51:23.345560
14195,3,1480.3909530121919,2026-08-14T00:51:23.345560
14196,4,71.9623869900163,2026-08-14T00:51:23.345560
14197,5,1.9354393580562046,2026-08-14T00:51:23.345560
14198,6,1446.505481627611,2026-08-14T00:51:23.345560
14199,7,71.80703203450051,2026-08-14T00:51:23.345560
14200,8,95.59422885193491,2026-08-14T00:51:23.345560
14201,9,68.37635400205303,2026-08-14T00:51:23.345560
14202,10,2.1039252576106415,2026-08-14T00:51:23.345560
14203,11,1567.788142802781,2026-08-14T00:51:23.345560
14204,12,68.6278822836359,2026-08-14T00:51:23.345560
14205,13,2.032833109876735,2026-08-14T00:51:23.345560
14206,14,1467.5888826878559,2026-08-14T00:51:23.345560
14207,15,72.96444273142738,2026-08-14T00:51:23.345560
14208,1,65.65307687974068,2026-08-14T00:51:24.867578
14209,2,2.054023257183223,2026-08-14T00:51:24.867578
14210,3,1582.6708510870963,2026-08-14T00:51:24.867578
14211,4,68.45882841769219,2026-08-14T00:51:24.867578
14212,5,1.9604831943931649,2026-08-14T00:51:24.867578
14213,6,1551.2439480023022,2026-08-14T00:51:24.867578
14214,7,67.00653105184851,2026-08-14T00:51:24.867578
14215,8,96.70501522350715,2026-08-14T00:51:24.867578
14216,9,68.3945486385597,2026-08-14T00:51:24.867578
14217,10,1.9175294523542121,2026-08-14T00:51:24.867578
14218,11,1526.365508634563,2026-08-14T00:51:24.867578
14219,12,70.39531723747605,2026-08-14T00:51:24.867578
14220,13,1.8653092246112035,2026-08-14T00:51:24.867578
14221,14,1425.0269404239457,2026-08-14T00:51:24.867578
14222,1,70.3334430720646,2026-08-14T00:51:25.369989
14223,2,2.16416545551958,2026-08-14T00:51:25.369989
14224,3,1565.098129644537,2026-08-14T00:51:25.369989
14225,4,68.54887958713218,2026-08-14T00:51:25.369989
14226,5,2.1646207643943307,2026-08-14T00:51:25.369989
14227,6,1531.4466397617566,2026-08-14T00:51:25.369989
14228,7,70.6654103601894,2026-08-14T00:51:25.369989
14229,8,97.40293537183501,2026-08-14T00:51:25.369989
14230,9,69.32418247370865,2026-08-14T00:51:25.369989
14231,10,1.8980221595943212,2026-08-14T00:51:25.369989
14232,11,1500.8778164398261,2026-08-14T00:51:25.369989
14233,12,76.71935118603523,2026-08-14T00:51:25.369989
14234,13,2.124142653059805,2026-08-14T00:51:25.369989
14235,14,1477.1455569563166,2026-08-14T00:51:25.369989
14236,15,63.28367027077086,2026-08-14T00:51:25.369989
14237,1,71.86716986680307,2026-08-14T00:51:26.893847
14238,2,2.1873697619679584,2026-08-14T00:51:26.893847
14239,3,1474.5329936823255,2026-08-14T00:51:26.893847
14240,4,71.79162708664217,2026-08-14T00:51:26.893847
14241,5,2.1141514391706093,2026-08-14T00:51:26.893847
14242,6,1615.328841696554,2026-08-14T00:51:26.893847
14243,7,71.55277493748079,2026-08-14T00:51:26.893847
14244,8,101.84663147007115,2026-08-14T00:51:26.893847
14245,9,74.07159468293756,2026-08-14T00:51:26.893847
14246,10,2.0815928713323646,2026-08-14T00:51:26.893847
14247,11,1555.6648717619587,2026-08-14T00:51:26.893847
14248,12,70.58955687001095,2026-08-14T00:51:26.893847
14249,13,1.9757213458235028,2026-08-14T00:51:26.893847
14250,14,1507.7040746462355,2026-08-14T00:51:26.893847
14251,1,75.2917988118768,2026-08-14T00:51:27.388270
14252,2,2.041085567976144,2026-08-14T00:51:27.388270
14253,3,1543.0003374738149,2026-08-14T00:51:27.388270
14254,4,67.54621490281477,2026-08-14T00:51:27.388270
14255,5,1.866662208674611,2026-08-14T00:51:27.388270
14256,6,1601.4064904147174,2026-08-14T00:51:27.388270
14257,7,69.64823961001827,2026-08-14T00:51:27.388270
14258,8,105.16558242060827,2026-08-14T00:51:27.388270
14259,9,71.42848138503398,2026-08-14T00:51:27.388270
14260,10,2.0231769090258274,2026-08-14T00:51:27.388270
14261,11,1440.271217008847,2026-08-14T00:51:27.388270
14262,12,68.46074460153638,2026-08-14T00:51:27.388270
14263,13,1.9809165004445755,2026-08-14T00:51:27.388270
14264,14,1408.8945721301475,2026-08-14T00:51:27.388270
14265,15,65.47833446845378,2026-08-14T00:51:27.388270
14266,1,67.29148890814241,2026-08-14T00:51:28.915082
14267,2,2.008438829265213,2026-08-14T00:51:28.915082
14268,3,1573.7207363822863,2026-08-14T00:51:28.915082
14269,4,77.13745034782059,2026-08-14T00:51:28.915082
14270,5,2.027527422178925,2026-08-14T00:51:28.915082
14271,6,1650.3897488808345,2026-08-14T00:51:28.915082
14272,7,72.93904019002035,2026-08-14T00:51:28.915082
14273,8,98.48415513314583,2026-08-14T00:51:28.915082
14274,9,72.57538735612516,2026-08-14T00:51:28.915082
14275,10,1.9997531315181871,2026-08-14T00:51:28.915082
14276,11,1554.6037886719073,2026-08-14T00:51:28.915082
14277,12,70.05013968854091,2026-08-14T00:51:28.915082
14278,13,2.0489826272332117,2026-08-14T00:51:28.915082
14279,14,1461.920084643475,2026-08-14T00:51:28.915082
14280,1,67.0459672361925,2026-08-14T00:51:29.416554
14281,2,1.9939419739245772,2026-08-14T00:51:29.416554
14282,3,1450.7206406554565,2026-08-14T00:51:29.416554
14283,4,77.74184240296566,2026-08-14T00:51:29.416554
14284,5,1.99787661015258,2026-08-14T00:51:29.416554
14285,6,1452.4150896035055,2026-08-14T00:51:29.416554
14286,7,70.89895752662918,2026-08-14T00:51:29.416554
14287,8,98.52857326125594,2026-08-14T00:51:29.416554
14288,9,73.53541669197433,2026-08-14T00:51:29.416554
14289,10,2.150918000187327,2026-08-14T00:51:29.416554
14290,11,1508.4344496973274,2026-08-14T00:51:29.416554
14291,12,67.70399460299122,2026-08-14T00:51:29.416554
14292,13,1.8286588729132276,2026-08-14T00:51:29.416554
14293,14,1461.190772588119,2026-08-14T00:51:29.416554
14294,15,74.99167518427483,2026-08-14T00:51:29.416554
14295,1,68.2322861814685,2026-08-14T00:51:30.942850
14296,2,1.938915375265779,2026-08-14T00:51:30.942850
14297,3,1518.6204939752945,2026-08-14T00:51:30.942850
14298,4,68.8495302909667,2026-08-14T00:51:30.942850
14299,5,2.1022569939135174,2026-08-14T00:51:30.942850
14300,6,1611.1317917317676,2026-08-14T00:51:30.942850
14301,7,66.76818214112964,2026-08-14T00:51:30.942850
14302,8,101.61821303597515,2026-08-14T00:51:30.942850
14303,9,69.22650469617611,2026-08-14T00:51:30.942850
14304,10,2.105573365871143,2026-08-14T00:51:30.942850
14305,11,1481.4455623703293,2026-08-14T00:51:30.942850
14306,12,66.11162819199342,2026-08-14T00:51:30.942850
14307,13,2.075929352091123,2026-08-14T00:51:30.942850
14308,14,1549.426076665037,2026-08-14T00:51:30.942850
14309,1,69.58954444289347,2026-08-14T00:51:31.449767
14310,2,2.1453779654102862,2026-08-14T00:51:31.449767
14311,3,1367.4583165140684,2026-08-14T00:51:31.449767
14312,4,70.85697476813587,2026-08-14T00:51:31.449767
14313,5,1.925524483812328,2026-08-14T00:51:31.449767
14314,6,1446.8562845220051,2026-08-14T00:51:31.449767
14315,7,71.4774406041289,2026-08-14T00:51:31.449767
14316,8,101.68475076036671,2026-08-14T00:51:31.449767
14317,9,74.18981856079466,2026-08-14T00:51:31.449767
14318,10,1.9570289345109708,2026-08-14T00:51:31.449767
14319,11,1477.5737897824115,2026-08-14T00:51:31.449767
14320,12,68.95152677497826,2026-08-14T00:51:31.449767
14321,13,2.062473764801675,2026-08-14T00:51:31.449767
14322,14,1405.2970172197788,2026-08-14T00:51:31.449767
14323,15,69.35324294528289,2026-08-14T00:51:31.449767
14324,1,66.6410104438111,2026-08-14T00:51:32.949626
14325,2,2.0893325442987134,2026-08-14T00:51:32.949626
14326,3,1599.9331823703185,2026-08-14T00:51:32.949626
14327,4,68.00735295199738,2026-08-14T00:51:32.949626
14328,5,1.9949413944478065,2026-08-14T00:51:32.949626
14329,6,1543.035943644389,2026-08-14T00:51:32.949626
14330,7,72.49988520100742,2026-08-14T00:51:32.949626
14331,8,97.54852294643342,2026-08-14T00:51:32.949626
14332,9,67.87584490935716,2026-08-14T00:51:32.949626
14333,10,1.7980245528102219,2026-08-14T00:51:32.949626
14334,11,1324.7004281267014,2026-08-14T00:51:32.949626
14335,12,70.94885589814615,2026-08-14T00:51:32.949626
14336,13,2.037090540232848,2026-08-14T00:51:32.949626
14337,14,1655.9568798696905,2026-08-14T00:51:32.949626
14338,1,74.0173053284793,2026-08-14T00:51:33.470356
14339,2,2.1533560933653333,2026-08-14T00:51:33.470356
14340,3,1533.1783861510282,2026-08-14T00:51:33.470356
14341,4,75.55393795881126,2026-08-14T00:51:33.470356
14342,5,2.0008024647188005,2026-08-14T00:51:33.470356
14343,6,1454.151856686305,2026-08-14T00:51:33.470356
14344,7,68.75806319327437,2026-08-14T00:51:33.470356
14345,8,94.09939786242043,2026-08-14T00:51:33.470356
14346,9,66.77574893730909,2026-08-14T00:51:33.470356
14347,10,1.9616739477627103,2026-08-14T00:51:33.470356
14348,11,1638.0090781182396,2026-08-14T00:51:33.470356
14349,12,71.62031317584157,2026-08-14T00:51:33.470356
14350,13,2.0264285829324074,2026-08-14T00:51:33.470356
14351,14,1333.7630221981128,2026-08-14T00:51:33.470356
14352,15,66.68733246796944,2026-08-14T00:51:33.470356
14353,1,67.7219863873512,2026-08-14T00:51:34.971330
14354,2,1.9234726336629,2026-08-14T00:51:34.971330
14355,3,1481.5911165690468,2026-08-14T00:51:34.971330
14356,4,65.56353289733337,2026-08-14T00:51:34.971330
14357,5,2.0442196695285264,2026-08-14T00:51:34.971330
14358,6,1560.5245537324352,2026-08-14T00:51:34.971330
14359,7,68.7576692278667,2026-08-14T00:51:34.971330
14360,8,106.0097228490211,2026-08-14T00:51:34.971330
14361,9,64.68127917729294,2026-08-14T00:51:34.971330
14362,10,2.092410271900488,2026-08-14T00:51:34.971330
14363,11,1514.4549980576783,2026-08-14T00:51:34.971330
14364,12,67.53165611650512,2026-08-14T00:51:34.971330
14365,13,1.9199034894133011,2026-08-14T00:51:34.971330
14366,14,1560.3553512131161,2026-08-14T00:51:34.971330
14367,1,72.2202703772593,2026-08-14T00:51:35.491840
14368,2,2.0049394830640876,2026-08-14T00:51:35.491840
14369,3,1411.2393614776233,2026-08-14T00:51:35.491840
14370,4,72.35193744237492,2026-08-14T00:51:35.491840
14371,5,2.0031064373945067,2026-08-14T00:51:35.491840
14372,6,1541.8244826037885,2026-08-14T00:51:35.491840
14373,7,76.93274848473763,2026-08-14T00:51:35.491840
14374,8,98.25044485397015,2026-08-14T00:51:35.491840
14375,9,70.92628374604666,2026-08-14T00:51:35.491840
14376,10,1.9994266696684833,2026-08-14T00:51:35.491840
14377,11,1650.3606982427127,2026-08-14T00:51:35.491840
14378,12,69.88485112562894,2026-08-14T00:51:35.491840
14379,13,1.9748860456330222,2026-08-14T00:51:35.491840
14380,14,1504.936523893463,2026-08-14T00:51:35.491840
14381,15,69.89422508485352,2026-08-14T00:51:35.491840
14382,1,65.10529201688112,2026-08-14T00:51:36.991312
14383,2,2.0546561103234544,2026-08-14T00:51:36.991312
14384,3,1529.8700939727441,2026-08-14T00:51:36.991312
14385,4,68.17901703193552,2026-08-14T00:51:36.991312
14386,5,2.01920785241285,2026-08-14T00:51:36.991312
14387,6,1503.7585075713432,2026-08-14T00:51:36.991312
14388,7,70.726488743867,2026-08-14T00:51:36.991312
14389,8,101.47472808140012,2026-08-14T00:51:36.991312
14390,9,70.57928996303244,2026-08-14T00:51:36.991312
14391,10,2.002248997512401,2026-08-14T00:51:36.991312
14392,11,1589.2988825758612,2026-08-14T00:51:36.991312
14393,12,68.54694862213836,2026-08-14T00:51:36.991312
14394,13,2.12726418505032,2026-08-14T00:51:36.991312
14395,14,1571.5808625548414,2026-08-14T00:51:36.991312
14396,1,74.1465725298187,2026-08-14T00:51:37.513852
14397,2,2.1109328574326542,2026-08-14T00:51:37.513852
14398,3,1413.8954656205317,2026-08-14T00:51:37.513852
14399,4,72.03388586979666,2026-08-14T00:51:37.513852
14400,5,1.9416317018539895,2026-08-14T00:51:37.513852
14401,6,1454.02751116981,2026-08-14T00:51:37.513852
14402,7,73.15664953882619,2026-08-14T00:51:37.513852
14403,8,97.82870232209233,2026-08-14T00:51:37.513852
14404,9,70.61064254386322,2026-08-14T00:51:37.513852
14405,10,1.9515262374562539,2026-08-14T00:51:37.513852
14406,11,1516.6125462661043,2026-08-14T00:51:37.513852
14407,12,68.17099046434005,2026-08-14T00:51:37.513852
14408,13,1.8326849360353108,2026-08-14T00:51:37.513852
14409,14,1602.6266988440298,2026-08-14T00:51:37.513852
14410,15,71.05174303180505,2026-08-14T00:51:37.513852
14411,1,64.63810437895748,2026-08-14T00:51:39.010593
14412,2,2.0750162120809037,2026-08-14T00:51:39.010593
14413,3,1660.0128685262891,2026-08-14T00:51:39.010593
14414,4,68.01688948215579,2026-08-14T00:51:39.010593
14415,5,2.032858058158404,2026-08-14T00:51:39.010593
14416,6,1365.7041509539602,2026-08-14T00:51:39.010593
14417,7,70.82499857597993,2026-08-14T00:51:39.010593
14418,8,94.13023223745624,2026-08-14T00:51:39.010593
14419,9,64.10069494304841,2026-08-14T00:51:39.010593
14420,10,2.024671027574017,2026-08-14T00:51:39.010593
14421,11,1553.5828179405091,2026-08-14T00:51:39.010593
14422,12,77.20091279774181,2026-08-14T00:51:39.010593
14423,13,2.1428046027584804,2026-08-14T00:51:39.010593
14424,14,1492.5644087940645,2026-08-14T00:51:39.010593
14425,1,66.22763536209085,2026-08-14T00:51:39.533897
14426,2,2.0684449378048453,2026-08-14T00:51:39.533897
14427,3,1696.1275017479452,2026-08-14T00:51:39.533897
14428,4,66.4206849118034,2026-08-14T00:51:39.533897
14429,5,2.055706704544484,2026-08-14T00:51:39.533897
14430,6,1607.4470680318573,2026-08-14T00:51:39.533897
14431,7,71.08251058785109,2026-08-14T00:51:39.533897
14432,8,99.74293342357998,2026-08-14T00:51:39.533897
14433,9,72.11461584766798,2026-08-14T00:51:39.533897
14434,10,1.9326891945931806,2026-08-14T00:51:39.533897
14435,11,1519.2327273612386,2026-08-14T00:51:39.533897
14436,12,67.88061491247413,2026-08-14T00:51:39.533897
14437,13,2.105094382955909,2026-08-14T00:51:39.533897
14438,14,1390.6019666074674,2026-08-14T00:51:39.533897
14439,15,69.14031864734046,2026-08-14T00:51:39.533897
14440,1,68.62240354745717,2026-08-14T00:51:41.024343
14441,2,2.0911076414108605,2026-08-14T00:51:41.024343
14442,3,1538.6958125130236,2026-08-14T00:51:41.024343
14443,4,70.85133724844962,2026-08-14T00:51:41.024343
14444,5,2.1461127676877374,2026-08-14T00:51:41.024343
14445,6,1465.0320334495316,2026-08-14T00:51:41.024343
14446,7,67.10186428955136,2026-08-14T00:51:41.024343
14447,8,98.69608853941075,2026-08-14T00:51:41.024343
14448,9,67.25922554781042,2026-08-14T00:51:41.024343
14449,10,2.09810523191402,2026-08-14T00:51:41.024343
14450,11,1520.2713924354605,2026-08-14T00:51:41.024343
14451,12,64.24258823281613,2026-08-14T00:51:41.024343
14452,13,2.133342481541319,2026-08-14T00:51:41.024343
14453,14,1640.6205476099879,2026-08-14T00:51:41.024343
14454,1,68.4291970889541,2026-08-14T00:51:41.553374
14455,2,1.7594294411922324,2026-08-14T00:51:41.553374
14456,3,1415.5279833854333,2026-08-14T00:51:41.553374
14457,4,70.42091923846668,2026-08-14T00:51:41.553374
14458,5,1.875081308013032,2026-08-14T00:51:41.553374
14459,6,1521.163263313692,2026-08-14T00:51:41.553374
14460,7,69.37529770337636,2026-08-14T00:51:41.553374
14461,8,103.6760358997782,2026-08-14T00:51:41.553374
14462,9,64.58731597886752,2026-08-14T00:51:41.553374
14463,10,1.9482057574156093,2026-08-14T00:51:41.553374
14464,11,1560.4491095866902,2026-08-14T00:51:41.553374
14465,12,69.92035852435556,2026-08-14T00:51:41.553374
14466,13,2.02503067377261,2026-08-14T00:51:41.553374
14467,14,1427.3355867710734,2026-08-14T00:51:41.553374
14468,15,63.01777193582155,2026-08-14T00:51:41.553374
14469,1,70.2432916192497,2026-08-14T00:51:43.059986
14470,2,2.153688943171601,2026-08-14T00:51:43.059986
14471,3,1398.4112136937056,2026-08-14T00:51:43.059986
14472,4,76.6200550662646,2026-08-14T00:51:43.059986
14473,5,1.9089607653858343,2026-08-14T00:51:43.059986
14474,6,1527.6832311616809,2026-08-14T00:51:43.059986
14475,7,71.09695816517005,2026-08-14T00:51:43.059986
14476,8,101.81773776660188,2026-08-14T00:51:43.059986
14477,9,74.6882631876032,2026-08-14T00:51:43.059986
14478,10,1.9210530137797686,2026-08-14T00:51:43.059986
14479,11,1608.6695009361904,2026-08-14T00:51:43.059986
14480,12,74.49977953215749,2026-08-14T00:51:43.059986
14481,13,2.031392351416019,2026-08-14T00:51:43.059986
14482,14,1542.5591036198014,2026-08-14T00:51:43.059986
14483,1,69.94998187202728,2026-08-14T00:51:43.575027
14484,2,1.9188118993511383,2026-08-14T00:51:43.575027
14485,3,1599.923603519796,2026-08-14T00:51:43.575027
14486,4,69.34165821676613,2026-08-14T00:51:43.575027
14487,5,1.916437742992651,2026-08-14T00:51:43.575027
14488,6,1440.9019601164725,2026-08-14T00:51:43.575027
14489,7,74.97944120849343,2026-08-14T00:51:43.575027
14490,8,103.4844878120691,2026-08-14T00:51:43.575027
14491,9,69.66854460144664,2026-08-14T00:51:43.575027
14492,10,2.0258920994360836,2026-08-14T00:51:43.575027
14493,11,1473.714262711281,2026-08-14T00:51:43.575027
14494,12,71.28050569031002,2026-08-14T00:51:43.575027
14495,13,1.790871591747422,2026-08-14T00:51:43.575027
14496,14,1486.8004078065208,2026-08-14T00:51:43.575027
14497,15,77.3210883209972,2026-08-14T00:51:43.575027
14498,1,63.96168524636211,2026-08-14T00:51:45.079946
14499,2,1.938780966361068,2026-08-14T00:51:45.079946
14500,3,1535.8907199925081,2026-08-14T00:51:45.079946
14501,4,75.37922249585031,2026-08-14T00:51:45.079946
14502,5,2.092470951068242,2026-08-14T00:51:45.079946
14503,6,1458.835114788561,2026-08-14T00:51:45.079946
14504,7,71.81751760808064,2026-08-14T00:51:45.079946
14505,8,99.87250580959439,2026-08-14T00:51:45.079946
14506,9,72.99911913164982,2026-08-14T00:51:45.079946
14507,10,1.8324277996974285,2026-08-14T00:51:45.079946
14508,11,1520.5049343786552,2026-08-14T00:51:45.079946
14509,12,70.22958954600438,2026-08-14T00:51:45.079946
14510,13,2.137186123451677,2026-08-14T00:51:45.079946
14511,14,1501.2644654775795,2026-08-14T00:51:45.079946
14512,15,74.22154873903396,2026-08-14T00:51:45.079946
14513,1,68.17111247109902,2026-08-14T00:51:45.594514
14514,2,2.003032987780777,2026-08-14T00:51:45.594514
14515,3,1433.076295157761,2026-08-14T00:51:45.594514
14516,4,68.32344879463369,2026-08-14T00:51:45.594514
14517,5,2.112421020462112,2026-08-14T00:51:45.594514
14518,6,1530.7353341055646,2026-08-14T00:51:45.594514
14519,7,72.15519032957917,2026-08-14T00:51:45.594514
14520,8,103.15476457553426,2026-08-14T00:51:45.594514
14521,9,70.23515099792249,2026-08-14T00:51:45.594514
14522,10,1.8657605881318973,2026-08-14T00:51:45.594514
14523,11,1399.5513034936332,2026-08-14T00:51:45.594514
14524,12,67.67543527335546,2026-08-14T00:51:45.594514
14525,13,1.9704392523161043,2026-08-14T00:51:45.594514
14526,14,1413.9999660739852,2026-08-14T00:51:45.594514
14527,15,70.22418975193958,2026-08-14T00:51:45.594514
14528,1,79.56603678009482,2026-08-14T00:51:47.099654
14529,2,1.9056608255999903,2026-08-14T00:51:47.099654
14530,3,1518.0119393046725,2026-08-14T00:51:47.099654
14531,4,68.5950740109283,2026-08-14T00:51:47.099654
14532,5,2.0408560690321838,2026-08-14T00:51:47.099654
14533,6,1518.1818049508504,2026-08-14T00:51:47.099654
14534,9,74.48728228571939,2026-08-14T00:51:47.099654
14535,10,2.019220612300098,2026-08-14T00:51:47.099654
14536,11,1699.1872924443874,2026-08-14T00:51:47.099654
14537,12,66.31758694325826,2026-08-14T00:51:47.099654
14538,13,1.9672155171048578,2026-08-14T00:51:47.099654
14539,14,1530.7244006351173,2026-08-14T00:51:47.099654
14540,15,71.62611367982706,2026-08-14T00:51:47.099654
14541,1,68.34331471955079,2026-08-14T00:51:47.630218
14542,2,2.1136076851702006,2026-08-14T00:51:47.630218
14543,3,1373.2896206281139,2026-08-14T00:51:47.630218
14544,4,62.71582066788589,2026-08-14T00:51:47.630218
14545,5,2.085545035459074,2026-08-14T00:51:47.630218
14546,6,1580.9159071475374,2026-08-14T00:51:47.630218
14547,7,64.94709741293332,2026-08-14T00:51:47.630218
14548,8,98.2015361745288,2026-08-14T00:51:47.630218
14549,9,68.09234012800927,2026-08-14T00:51:47.630218
14550,10,1.9712672559753635,2026-08-14T00:51:47.630218
14551,11,1524.9411693114137,2026-08-14T00:51:47.630218
14552,12,69.59145442988327,2026-08-14T00:51:47.630218
14553,13,2.076397149398429,2026-08-14T00:51:47.630218
14554,14,1458.3110538370142,2026-08-14T00:51:47.630218
14555,15,68.00849440425422,2026-08-14T00:51:47.630218
14556,1,77.68136109236615,2026-08-14T00:51:49.129072
14557,2,1.9689966188250536,2026-08-14T00:51:49.129072
14558,3,1560.5368575571176,2026-08-14T00:51:49.129072
14559,4,65.99167539067054,2026-08-14T00:51:49.129072
14560,5,2.1781701318940736,2026-08-14T00:51:49.129072
14561,6,1416.8218296417988,2026-08-14T00:51:49.129072
14562,7,67.72991989689567,2026-08-14T00:51:49.129072
14563,8,107.55518617445065,2026-08-14T00:51:49.129072
14564,9,75.80230314351566,2026-08-14T00:51:49.129072
14565,10,1.9344876593022517,2026-08-14T00:51:49.129072
14566,11,1530.0405376993956,2026-08-14T00:51:49.129072
14567,12,73.3083377398396,2026-08-14T00:51:49.129072
14568,13,1.9453895682885756,2026-08-14T00:51:49.129072
14569,14,1435.357206996917,2026-08-14T00:51:49.129072
14570,15,70.25138402879747,2026-08-14T00:51:49.129072
14571,1,64.18696411363094,2026-08-14T00:51:49.636553
14572,2,2.022708923631593,2026-08-14T00:51:49.636553
14573,3,1543.6623488403382,2026-08-14T00:51:49.636553
14574,4,64.53002527246741,2026-08-14T00:51:49.636553
14575,5,1.85716567993768,2026-08-14T00:51:49.636553
14576,6,1557.0474585006934,2026-08-14T00:51:49.636553
14577,7,70.7676577497628,2026-08-14T00:51:49.636553
14578,8,105.00002646500674,2026-08-14T00:51:49.636553
14579,9,74.81396866255923,2026-08-14T00:51:49.636553
14580,10,1.9941342191955607,2026-08-14T00:51:49.636553
14581,11,1482.099625646674,2026-08-14T00:51:49.636553
14582,12,67.59581363987736,2026-08-14T00:51:49.636553
14583,13,2.055315171821753,2026-08-14T00:51:49.636553
14584,14,1516.9233987210355,2026-08-14T00:51:49.636553
14585,15,73.41001281649798,2026-08-14T00:51:49.636553
14586,1,72.83476500168929,2026-08-14T00:51:51.148343
14587,2,2.0636803933056673,2026-08-14T00:51:51.148343
14588,3,1552.6093232885225,2026-08-14T00:51:51.148343
14589,4,75.40907896715004,2026-08-14T00:51:51.148343
14590,5,1.7989632202831816,2026-08-14T00:51:51.148343
14591,6,1480.0742507791815,2026-08-14T00:51:51.148343
14592,7,70.53451197600685,2026-08-14T00:51:51.148343
14593,8,103.56092115911416,2026-08-14T00:51:51.148343
14594,9,68.23708415170549,2026-08-14T00:51:51.148343
14595,10,1.9978485648381723,2026-08-14T00:51:51.148343
14596,11,1526.2743049949859,2026-08-14T00:51:51.148343
14597,12,62.60171185199449,2026-08-14T00:51:51.148343
14598,13,1.954010112433536,2026-08-14T00:51:51.148343
14599,14,1504.0944478841773,2026-08-14T00:51:51.148343
14600,15,70.18147670469617,2026-08-14T00:51:51.148343
14601,1,76.01839053691813,2026-08-14T00:51:51.643647
14602,2,2.0231806597747877,2026-08-14T00:51:51.643647
14603,3,1502.5072274700187,2026-08-14T00:51:51.643647
14604,4,68.99089236209963,2026-08-14T00:51:51.643647
14605,5,2.027584870810581,2026-08-14T00:51:51.643647
14606,6,1507.3511713103414,2026-08-14T00:51:51.643647
14607,7,70.40720425341287,2026-08-14T00:51:51.643647
14608,8,101.46929414179587,2026-08-14T00:51:51.643647
14609,9,68.68481421051204,2026-08-14T00:51:51.643647
14610,10,1.9102101144710193,2026-08-14T00:51:51.643647
14611,11,1401.7453121094518,2026-08-14T00:51:51.643647
14612,12,74.09568155188737,2026-08-14T00:51:51.643647
14613,13,2.0870969543519586,2026-08-14T00:51:51.643647
14614,14,1513.620218808932,2026-08-14T00:51:51.643647
14615,15,69.87046284728605,2026-08-14T00:51:51.643647
14616,1,72.61617892579856,2026-08-14T00:51:53.167627
14617,2,2.056058454652413,2026-08-14T00:51:53.167627
14618,3,1589.213526788659,2026-08-14T00:51:53.167627
14619,7,66.3531596064312,2026-08-14T00:51:53.167627
14620,8,102.50831805032117,2026-08-14T00:51:53.167627
14621,9,66.60878585864484,2026-08-14T00:51:53.167627
14622,10,1.9908299649717889,2026-08-14T00:51:53.167627
14623,11,1495.4302025118739,2026-08-14T00:51:53.167627
14624,12,67.0593737363301,2026-08-14T00:51:53.167627
14625,13,1.9991141174337148,2026-08-14T00:51:53.167627
14626,14,1600.1467475177305,2026-08-14T00:51:53.167627
14627,15,68.51893905936643,2026-08-14T00:51:53.167627
14628,1,72.98677203497516,2026-08-14T00:51:53.675816
14629,2,2.0425290947839474,2026-08-14T00:51:53.675816
14630,3,1541.2505746189045,2026-08-14T00:51:53.675816
14631,4,72.71581947254008,2026-08-14T00:51:53.675816
14632,5,1.9803451233239706,2026-08-14T00:51:53.675816
14633,6,1375.326806514835,2026-08-14T00:51:53.675816
14634,7,67.27967719944196,2026-08-14T00:51:53.675816
14635,8,104.99342450895752,2026-08-14T00:51:53.675816
14636,9,73.67440722903979,2026-08-14T00:51:53.675816
14637,10,1.9041375221466625,2026-08-14T00:51:53.675816
14638,11,1362.7658616248534,2026-08-14T00:51:53.675816
14639,12,70.69299959754332,2026-08-14T00:51:53.675816
14640,13,2.0040998572120015,2026-08-14T00:51:53.675816
14641,14,1414.5333704756295,2026-08-14T00:51:53.675816
14642,15,70.44275012776443,2026-08-14T00:51:53.675816
14643,1,69.7648264742139,2026-08-14T00:51:55.189868
14644,2,1.9979067659076162,2026-08-14T00:51:55.189868
14645,3,1482.7795928606909,2026-08-14T00:51:55.189868
14646,7,70.09102876578872,2026-08-14T00:51:55.189868
14647,8,109.2492305824894,2026-08-14T00:51:55.189868
14648,9,62.888851326768695,2026-08-14T00:51:55.189868
14649,10,2.070063979263663,2026-08-14T00:51:55.189868
14650,11,1526.4778328030154,2026-08-14T00:51:55.189868
14651,12,75.61434997013507,2026-08-14T00:51:55.189868
14652,13,1.8773984107539614,2026-08-14T00:51:55.189868
14653,14,1435.484173442569,2026-08-14T00:51:55.189868
14654,15,62.564522939794024,2026-08-14T00:51:55.189868
14655,1,65.86219817596898,2026-08-14T00:51:55.683187
14656,2,1.9237986907832618,2026-08-14T00:51:55.683187
14657,3,1498.162135230713,2026-08-14T00:51:55.683187
14658,4,70.38488855385738,2026-08-14T00:51:55.683187
14659,5,2.052957430452309,2026-08-14T00:51:55.683187
14660,6,1378.6920812046158,2026-08-14T00:51:55.683187
14661,7,75.6780643895838,2026-08-14T00:51:55.683187
14662,8,92.52484735865531,2026-08-14T00:51:55.683187
14663,12,69.55124895375154,2026-08-14T00:51:55.683187
14664,13,1.998030274884203,2026-08-14T00:51:55.683187
14665,14,1349.630356698922,2026-08-14T00:51:55.683187
14666,15,69.4601662312245,2026-08-14T00:51:55.683187
14667,1,72.60172449080903,2026-08-14T00:51:57.208996
14668,2,2.080271556218952,2026-08-14T00:51:57.208996
14669,3,1503.0869023017142,2026-08-14T00:51:57.208996
14670,7,67.47700178666751,2026-08-14T00:51:57.208996
14671,8,101.00398007894339,2026-08-14T00:51:57.208996
14672,9,66.71515950586719,2026-08-14T00:51:57.208996
14673,10,1.9501649132140992,2026-08-14T00:51:57.208996
14674,11,1527.715681073745,2026-08-14T00:51:57.208996
14675,12,66.73160823712995,2026-08-14T00:51:57.208996
14676,13,1.963635069298443,2026-08-14T00:51:57.208996
14677,14,1492.067452085215,2026-08-14T00:51:57.208996
14678,15,73.28761993902785,2026-08-14T00:51:57.208996
14679,1,71.88309087090612,2026-08-14T00:51:57.712330
14680,2,1.9487301473641128,2026-08-14T00:51:57.712330
14681,3,1456.5887492763002,2026-08-14T00:51:57.712330
14682,4,69.07238289106661,2026-08-14T00:51:57.712330
14683,5,2.1647750048116796,2026-08-14T00:51:57.712330
14684,6,1641.259267680807,2026-08-14T00:51:57.712330
14685,7,79.29886239545324,2026-08-14T00:51:57.712330
14686,8,90.3230305339654,2026-08-14T00:51:57.712330
14687,15,69.38891282089725,2026-08-14T00:51:57.712330
14688,1,71.2139014723986,2026-08-14T00:51:59.228011
14689,2,2.0858630716562874,2026-08-14T00:51:59.228011
14690,3,1541.4714107671548,2026-08-14T00:51:59.228011
14691,7,67.84528220768962,2026-08-14T00:51:59.228011
14692,8,101.38889877255004,2026-08-14T00:51:59.228011
14693,9,70.59566834458349,2026-08-14T00:51:59.228011
14694,10,1.9789360138665184,2026-08-14T00:51:59.228011
14695,11,1621.148160750404,2026-08-14T00:51:59.228011
14696,12,76.19915726407818,2026-08-14T00:51:59.228011
14697,13,1.9842881845371163,2026-08-14T00:51:59.228011
14698,14,1407.3310027641078,2026-08-14T00:51:59.228011
14699,15,68.3946252857748,2026-08-14T00:51:59.228011
14700,1,65.13893743298318,2026-08-14T00:51:59.719822
14701,2,1.7181330690590517,2026-08-14T00:51:59.719822
14702,3,1522.4406166716592,2026-08-14T00:51:59.719822
14703,4,69.09415159468857,2026-08-14T00:51:59.719822
14704,5,1.9570551601924606,2026-08-14T00:51:59.719822
14705,6,1535.5509206451327,2026-08-14T00:51:59.719822
14706,7,71.56076956356354,2026-08-14T00:51:59.719822
14707,8,105.16804233947373,2026-08-14T00:51:59.719822
14708,7,72.08995667112721,2026-08-14T00:52:01.248292
14709,8,104.72327921504899,2026-08-14T00:52:01.248292
14710,9,70.33745510927145,2026-08-14T00:52:01.248292
14711,10,1.9420942932870198,2026-08-14T00:52:01.248292
14712,11,1465.5428704715616,2026-08-14T00:52:01.248292
14713,12,61.24510898843859,2026-08-14T00:52:01.248292
14714,13,2.182373675220791,2026-08-14T00:52:01.248292
14715,14,1501.9130959853183,2026-08-14T00:52:01.248292
14716,15,66.79542012278023,2026-08-14T00:52:01.248292
14717,1,69.21559536023499,2026-08-14T00:52:01.739931
14718,2,1.9740540126517865,2026-08-14T00:52:01.739931
14719,3,1390.837215334141,2026-08-14T00:52:01.739931
14720,4,71.23109176086722,2026-08-14T00:52:01.739931
14721,5,2.0304930523051747,2026-08-14T00:52:01.739931
14722,6,1485.4269043072009,2026-08-14T00:52:01.739931
14723,7,69.36256406401968,2026-08-14T00:52:01.739931
14724,8,97.75561299416042,2026-08-14T00:52:01.739931
14725,7,67.71154378106863,2026-08-14T00:52:03.283041
14726,8,85.63601400377478,2026-08-14T00:52:03.283041
14727,9,77.75483174790011,2026-08-14T00:52:03.283041
14728,10,1.976301316980548,2026-08-14T00:52:03.283041
14729,11,1522.1455595221414,2026-08-14T00:52:03.283041
14730,12,68.79951459044682,2026-08-14T00:52:03.283041
14731,13,1.9421902866736294,2026-08-14T00:52:03.283041
14732,14,1613.3036674961015,2026-08-14T00:52:03.283041
14733,15,72.55277725371548,2026-08-14T00:52:03.283041
14734,1,69.3874011381581,2026-08-14T00:52:03.746653
14735,2,2.1865019092944964,2026-08-14T00:52:03.746653
14736,3,1508.646006807798,2026-08-14T00:52:03.746653
14737,4,71.5144157066231,2026-08-14T00:52:03.746653
14738,5,1.8782857374704676,2026-08-14T00:52:03.746653
14739,6,1507.8257252065703,2026-08-14T00:52:03.746653
14740,12,64.15352637643421,2026-08-14T00:52:03.746653
14741,13,1.9952485915029494,2026-08-14T00:52:03.746653
14742,14,1569.369350024612,2026-08-14T00:52:03.746653
14743,7,76.19418175366931,2026-08-14T00:52:05.296050
14744,8,95.74108775113142,2026-08-14T00:52:05.296050
14745,9,73.18331513732147,2026-08-14T00:52:05.296050
14746,10,2.0205697219780996,2026-08-14T00:52:05.296050
14747,11,1452.0686635831387,2026-08-14T00:52:05.296050
14748,12,69.84655031821117,2026-08-14T00:52:05.296050
14749,13,2.0398266475187734,2026-08-14T00:52:05.296050
14750,14,1570.8857042219133,2026-08-14T00:52:05.296050
14751,15,66.00603264483097,2026-08-14T00:52:05.296050
14752,1,72.73268785596122,2026-08-14T00:52:05.781059
14753,2,1.7413594708516367,2026-08-14T00:52:05.781059
14754,3,1443.7880206937075,2026-08-14T00:52:05.781059
14755,4,72.63005476045107,2026-08-14T00:52:05.781059
14756,5,2.0893552104195963,2026-08-14T00:52:05.781059
14757,6,1435.1621663440883,2026-08-14T00:52:05.781059
14758,12,67.70978073522191,2026-08-14T00:52:05.781059
14759,13,2.0285915387578517,2026-08-14T00:52:05.781059
14760,14,1522.0471554222875,2026-08-14T00:52:05.781059
14761,1,64.28097069261032,2026-08-14T00:52:07.315860
14762,2,2.029085955019136,2026-08-14T00:52:07.315860
14763,3,1427.9110702472863,2026-08-14T00:52:07.315860
14764,7,68.11613704393831,2026-08-14T00:52:07.315860
14765,8,96.36484348387458,2026-08-14T00:52:07.315860
14766,9,63.55321005766748,2026-08-14T00:52:07.315860
14767,10,1.855775772021168,2026-08-14T00:52:07.315860
14768,11,1396.0706617030708,2026-08-14T00:52:07.315860
14769,12,64.54723929560224,2026-08-14T00:52:07.315860
14770,13,1.821245602689006,2026-08-14T00:52:07.315860
14771,14,1525.2895913238995,2026-08-14T00:52:07.315860
14772,15,70.45486258205901,2026-08-14T00:52:07.315860
14773,1,69.92059230511349,2026-08-14T00:52:07.797253
14774,2,2.0718108015340166,2026-08-14T00:52:07.797253
14775,3,1500.1299114475592,2026-08-14T00:52:07.797253
14776,4,65.8021837174297,2026-08-14T00:52:07.797253
14777,5,1.993390852730267,2026-08-14T00:52:07.797253
14778,6,1511.7277402504467,2026-08-14T00:52:07.797253
14779,9,65.94903699538935,2026-08-14T00:52:07.797253
14780,10,2.0709687230574327,2026-08-14T00:52:07.797253
14781,11,1579.515895477266,2026-08-14T00:52:07.797253
14782,12,74.97042234361196,2026-08-14T00:52:07.797253
14783,13,2.004814872926126,2026-08-14T00:52:07.797253
14784,14,1502.4552273232887,2026-08-14T00:52:07.797253
14785,1,64.90050502049296,2026-08-14T00:52:09.321554
14786,2,2.1056330541812804,2026-08-14T00:52:09.321554
14787,3,1456.838856288394,2026-08-14T00:52:09.321554
14788,7,69.74388560879929,2026-08-14T00:52:09.321554
14789,8,98.90933550336862,2026-08-14T00:52:09.321554
14790,9,80.18633769267777,2026-08-14T00:52:09.321554
14791,10,1.9351887112844022,2026-08-14T00:52:09.321554
14792,11,1601.1353178001941,2026-08-14T00:52:09.321554
14793,12,70.51403992289139,2026-08-14T00:52:09.321554
14794,13,2.033913037637618,2026-08-14T00:52:09.321554
14795,14,1391.570516684963,2026-08-14T00:52:09.321554
14796,15,67.48430151825346,2026-08-14T00:52:09.321554
14797,1,68.83092858466534,2026-08-14T00:52:09.804075
14798,2,2.048221419415592,2026-08-14T00:52:09.804075
14799,3,1424.5145775627775,2026-08-14T00:52:09.804075
14800,4,70.69214345826683,2026-08-14T00:52:09.804075
14801,5,2.111719142789158,2026-08-14T00:52:09.804075
14802,6,1438.5595775994236,2026-08-14T00:52:09.804075
14803,9,73.69550804615982,2026-08-14T00:52:09.804075
14804,10,2.107155246788759,2026-08-14T00:52:09.804075
14805,11,1316.1026908359545,2026-08-14T00:52:09.804075
14806,12,66.31114489994141,2026-08-14T00:52:09.804075
14807,13,2.0840723666766126,2026-08-14T00:52:09.804075
14808,14,1527.312523538825,2026-08-14T00:52:09.804075
14809,1,69.21106704965011,2026-08-14T00:52:11.341193
14810,2,1.9702707297823359,2026-08-14T00:52:11.341193
14811,3,1562.679915670148,2026-08-14T00:52:11.341193
14812,7,68.52446511093396,2026-08-14T00:52:11.341193
14813,8,101.86695111256721,2026-08-14T00:52:11.341193
14814,9,68.32183656367668,2026-08-14T00:52:11.341193
14815,10,1.9947195144546785,2026-08-14T00:52:11.341193
14816,11,1505.5153834960806,2026-08-14T00:52:11.341193
14817,12,69.50703736081239,2026-08-14T00:52:11.341193
14818,13,1.9443671174143116,2026-08-14T00:52:11.341193
14819,14,1490.8271313715961,2026-08-14T00:52:11.341193
14820,15,76.86105332695078,2026-08-14T00:52:11.341193
14821,1,66.43217654211776,2026-08-14T00:52:11.811885
14822,2,1.9281499866536895,2026-08-14T00:52:11.811885
14823,3,1540.7035119840612,2026-08-14T00:52:11.811885
14824,4,71.10126342598979,2026-08-14T00:52:11.811885
14825,5,2.0409723358624494,2026-08-14T00:52:11.811885
14826,6,1499.4150067513483,2026-08-14T00:52:11.811885
14827,9,70.66869806688118,2026-08-14T00:52:11.811885
14828,10,1.9566488354402516,2026-08-14T00:52:11.811885
14829,11,1428.4242634575785,2026-08-14T00:52:11.811885
14830,12,70.48890645727302,2026-08-14T00:52:11.811885
14831,13,2.0469859922339597,2026-08-14T00:52:11.811885
14832,14,1410.889520344109,2026-08-14T00:52:11.811885
14833,1,68.85085475640061,2026-08-14T00:52:13.351538
14834,2,1.9607211986364368,2026-08-14T00:52:13.351538
14835,3,1495.9345008722605,2026-08-14T00:52:13.351538
14836,7,70.65584213198686,2026-08-14T00:52:13.351538
14837,8,100.00682858522697,2026-08-14T00:52:13.351538
14838,9,71.42825284879402,2026-08-14T00:52:13.351538
14839,10,1.8959226703415653,2026-08-14T00:52:13.351538
14840,11,1656.1760399684156,2026-08-14T00:52:13.351538
14841,12,72.95876122936629,2026-08-14T00:52:13.351538
14842,13,2.096342844777904,2026-08-14T00:52:13.351538
14843,14,1422.4165690820512,2026-08-14T00:52:13.351538
14844,15,74.92233817424763,2026-08-14T00:52:13.351538
14845,1,74.07753737838088,2026-08-14T00:52:13.833698
14846,2,2.0463433794663,2026-08-14T00:52:13.833698
14847,3,1539.2386129018737,2026-08-14T00:52:13.833698
14848,4,68.42627280828954,2026-08-14T00:52:13.833698
14849,5,2.2051281453523015,2026-08-14T00:52:13.833698
14850,6,1672.5809509610813,2026-08-14T00:52:13.833698
14851,9,71.30218277767659,2026-08-14T00:52:13.833698
14852,10,2.1610284874917625,2026-08-14T00:52:13.833698
14853,11,1571.1321257357797,2026-08-14T00:52:13.833698
14854,12,70.59343109915245,2026-08-14T00:52:13.833698
14855,13,1.9939958257482993,2026-08-14T00:52:13.833698
14856,14,1537.296521928945,2026-08-14T00:52:13.833698
14857,1,75.06348941771641,2026-08-14T00:52:15.362311
14858,2,2.20450910726971,2026-08-14T00:52:15.362311
14859,3,1535.2083655712984,2026-08-14T00:52:15.362311
14860,7,66.21320694090937,2026-08-14T00:52:15.362311
14861,8,103.59880476619487,2026-08-14T00:52:15.362311
14862,9,71.67420413066547,2026-08-14T00:52:15.362311
14863,10,1.8121338664056326,2026-08-14T00:52:15.362311
14864,11,1397.3781122752507,2026-08-14T00:52:15.362311
14865,12,69.49880728014462,2026-08-14T00:52:15.362311
14866,13,1.977067895260405,2026-08-14T00:52:15.362311
14867,14,1441.62936556193,2026-08-14T00:52:15.362311
14868,15,66.44052993291629,2026-08-14T00:52:15.362311
14869,1,70.5045598183696,2026-08-14T00:52:15.864086
14870,2,2.0422549567217674,2026-08-14T00:52:15.864086
14871,3,1565.4789893382283,2026-08-14T00:52:15.864086
14872,9,72.36685256595119,2026-08-14T00:52:15.864086
14873,10,2.1191847140767965,2026-08-14T00:52:15.864086
14874,11,1508.5621403913497,2026-08-14T00:52:15.864086
14875,12,74.62742830919596,2026-08-14T00:52:15.864086
14876,13,2.062113574502582,2026-08-14T00:52:15.864086
14877,14,1628.0453381070545,2026-08-14T00:52:15.864086
14878,1,68.66988628955656,2026-08-14T00:52:17.367670
14879,2,1.9782245403646754,2026-08-14T00:52:17.367670
14880,3,1676.5809803666175,2026-08-14T00:52:17.367670
14881,7,69.56718659312428,2026-08-14T00:52:17.367670
14882,8,93.5723182162378,2026-08-14T00:52:17.367670
14883,9,73.93360285653013,2026-08-14T00:52:17.367670
14884,10,1.878147147626857,2026-08-14T00:52:17.367670
14885,11,1483.4231127661585,2026-08-14T00:52:17.367670
14886,12,67.51830610832226,2026-08-14T00:52:17.367670
14887,13,2.0302404328752073,2026-08-14T00:52:17.367670
14888,14,1457.3294285447419,2026-08-14T00:52:17.367670
14889,15,70.8884930118498,2026-08-14T00:52:17.367670
14890,1,72.48765526235147,2026-08-14T00:52:17.883753
14891,2,1.9273987081583008,2026-08-14T00:52:17.883753
14892,3,1462.1587483694673,2026-08-14T00:52:17.883753
14893,7,63.084181161397005,2026-08-14T00:52:17.883753
14894,8,96.65703362541254,2026-08-14T00:52:17.883753
14895,9,69.3458825320273,2026-08-14T00:52:17.883753
14896,10,2.1062340741632783,2026-08-14T00:52:17.883753
14897,11,1500.541556886608,2026-08-14T00:52:17.883753
14898,12,72.97089890244669,2026-08-14T00:52:17.883753
14899,13,2.0180840148102996,2026-08-14T00:52:17.883753
14900,14,1372.0773226151468,2026-08-14T00:52:17.883753
14901,1,70.95628840622997,2026-08-14T00:52:19.397292
14902,2,2.0983607070816563,2026-08-14T00:52:19.397292
14903,3,1429.6574568443086,2026-08-14T00:52:19.397292
14904,7,72.36519490196149,2026-08-14T00:52:19.397292
14905,8,100.94861137262156,2026-08-14T00:52:19.397292
14906,9,68.32467013549159,2026-08-14T00:52:19.397292
14907,10,1.965882816479504,2026-08-14T00:52:19.397292
14908,11,1397.2673436588595,2026-08-14T00:52:19.397292
14909,12,66.3985098380122,2026-08-14T00:52:19.397292
14910,13,1.7189289651690403,2026-08-14T00:52:19.397292
14911,14,1476.7607767256645,2026-08-14T00:52:19.397292
14912,15,73.61069481279691,2026-08-14T00:52:19.397292
14913,1,72.14717992455132,2026-08-14T00:52:19.909315
14914,2,2.0609005481020715,2026-08-14T00:52:19.909315
14915,3,1533.5661857044834,2026-08-14T00:52:19.909315
14916,7,75.0576257391813,2026-08-14T00:52:19.909315
14917,8,100.12697034646126,2026-08-14T00:52:19.909315
14918,9,76.53539251387276,2026-08-14T00:52:19.909315
14919,10,1.9135781681937245,2026-08-14T00:52:19.909315
14920,11,1448.393617672,2026-08-14T00:52:19.909315
14921,12,63.83165610874627,2026-08-14T00:52:19.909315
14922,13,1.851892929397868,2026-08-14T00:52:19.909315
14923,14,1498.1173280733594,2026-08-14T00:52:19.909315
14924,1,67.10074787945847,2026-08-14T00:52:21.406849
14925,2,2.001937889660614,2026-08-14T00:52:21.406849
14926,3,1559.5180709836402,2026-08-14T00:52:21.406849
14927,7,66.69918839266627,2026-08-14T00:52:21.406849
14928,8,102.79184165044786,2026-08-14T00:52:21.406849
14929,9,68.27039153160767,2026-08-14T00:52:21.406849
14930,10,2.0664389639832392,2026-08-14T00:52:21.406849
14931,11,1556.6177040109565,2026-08-14T00:52:21.406849
14932,12,74.10655529513767,2026-08-14T00:52:21.406849
14933,13,2.0521293826716636,2026-08-14T00:52:21.406849
14934,14,1340.9368488425114,2026-08-14T00:52:21.406849
14935,15,74.88559383243401,2026-08-14T00:52:21.406849
14936,1,71.64162603135149,2026-08-14T00:52:21.934883
14937,2,1.9681307540365114,2026-08-14T00:52:21.934883
14938,3,1468.641445312446,2026-08-14T00:52:21.934883
14939,7,67.38994881460569,2026-08-14T00:52:21.934883
14940,8,98.3792681309737,2026-08-14T00:52:21.934883
14941,9,68.74351021534548,2026-08-14T00:52:21.934883
14942,10,1.8911989782371745,2026-08-14T00:52:21.934883
14943,11,1472.1287645678335,2026-08-14T00:52:21.934883
14944,12,69.80079797242746,2026-08-14T00:52:21.934883
14945,13,1.7558335737213184,2026-08-14T00:52:21.934883
14946,14,1503.2669880884998,2026-08-14T00:52:21.934883
14947,1,65.82837361934229,2026-08-14T00:52:23.434044
14948,2,2.1398831345456455,2026-08-14T00:52:23.434044
14949,3,1481.999710991558,2026-08-14T00:52:23.434044
14950,4,72.61699056863942,2026-08-14T00:52:23.434044
14951,5,2.001006243804428,2026-08-14T00:52:23.434044
14952,6,1511.2869726014108,2026-08-14T00:52:23.434044
14953,7,64.4468437258609,2026-08-14T00:52:23.434044
14954,8,94.00161378922154,2026-08-14T00:52:23.434044
14955,12,71.13409220684305,2026-08-14T00:52:23.434044
14956,13,1.985834140760926,2026-08-14T00:52:23.434044
14957,14,1525.281831339177,2026-08-14T00:52:23.434044
14958,15,63.589656678329625,2026-08-14T00:52:23.434044
14959,1,66.03151275418827,2026-08-14T00:52:23.955280
14960,2,1.9437773855855578,2026-08-14T00:52:23.955280
14961,3,1643.4787402067668,2026-08-14T00:52:23.955280
14962,7,70.59428068619304,2026-08-14T00:52:23.955280
14963,8,96.56842291341756,2026-08-14T00:52:23.955280
14964,9,68.81821110597662,2026-08-14T00:52:23.955280
14965,10,2.1352282755040166,2026-08-14T00:52:23.955280
14966,11,1546.3787552054082,2026-08-14T00:52:23.955280
14967,12,69.36537300588171,2026-08-14T00:52:23.955280
14968,13,2.059606885491227,2026-08-14T00:52:23.955280
14969,14,1618.8014647267328,2026-08-14T00:52:23.955280
14970,15,65.18231761088815,2026-08-14T00:52:23.955280
14971,1,71.92724585765788,2026-08-14T00:52:25.454108
14972,2,1.994850777171437,2026-08-14T00:52:25.454108
14973,3,1588.9620961624141,2026-08-14T00:52:25.454108
14974,4,63.28185493715226,2026-08-14T00:52:25.454108
14975,5,1.8843774300191778,2026-08-14T00:52:25.454108
14976,6,1636.3642132636928,2026-08-14T00:52:25.454108
14977,7,73.61923185134036,2026-08-14T00:52:25.454108
14978,8,103.98432757587317,2026-08-14T00:52:25.454108
14979,12,69.9516032018065,2026-08-14T00:52:25.454108
14980,13,2.1128801872400915,2026-08-14T00:52:25.454108
14981,14,1505.3189840190457,2026-08-14T00:52:25.454108
14982,15,71.49368644551505,2026-08-14T00:52:25.454108
14983,1,69.20892375180507,2026-08-14T00:52:25.981565
14984,2,1.9561109679339441,2026-08-14T00:52:25.981565
14985,3,1455.629321595341,2026-08-14T00:52:25.981565
14986,7,65.8268127875661,2026-08-14T00:52:25.981565
14987,8,97.21401446145912,2026-08-14T00:52:25.981565
14988,9,63.41162424783062,2026-08-14T00:52:25.981565
14989,10,2.056464092449839,2026-08-14T00:52:25.981565
14990,11,1535.6166713463344,2026-08-14T00:52:25.981565
14991,12,68.08068235822027,2026-08-14T00:52:25.981565
14992,13,2.0488434506732878,2026-08-14T00:52:25.981565
14993,14,1563.6668504482802,2026-08-14T00:52:25.981565
14994,15,67.36302038793328,2026-08-14T00:52:25.981565
14995,1,75.14648474131037,2026-08-14T00:52:27.486171
14996,2,1.8161583056782786,2026-08-14T00:52:27.486171
14997,3,1512.121876486417,2026-08-14T00:52:27.486171
14998,4,70.95422313040419,2026-08-14T00:52:27.486171
14999,5,2.036163704207581,2026-08-14T00:52:27.486171
15000,6,1575.4723512466364,2026-08-14T00:52:27.486171
15001,7,65.98917363480054,2026-08-14T00:52:27.486171
15002,8,99.9356594714903,2026-08-14T00:52:27.486171
15003,12,68.26853114801673,2026-08-14T00:52:27.486171
15004,13,2.1849297366198535,2026-08-14T00:52:27.486171
15005,14,1451.8628680074364,2026-08-14T00:52:27.486171
15006,15,69.42469799285541,2026-08-14T00:52:27.486171
15007,7,70.12702279514235,2026-08-14T00:52:28.007592
15008,8,100.96738315608354,2026-08-14T00:52:28.007592
15009,9,69.06307201375948,2026-08-14T00:52:28.007592
15010,10,2.0508971696409115,2026-08-14T00:52:28.007592
15011,11,1367.265340154331,2026-08-14T00:52:28.007592
15012,12,70.27162388872216,2026-08-14T00:52:28.007592
15013,13,1.9548651791502447,2026-08-14T00:52:28.007592
15014,14,1568.4381800183387,2026-08-14T00:52:28.007592
15015,15,68.06624137709076,2026-08-14T00:52:28.007592
15016,1,69.52579442466283,2026-08-14T00:52:29.511359
15017,2,2.099543742308103,2026-08-14T00:52:29.511359
15018,3,1512.8687593406573,2026-08-14T00:52:29.511359
15019,4,69.5244175140762,2026-08-14T00:52:29.511359
15020,5,1.9201037772043217,2026-08-14T00:52:29.511359
15021,6,1483.5360152009448,2026-08-14T00:52:29.511359
15022,7,73.36321968375968,2026-08-14T00:52:29.511359
15023,8,98.47493130889332,2026-08-14T00:52:29.511359
15024,12,71.42593523422926,2026-08-14T00:52:29.511359
15025,13,2.113897572547788,2026-08-14T00:52:29.511359
15026,14,1561.5987494660515,2026-08-14T00:52:29.511359
15027,15,66.10605187613828,2026-08-14T00:52:29.511359
15028,4,70.92304485429882,2026-08-14T00:52:30.028796
15029,5,1.7498308873553858,2026-08-14T00:52:30.028796
15030,6,1489.2792952597692,2026-08-14T00:52:30.028796
15031,7,68.7991173324014,2026-08-14T00:52:30.028796
15032,8,94.25704904774545,2026-08-14T00:52:30.028796
15033,9,70.82817886451417,2026-08-14T00:52:30.028796
15034,10,1.9880068931261623,2026-08-14T00:52:30.028796
15035,11,1375.9421134902088,2026-08-14T00:52:30.028796
15036,12,72.1447929548265,2026-08-14T00:52:30.028796
15037,13,2.046526278910579,2026-08-14T00:52:30.028796
15038,14,1519.2985498109024,2026-08-14T00:52:30.028796
15039,15,71.26007234400407,2026-08-14T00:52:30.028796
15040,1,64.15136602048719,2026-08-14T00:52:31.527288
15041,2,1.8071858051772265,2026-08-14T00:52:31.527288
15042,3,1522.3965285500005,2026-08-14T00:52:31.527288
15043,4,67.8035512074466,2026-08-14T00:52:31.527288
15044,5,1.901012899830086,2026-08-14T00:52:31.527288
15045,6,1510.0752948362335,2026-08-14T00:52:31.527288
15046,7,70.70723108870807,2026-08-14T00:52:31.527288
15047,8,96.90690729895903,2026-08-14T00:52:31.527288
15048,12,68.8851396613204,2026-08-14T00:52:31.527288
15049,13,2.0017511204810345,2026-08-14T00:52:31.527288
15050,14,1438.0006570046382,2026-08-14T00:52:31.527288
15051,15,74.57557579253123,2026-08-14T00:52:31.527288
15052,4,75.08896912375967,2026-08-14T00:52:32.044735
15053,5,2.1116762419117316,2026-08-14T00:52:32.044735
15054,6,1517.5806618918234,2026-08-14T00:52:32.044735
15055,7,63.06508999365203,2026-08-14T00:52:32.044735
15056,8,98.12108510118628,2026-08-14T00:52:32.044735
15057,9,71.36088797370945,2026-08-14T00:52:32.044735
15058,10,2.1709262156367446,2026-08-14T00:52:32.044735
15059,11,1493.270760738355,2026-08-14T00:52:32.044735
15060,12,68.3452601514392,2026-08-14T00:52:32.044735
15061,13,1.9820712561463951,2026-08-14T00:52:32.044735
15062,14,1501.8340591850358,2026-08-14T00:52:32.044735
15063,15,68.71727581290365,2026-08-14T00:52:32.044735
15064,1,72.99782901574068,2026-08-14T00:52:33.546069
15065,2,1.9181506896754028,2026-08-14T00:52:33.546069
15066,3,1497.571838395854,2026-08-14T00:52:33.546069
15067,4,66.46186979651115,2026-08-14T00:52:33.546069
15068,5,2.0390769971658496,2026-08-14T00:52:33.546069
15069,6,1536.4593584276056,2026-08-14T00:52:33.546069
15070,7,63.88233683900591,2026-08-14T00:52:33.546069
15071,8,99.70669005937458,2026-08-14T00:52:33.546069
15072,12,66.98078941329568,2026-08-14T00:52:33.546069
15073,13,1.8705113089963954,2026-08-14T00:52:33.546069
15074,14,1509.9142886273432,2026-08-14T00:52:33.546069
15075,15,72.33921483932647,2026-08-14T00:52:33.546069
15076,4,69.71500164051508,2026-08-14T00:52:34.070947
15077,5,1.928234716873046,2026-08-14T00:52:34.070947
15078,6,1430.8008490971613,2026-08-14T00:52:34.070947
15079,7,68.30348102400824,2026-08-14T00:52:34.070947
15080,8,91.84047893739822,2026-08-14T00:52:34.070947
15081,9,65.5345356530335,2026-08-14T00:52:34.070947
15082,10,1.9099791501225827,2026-08-14T00:52:34.070947
15083,11,1490.134022473227,2026-08-14T00:52:34.070947
15084,12,69.08755802119225,2026-08-14T00:52:34.070947
15085,13,1.9575218718680205,2026-08-14T00:52:34.070947
15086,14,1447.6700616209075,2026-08-14T00:52:34.070947
15087,15,72.25600653616347,2026-08-14T00:52:34.070947
15088,1,72.05339047341168,2026-08-14T00:52:35.572204
15089,2,2.0200551026851055,2026-08-14T00:52:35.572204
15090,3,1546.3435342492448,2026-08-14T00:52:35.572204
15091,4,69.7011865871224,2026-08-14T00:52:35.572204
15092,5,1.7757326246406073,2026-08-14T00:52:35.572204
15093,6,1437.3299498577048,2026-08-14T00:52:35.572204
15094,7,69.55978303804612,2026-08-14T00:52:35.572204
15095,8,101.41547300656369,2026-08-14T00:52:35.572204
15096,12,70.41585102113666,2026-08-14T00:52:35.572204
15097,13,2.0162845755265892,2026-08-14T00:52:35.572204
15098,14,1563.8715249774036,2026-08-14T00:52:35.572204
15099,15,72.78059686749476,2026-08-14T00:52:35.572204
15100,4,69.11429470384965,2026-08-14T00:52:36.088850
15101,5,1.976594399062687,2026-08-14T00:52:36.088850
15102,6,1383.207007598673,2026-08-14T00:52:36.088850
15103,7,74.43420236843441,2026-08-14T00:52:36.088850
15104,8,109.12175047410003,2026-08-14T00:52:36.088850
15105,9,72.67306992971689,2026-08-14T00:52:36.088850
15106,10,1.9561065253861318,2026-08-14T00:52:36.088850
15107,11,1468.9387739970223,2026-08-14T00:52:36.088850
15108,12,72.05642246689371,2026-08-14T00:52:36.088850
15109,13,1.929448142956027,2026-08-14T00:52:36.088850
15110,14,1694.9991267945863,2026-08-14T00:52:36.088850
15111,15,63.76871205802735,2026-08-14T00:52:36.088850
15112,1,71.76406858002765,2026-08-14T00:52:37.593946
15113,2,1.9254377091756945,2026-08-14T00:52:37.593946
15114,3,1472.4633345395157,2026-08-14T00:52:37.593946
15115,4,67.22425241166685,2026-08-14T00:52:37.593946
15116,5,1.993349433180132,2026-08-14T00:52:37.593946
15117,6,1526.547446064625,2026-08-14T00:52:37.593946
15118,7,70.67440001805866,2026-08-14T00:52:37.593946
15119,8,103.91601078003771,2026-08-14T00:52:37.593946
15120,9,73.8354417108082,2026-08-14T00:52:37.593946
15121,10,1.942753893239536,2026-08-14T00:52:37.593946
15122,11,1468.7430686936839,2026-08-14T00:52:37.593946
15123,12,76.21800833147735,2026-08-14T00:52:37.593946
15124,13,1.8973389938866914,2026-08-14T00:52:37.593946
15125,14,1539.278835877683,2026-08-14T00:52:37.593946
15126,15,66.29308884770356,2026-08-14T00:52:37.593946
15127,4,71.35926536592788,2026-08-14T00:52:38.121403
15128,5,2.159366863485367,2026-08-14T00:52:38.121403
15129,6,1525.3206649444937,2026-08-14T00:52:38.121403
15130,7,74.04104477152796,2026-08-14T00:52:38.121403
15131,8,98.93335715663765,2026-08-14T00:52:38.121403
15132,9,63.40826389068069,2026-08-14T00:52:38.121403
15133,10,1.8853952204368878,2026-08-14T00:52:38.121403
15134,11,1429.253206949245,2026-08-14T00:52:38.121403
15135,12,72.19010755246961,2026-08-14T00:52:38.121403
15136,13,2.010489663634171,2026-08-14T00:52:38.121403
15137,14,1462.4544250570377,2026-08-14T00:52:38.121403
15138,15,76.5427294927872,2026-08-14T00:52:38.121403
15139,1,69.25565313132091,2026-08-14T00:52:39.613780
15140,2,1.8806735876334923,2026-08-14T00:52:39.613780
15141,3,1557.344238260196,2026-08-14T00:52:39.613780
15142,4,69.53333696398616,2026-08-14T00:52:39.613780
15143,5,1.9799363048740881,2026-08-14T00:52:39.613780
15144,6,1479.3576549996326,2026-08-14T00:52:39.613780
15145,7,66.61854203715976,2026-08-14T00:52:39.613780
15146,8,100.72010013197209,2026-08-14T00:52:39.613780
15147,9,72.24535562613245,2026-08-14T00:52:39.613780
15148,10,1.932686437356914,2026-08-14T00:52:39.613780
15149,11,1411.0428651478858,2026-08-14T00:52:39.613780
15150,12,66.47653775223768,2026-08-14T00:52:39.613780
15151,13,1.8656472085949187,2026-08-14T00:52:39.613780
15152,14,1452.8340810159423,2026-08-14T00:52:39.613780
15153,15,74.18330972320393,2026-08-14T00:52:39.613780
15154,4,68.50083306322271,2026-08-14T00:52:40.160208
15155,5,2.00349593005742,2026-08-14T00:52:40.160208
15156,6,1464.1038360008126,2026-08-14T00:52:40.160208
15157,7,71.71508118842624,2026-08-14T00:52:40.160208
15158,8,100.8516285777095,2026-08-14T00:52:40.160208
15159,9,72.93727568886291,2026-08-14T00:52:40.160208
15160,10,2.026807584616029,2026-08-14T00:52:40.160208
15161,11,1485.6781812926024,2026-08-14T00:52:40.160208
15162,12,72.7685810984881,2026-08-14T00:52:40.160208
15163,13,1.8656113472837383,2026-08-14T00:52:40.160208
15164,14,1621.2201840027087,2026-08-14T00:52:40.160208
15165,15,73.26700352744223,2026-08-14T00:52:40.160208
15166,1,75.89600212672529,2026-08-14T00:52:41.635420
15167,2,2.02360737241721,2026-08-14T00:52:41.635420
15168,3,1582.0779653578772,2026-08-14T00:52:41.635420
15169,4,71.5497033425584,2026-08-14T00:52:41.635420
15170,5,2.008443511509226,2026-08-14T00:52:41.635420
15171,6,1377.3845981403344,2026-08-14T00:52:41.635420
15172,7,68.65899094341607,2026-08-14T00:52:41.635420
15173,8,106.0543263662781,2026-08-14T00:52:41.635420
15174,9,65.42566572319357,2026-08-14T00:52:41.635420
15175,10,1.9609309314709007,2026-08-14T00:52:41.635420
15176,11,1648.5204268555738,2026-08-14T00:52:41.635420
15177,15,68.08332097180862,2026-08-14T00:52:41.635420
15178,4,70.3590321452551,2026-08-14T00:52:42.179390
15179,5,2.045557929978026,2026-08-14T00:52:42.179390
15180,6,1575.7791902738913,2026-08-14T00:52:42.179390
15181,7,69.55864821232841,2026-08-14T00:52:42.179390
15182,8,103.7354525185721,2026-08-14T00:52:42.179390
15183,9,75.6800813846422,2026-08-14T00:52:42.179390
15184,10,1.856010508508371,2026-08-14T00:52:42.179390
15185,11,1548.2796465439658,2026-08-14T00:52:42.179390
15186,12,66.35438052454883,2026-08-14T00:52:42.179390
15187,13,1.9478126813121328,2026-08-14T00:52:42.179390
15188,14,1547.9717397783331,2026-08-14T00:52:42.179390
15189,15,76.82372013447319,2026-08-14T00:52:42.179390
15190,1,69.59263842619394,2026-08-14T00:52:43.655166
15191,2,1.9929269510268295,2026-08-14T00:52:43.655166
15192,3,1496.4164382650004,2026-08-14T00:52:43.655166
15193,4,71.52387091164628,2026-08-14T00:52:43.655166
15194,5,1.9809801966260905,2026-08-14T00:52:43.655166
15195,6,1637.3390814211302,2026-08-14T00:52:43.655166
15196,7,64.91497123365195,2026-08-14T00:52:43.655166
15197,8,104.93954758998562,2026-08-14T00:52:43.655166
15198,9,69.27527630393244,2026-08-14T00:52:43.655166
15199,10,2.020865276563019,2026-08-14T00:52:43.655166
15200,11,1510.654010052301,2026-08-14T00:52:43.655166
15201,15,69.58234557372361,2026-08-14T00:52:43.655166
15202,4,69.46834893762146,2026-08-14T00:52:44.212228
15203,5,2.089177839736242,2026-08-14T00:52:44.212228
15204,6,1469.9643131537716,2026-08-14T00:52:44.212228
15205,7,65.56414954461823,2026-08-14T00:52:44.212228
15206,8,101.7137979694575,2026-08-14T00:52:44.212228
15207,9,73.20338751997902,2026-08-14T00:52:44.212228
15208,10,1.948097771364352,2026-08-14T00:52:44.212228
15209,11,1583.7859514028341,2026-08-14T00:52:44.212228
15210,12,70.38356070949241,2026-08-14T00:52:44.212228
15211,13,1.9848788943413345,2026-08-14T00:52:44.212228
15212,14,1530.286052899074,2026-08-14T00:52:44.212228
15213,15,71.5858384751406,2026-08-14T00:52:44.212228
15214,1,69.57258281893287,2026-08-14T00:52:45.682744
15215,2,2.1939443590843615,2026-08-14T00:52:45.682744
15216,3,1591.657764563342,2026-08-14T00:52:45.682744
15217,4,69.70603387202205,2026-08-14T00:52:45.682744
15218,5,1.7963206395515012,2026-08-14T00:52:45.682744
15219,6,1463.535208265306,2026-08-14T00:52:45.682744
15220,7,72.61192283672816,2026-08-14T00:52:45.682744
15221,8,108.68346542566488,2026-08-14T00:52:45.682744
15222,9,68.90852740924865,2026-08-14T00:52:45.682744
15223,10,1.8093034118790057,2026-08-14T00:52:45.682744
15224,11,1398.4172187852846,2026-08-14T00:52:45.682744
15225,15,70.10252955826229,2026-08-14T00:52:45.682744
15226,4,71.09265440261814,2026-08-14T00:52:46.232410
15227,5,2.1009782338757064,2026-08-14T00:52:46.232410
15228,6,1703.5830677642045,2026-08-14T00:52:46.232410
15229,7,71.11553247757452,2026-08-14T00:52:46.232410
15230,8,98.51068653902024,2026-08-14T00:52:46.232410
15231,9,73.90920208533167,2026-08-14T00:52:46.232410
15232,10,1.844066736821397,2026-08-14T00:52:46.232410
15233,11,1407.7293659411396,2026-08-14T00:52:46.232410
15234,12,73.41139699488214,2026-08-14T00:52:46.232410
15235,13,2.091569015900738,2026-08-14T00:52:46.232410
15236,14,1497.2982961282746,2026-08-14T00:52:46.232410
15237,15,70.35701492204903,2026-08-14T00:52:46.232410
15238,1,70.09556621098619,2026-08-14T00:52:47.719147
15239,2,2.052839858561129,2026-08-14T00:52:47.719147
15240,3,1630.9731650175122,2026-08-14T00:52:47.719147
15241,4,66.4026695201757,2026-08-14T00:52:47.719147
15242,5,2.044878649603429,2026-08-14T00:52:47.719147
15243,6,1317.3601248484686,2026-08-14T00:52:47.719147
15244,7,68.32933148965525,2026-08-14T00:52:47.719147
15245,8,102.14252331772995,2026-08-14T00:52:47.719147
15246,9,63.08093458681508,2026-08-14T00:52:47.719147
15247,10,1.907460712235971,2026-08-14T00:52:47.719147
15248,11,1453.82292539693,2026-08-14T00:52:47.719147
15249,15,72.93131520335515,2026-08-14T00:52:47.719147
15250,4,72.73303159981772,2026-08-14T00:52:48.253418
15251,5,2.0302535700603097,2026-08-14T00:52:48.253418
15252,6,1524.0735100337083,2026-08-14T00:52:48.253418
15253,7,69.61532323697713,2026-08-14T00:52:48.253418
15254,8,96.6442063968419,2026-08-14T00:52:48.253418
15255,9,63.64087767506473,2026-08-14T00:52:48.253418
15256,10,2.1244054942187933,2026-08-14T00:52:48.253418
15257,11,1547.8605898912042,2026-08-14T00:52:48.253418
15258,12,72.78042874644157,2026-08-14T00:52:48.253418
15259,13,1.8065276159718788,2026-08-14T00:52:48.253418
15260,14,1446.5271783110215,2026-08-14T00:52:48.253418
15261,15,68.64925403372683,2026-08-14T00:52:48.253418
15262,1,64.17046133289651,2026-08-14T00:52:49.728666
15263,2,1.7932595350522276,2026-08-14T00:52:49.728666
15264,3,1572.405319583127,2026-08-14T00:52:49.728666
15265,4,74.83651602587625,2026-08-14T00:52:49.728666
15266,5,1.9154995245000317,2026-08-14T00:52:49.728666
15267,6,1486.1073869739005,2026-08-14T00:52:49.728666
15268,7,67.92672262129493,2026-08-14T00:52:49.728666
15269,8,100.75291049655743,2026-08-14T00:52:49.728666
15270,9,65.1941887681726,2026-08-14T00:52:49.728666
15271,10,1.9963339310719492,2026-08-14T00:52:49.728666
15272,11,1712.7638813267706,2026-08-14T00:52:49.728666
15273,15,63.315983961205156,2026-08-14T00:52:49.728666
15274,4,69.19195471953869,2026-08-14T00:52:50.260058
15275,5,1.957878161947143,2026-08-14T00:52:50.260058
15276,6,1491.8785776719096,2026-08-14T00:52:50.260058
15277,7,67.39956353042786,2026-08-14T00:52:50.260058
15278,8,100.47939499549663,2026-08-14T00:52:50.260058
15279,9,66.56112296257679,2026-08-14T00:52:50.260058
15280,10,2.0929151240226,2026-08-14T00:52:50.260058
15281,11,1500.900830807559,2026-08-14T00:52:50.260058
15282,12,68.64666578969145,2026-08-14T00:52:50.260058
15283,13,1.946611931876099,2026-08-14T00:52:50.260058
15284,14,1430.6459843178202,2026-08-14T00:52:50.260058
15285,15,73.72925457972421,2026-08-14T00:52:50.260058
15286,1,68.93345796189035,2026-08-14T00:52:51.754913
15287,2,2.024518340242568,2026-08-14T00:52:51.754913
15288,3,1405.1853232339363,2026-08-14T00:52:51.754913
15289,4,64.67232407404725,2026-08-14T00:52:51.754913
15290,5,2.2019031343575315,2026-08-14T00:52:51.754913
15291,6,1549.0844526401725,2026-08-14T00:52:51.754913
15292,7,69.07843463181614,2026-08-14T00:52:51.754913
15293,8,103.41325195874839,2026-08-14T00:52:51.754913
15294,9,62.80231484407611,2026-08-14T00:52:51.754913
15295,10,2.0506712831430502,2026-08-14T00:52:51.754913
15296,11,1460.178615614178,2026-08-14T00:52:51.754913
15297,12,69.37485860386622,2026-08-14T00:52:51.754913
15298,13,1.972684500107735,2026-08-14T00:52:51.754913
15299,14,1336.6387771949824,2026-08-14T00:52:51.754913
15300,15,71.32768596591768,2026-08-14T00:52:51.754913
15301,4,66.58863495334032,2026-08-14T00:52:52.270447
15302,5,1.835685501814932,2026-08-14T00:52:52.270447
15303,6,1426.6647913692736,2026-08-14T00:52:52.270447
15304,7,69.12688310887931,2026-08-14T00:52:52.270447
15305,8,98.2944801235284,2026-08-14T00:52:52.270447
15306,9,68.79875525363393,2026-08-14T00:52:52.270447
15307,10,2.1237272334204644,2026-08-14T00:52:52.270447
15308,11,1305.8964559502251,2026-08-14T00:52:52.270447
15309,12,73.70656977045815,2026-08-14T00:52:52.270447
15310,13,2.0644087057700626,2026-08-14T00:52:52.270447
15311,14,1500.3943135242512,2026-08-14T00:52:52.270447
15312,15,66.80231958314245,2026-08-14T00:52:52.270447
15313,1,68.87859402736335,2026-08-14T00:52:53.773981
15314,2,1.9385381485067068,2026-08-14T00:52:53.773981
15315,3,1575.2683977067586,2026-08-14T00:52:53.773981
15316,4,66.93051335494324,2026-08-14T00:52:53.773981
15317,5,2.007667594955987,2026-08-14T00:52:53.773981
15318,6,1462.6478644985566,2026-08-14T00:52:53.773981
15319,7,69.60972668766412,2026-08-14T00:52:53.773981
15320,8,99.7309471436751,2026-08-14T00:52:53.773981
15321,9,69.45174731912697,2026-08-14T00:52:53.773981
15322,10,1.8999535673040293,2026-08-14T00:52:53.773981
15323,11,1480.5254308450178,2026-08-14T00:52:53.773981
15324,12,73.92095113610551,2026-08-14T00:52:53.773981
15325,13,1.9738623081079527,2026-08-14T00:52:53.773981
15326,14,1445.793047060882,2026-08-14T00:52:53.773981
15327,15,68.11519546039558,2026-08-14T00:52:53.773981
15328,4,71.63593566245035,2026-08-14T00:52:54.280320
15329,5,2.0913470507343876,2026-08-14T00:52:54.280320
15330,6,1430.4251397892258,2026-08-14T00:52:54.280320
15331,7,72.69891531814157,2026-08-14T00:52:54.280320
15332,8,106.90355579144875,2026-08-14T00:52:54.280320
15333,9,68.7409947472536,2026-08-14T00:52:54.280320
15334,10,1.9332549318048462,2026-08-14T00:52:54.280320
15335,11,1514.1763587119465,2026-08-14T00:52:54.280320
15336,12,74.93597012563441,2026-08-14T00:52:54.280320
15337,13,1.9919042004439365,2026-08-14T00:52:54.280320
15338,14,1528.415948477487,2026-08-14T00:52:54.280320
15339,15,68.37266092049808,2026-08-14T00:52:54.280320
15340,1,69.48312802967556,2026-08-14T00:52:55.798532
15341,2,1.9835650962053368,2026-08-14T00:52:55.798532
15342,3,1531.2333068908204,2026-08-14T00:52:55.798532
15343,4,70.6007355596936,2026-08-14T00:52:55.798532
15344,5,1.9884468474425345,2026-08-14T00:52:55.798532
15345,6,1512.7557717595037,2026-08-14T00:52:55.798532
15346,7,74.28716356530697,2026-08-14T00:52:55.798532
15347,8,99.16750114915327,2026-08-14T00:52:55.798532
15348,9,70.75300934728816,2026-08-14T00:52:55.798532
15349,10,1.8122039860082044,2026-08-14T00:52:55.798532
15350,11,1444.9166931839775,2026-08-14T00:52:55.798532
15351,12,60.704043628135324,2026-08-14T00:52:55.798532
15352,13,1.975308051944373,2026-08-14T00:52:55.798532
15353,14,1542.5467022618395,2026-08-14T00:52:55.798532
15354,15,69.30937169280138,2026-08-14T00:52:55.798532
15355,1,71.5848165712908,2026-08-14T00:52:56.286690
15356,2,2.0387816957786966,2026-08-14T00:52:56.286690
15357,3,1539.7707987032707,2026-08-14T00:52:56.286690
15358,4,70.1459260236577,2026-08-14T00:52:56.286690
15359,5,2.0545683076813694,2026-08-14T00:52:56.286690
15360,6,1493.8735910671624,2026-08-14T00:52:56.286690
15361,7,71.91998651886641,2026-08-14T00:52:56.286690
15362,8,96.82578388526389,2026-08-14T00:52:56.286690
15363,9,72.23387033136974,2026-08-14T00:52:56.286690
15364,10,2.1455857216472207,2026-08-14T00:52:56.286690
15365,11,1597.655302249065,2026-08-14T00:52:56.286690
15366,12,67.84998639403378,2026-08-14T00:52:56.286690
15367,13,2.02145044565285,2026-08-14T00:52:56.286690
15368,14,1502.3830622100695,2026-08-14T00:52:56.286690
15369,15,67.20528461111024,2026-08-14T00:52:56.286690
15370,1,66.23233472596216,2026-08-14T00:52:57.820449
15371,2,1.9610016705902382,2026-08-14T00:52:57.820449
15372,3,1410.7529158976713,2026-08-14T00:52:57.820449
15373,4,77.11591003742845,2026-08-14T00:52:57.820449
15374,5,2.0723632542256434,2026-08-14T00:52:57.820449
15375,6,1426.6050993358524,2026-08-14T00:52:57.820449
15376,7,74.6686793832098,2026-08-14T00:52:57.820449
15377,8,110.22688195525583,2026-08-14T00:52:57.820449
15378,9,74.49542423893955,2026-08-14T00:52:57.820449
15379,10,1.934795407841749,2026-08-14T00:52:57.820449
15380,11,1542.514407591258,2026-08-14T00:52:57.820449
15381,12,65.03608290512906,2026-08-14T00:52:57.820449
15382,13,1.9566600120571136,2026-08-14T00:52:57.820449
15383,14,1518.4454960846172,2026-08-14T00:52:57.820449
15384,15,70.28048045479882,2026-08-14T00:52:57.820449
15385,1,71.10369514801222,2026-08-14T00:52:58.297325
15386,2,2.1391901922187486,2026-08-14T00:52:58.297325
15387,3,1470.2704909605402,2026-08-14T00:52:58.297325
15388,4,67.79112544629685,2026-08-14T00:52:58.297325
15389,5,2.0235914362280107,2026-08-14T00:52:58.297325
15390,6,1551.2955828529473,2026-08-14T00:52:58.297325
15391,7,64.19249127448413,2026-08-14T00:52:58.297325
15392,8,92.31125513054883,2026-08-14T00:52:58.297325
15393,9,77.34106023426747,2026-08-14T00:52:58.297325
15394,10,1.8742857343866153,2026-08-14T00:52:58.297325
15395,11,1490.2979039319462,2026-08-14T00:52:58.297325
15396,12,74.65407671839712,2026-08-14T00:52:58.297325
15397,13,2.005637668265674,2026-08-14T00:52:58.297325
15398,14,1491.278185983475,2026-08-14T00:52:58.297325
15399,15,71.73594071311695,2026-08-14T00:52:58.297325
15400,1,69.79765483466575,2026-08-14T00:52:59.839536
15401,2,1.9445872294606712,2026-08-14T00:52:59.839536
15402,3,1426.1583985278978,2026-08-14T00:52:59.839536
15403,4,69.06928627103667,2026-08-14T00:52:59.839536
15404,5,1.9689896051405305,2026-08-14T00:52:59.839536
15405,6,1412.01346969911,2026-08-14T00:52:59.839536
15406,7,69.97456142921784,2026-08-14T00:52:59.839536
15407,8,97.37676690644601,2026-08-14T00:52:59.839536
15408,9,74.64344476386762,2026-08-14T00:52:59.839536
15409,10,1.9469499874210914,2026-08-14T00:52:59.839536
15410,11,1488.851490500896,2026-08-14T00:52:59.839536
15411,12,65.83191151985653,2026-08-14T00:52:59.839536
15412,13,1.9714042425238303,2026-08-14T00:52:59.839536
15413,14,1378.7348215056084,2026-08-14T00:52:59.839536
15414,15,68.57345841918463,2026-08-14T00:52:59.839536
15415,1,70.05667477831709,2026-08-14T00:53:00.316372
15416,2,1.825929263836307,2026-08-14T00:53:00.316372
15417,3,1570.8035783426444,2026-08-14T00:53:00.316372
15418,4,72.49694227869682,2026-08-14T00:53:00.316372
15419,5,2.156420857000544,2026-08-14T00:53:00.316372
15420,6,1498.551915835677,2026-08-14T00:53:00.316372
15421,7,66.63265099186154,2026-08-14T00:53:00.316372
15422,8,101.70797862967446,2026-08-14T00:53:00.316372
15423,9,70.86731338115273,2026-08-14T00:53:00.316372
15424,10,2.1442047350562037,2026-08-14T00:53:00.316372
15425,11,1527.3046196657751,2026-08-14T00:53:00.316372
15426,12,72.00367307985653,2026-08-14T00:53:00.316372
15427,13,2.0148657873509066,2026-08-14T00:53:00.316372
15428,14,1466.3287995617782,2026-08-14T00:53:00.316372
15429,15,66.92578770137398,2026-08-14T00:53:00.316372
15430,1,70.12775954383619,2026-08-14T00:53:01.863333
15431,2,1.948053694146151,2026-08-14T00:53:01.863333
15432,3,1608.8666646793517,2026-08-14T00:53:01.863333
15433,4,67.05644193766595,2026-08-14T00:53:01.863333
15434,5,1.9635426032731738,2026-08-14T00:53:01.863333
15435,6,1714.5969113013516,2026-08-14T00:53:01.863333
15436,7,62.96005037755371,2026-08-14T00:53:01.863333
15437,8,101.68080756444549,2026-08-14T00:53:01.863333
15438,9,68.00104868952802,2026-08-14T00:53:01.863333
15439,10,2.0433870538417414,2026-08-14T00:53:01.863333
15440,11,1427.4879120743985,2026-08-14T00:53:01.863333
15441,12,73.46139330371251,2026-08-14T00:53:01.863333
15442,13,1.9771854794404717,2026-08-14T00:53:01.863333
15443,14,1372.3789411746288,2026-08-14T00:53:01.863333
15444,15,70.90756846163255,2026-08-14T00:53:01.863333
15445,1,72.7177518616284,2026-08-14T00:53:02.348792
15446,2,2.026839146856438,2026-08-14T00:53:02.348792
15447,3,1510.637449319272,2026-08-14T00:53:02.348792
15448,4,69.2925471143937,2026-08-14T00:53:02.348792
15449,5,1.9528630747986218,2026-08-14T00:53:02.348792
15450,6,1539.3089872863302,2026-08-14T00:53:02.348792
15451,7,70.30154577212927,2026-08-14T00:53:02.348792
15452,8,101.64800818907791,2026-08-14T00:53:02.348792
15453,9,68.35435423551769,2026-08-14T00:53:02.348792
15454,10,1.9538821879947352,2026-08-14T00:53:02.348792
15455,11,1575.1029043320398,2026-08-14T00:53:02.348792
15456,12,71.15676187686641,2026-08-14T00:53:02.348792
15457,13,2.1876648318283234,2026-08-14T00:53:02.348792
15458,14,1440.1350333259531,2026-08-14T00:53:02.348792
15459,15,68.6843995814189,2026-08-14T00:53:02.348792
15460,1,66.72751828345606,2026-08-14T00:53:03.870115
15461,2,2.0772681557552373,2026-08-14T00:53:03.870115
15462,3,1536.4017084339823,2026-08-14T00:53:03.870115
15463,4,70.11050819020518,2026-08-14T00:53:03.870115
15464,5,1.819065258193418,2026-08-14T00:53:03.870115
15465,6,1549.4366817996975,2026-08-14T00:53:03.870115
15466,9,73.28305099198766,2026-08-14T00:53:03.870115
15467,10,1.9564211088284884,2026-08-14T00:53:03.870115
15468,11,1394.8849322877518,2026-08-14T00:53:03.870115
15469,12,70.2815124646112,2026-08-14T00:53:03.870115
15470,13,1.899430313829596,2026-08-14T00:53:03.870115
15471,14,1450.3360901128667,2026-08-14T00:53:03.870115
15472,15,68.63510987598862,2026-08-14T00:53:03.870115
15473,1,70.93506821519276,2026-08-14T00:53:04.387857
15474,2,1.953947862034695,2026-08-14T00:53:04.387857
15475,3,1431.2891696338522,2026-08-14T00:53:04.387857
15476,4,71.91157104605264,2026-08-14T00:53:04.387857
15477,5,1.9700358660658472,2026-08-14T00:53:04.387857
15478,6,1434.5790585392588,2026-08-14T00:53:04.387857
15479,7,71.91571983013948,2026-08-14T00:53:04.387857
15480,8,101.27376387782284,2026-08-14T00:53:04.387857
15481,9,73.43403368256091,2026-08-14T00:53:04.387857
15482,10,2.0508437288444736,2026-08-14T00:53:04.387857
15483,11,1463.1999398310033,2026-08-14T00:53:04.387857
15484,12,68.26028615079319,2026-08-14T00:53:04.387857
15485,13,1.9681782275912885,2026-08-14T00:53:04.387857
15486,14,1563.9921963566687,2026-08-14T00:53:04.387857
15487,15,72.49700029871006,2026-08-14T00:53:04.387857
15488,1,76.3608902215925,2026-08-14T00:53:05.890204
15489,2,1.9397457277654258,2026-08-14T00:53:05.890204
15490,3,1427.2451117209694,2026-08-14T00:53:05.890204
15491,4,70.40487398034713,2026-08-14T00:53:05.890204
15492,5,2.1090752216287014,2026-08-14T00:53:05.890204
15493,6,1526.0782728042707,2026-08-14T00:53:05.890204
15494,9,73.61798387551343,2026-08-14T00:53:05.890204
15495,10,1.9757068698838087,2026-08-14T00:53:05.890204
15496,11,1446.3590682197964,2026-08-14T00:53:05.890204
15497,12,63.85325604629419,2026-08-14T00:53:05.890204
15498,13,1.8694945314290548,2026-08-14T00:53:05.890204
15499,14,1511.0293887951648,2026-08-14T00:53:05.890204
15500,15,69.17540370327076,2026-08-14T00:53:05.890204
15501,1,67.60811941741714,2026-08-14T00:53:06.410130
15502,2,1.980726806242656,2026-08-14T00:53:06.410130
15503,3,1567.9546890111164,2026-08-14T00:53:06.410130
15504,4,75.14874635053775,2026-08-14T00:53:06.410130
15505,5,1.8664744834488374,2026-08-14T00:53:06.410130
15506,6,1583.1879512839214,2026-08-14T00:53:06.410130
15507,7,71.54049201719137,2026-08-14T00:53:06.410130
15508,8,97.80300479692157,2026-08-14T00:53:06.410130
15509,9,68.8543239833884,2026-08-14T00:53:06.410130
15510,10,2.14268890289739,2026-08-14T00:53:06.410130
15511,11,1504.1021763330305,2026-08-14T00:53:06.410130
15512,12,62.6544346181049,2026-08-14T00:53:06.410130
15513,13,2.0929095539483873,2026-08-14T00:53:06.410130
15514,14,1630.8023063397932,2026-08-14T00:53:06.410130
15515,15,71.22176241100041,2026-08-14T00:53:06.410130
15516,1,73.94556736393704,2026-08-14T00:53:07.896741
15517,2,2.1018514394000345,2026-08-14T00:53:07.896741
15518,3,1636.8994851987584,2026-08-14T00:53:07.896741
15519,4,70.89986210592012,2026-08-14T00:53:07.896741
15520,5,2.0583788365918347,2026-08-14T00:53:07.896741
15521,6,1345.0577075407546,2026-08-14T00:53:07.896741
15522,9,65.53196327861701,2026-08-14T00:53:07.896741
15523,10,2.033674577006361,2026-08-14T00:53:07.896741
15524,11,1485.4462295374526,2026-08-14T00:53:07.896741
15525,12,74.8238641876298,2026-08-14T00:53:07.896741
15526,13,1.919118751366965,2026-08-14T00:53:07.896741
15527,14,1403.4193776154516,2026-08-14T00:53:07.896741
15528,1,68.297617975131,2026-08-14T00:53:08.428483
15529,2,1.858163163015503,2026-08-14T00:53:08.428483
15530,3,1480.3168152306696,2026-08-14T00:53:08.428483
15531,4,69.5516323161931,2026-08-14T00:53:08.428483
15532,5,1.9660407261258255,2026-08-14T00:53:08.428483
15533,6,1624.4004265817662,2026-08-14T00:53:08.428483
15534,7,66.91042107183262,2026-08-14T00:53:08.428483
15535,8,101.5135228554148,2026-08-14T00:53:08.428483
15536,9,71.17345777029931,2026-08-14T00:53:08.428483
15537,10,1.9249639297403587,2026-08-14T00:53:08.428483
15538,11,1555.8817312812716,2026-08-14T00:53:08.428483
15539,12,64.2306978633667,2026-08-14T00:53:08.428483
15540,13,1.9179599778454086,2026-08-14T00:53:08.428483
15541,14,1550.5655884238013,2026-08-14T00:53:08.428483
15542,15,68.09145344712614,2026-08-14T00:53:08.428483
15543,1,69.73200187044368,2026-08-14T00:53:09.915457
15544,2,2.077234293172348,2026-08-14T00:53:09.915457
15545,3,1348.3507122538533,2026-08-14T00:53:09.915457
15546,4,67.07862016486423,2026-08-14T00:53:09.915457
15547,5,1.9190071112739797,2026-08-14T00:53:09.915457
15548,6,1540.542703800197,2026-08-14T00:53:09.915457
15549,9,70.73140845372323,2026-08-14T00:53:09.915457
15550,10,2.0638772233884866,2026-08-14T00:53:09.915457
15551,11,1534.5368812738586,2026-08-14T00:53:09.915457
15552,12,64.19744047479753,2026-08-14T00:53:09.915457
15553,13,2.066500246298542,2026-08-14T00:53:09.915457
15554,14,1598.6218440300063,2026-08-14T00:53:09.915457
15555,1,64.77023087421581,2026-08-14T00:53:10.435694
15556,2,2.0301044140388345,2026-08-14T00:53:10.435694
15557,3,1500.015038227128,2026-08-14T00:53:10.435694
15558,4,72.17918254131814,2026-08-14T00:53:10.435694
15559,5,2.0527492333224444,2026-08-14T00:53:10.435694
15560,6,1631.4037849978417,2026-08-14T00:53:10.435694
15561,7,64.74775662927716,2026-08-14T00:53:10.435694
15562,8,107.85860666993727,2026-08-14T00:53:10.435694
15563,9,67.83328963173159,2026-08-14T00:53:10.435694
15564,10,2.0890842904097635,2026-08-14T00:53:10.435694
15565,11,1552.069543409001,2026-08-14T00:53:10.435694
15566,12,70.31313475460625,2026-08-14T00:53:10.435694
15567,13,1.872485851266287,2026-08-14T00:53:10.435694
15568,14,1363.4480169057745,2026-08-14T00:53:10.435694
15569,15,63.854201305685756,2026-08-14T00:53:10.435694
15570,1,68.36503477434255,2026-08-14T00:53:11.921061
15571,2,2.1940949269846444,2026-08-14T00:53:11.921061
15572,3,1443.642485377643,2026-08-14T00:53:11.921061
15573,4,68.80208639826144,2026-08-14T00:53:11.921061
15574,5,2.0335934542625713,2026-08-14T00:53:11.921061
15575,6,1410.0991827542173,2026-08-14T00:53:11.921061
15576,9,64.17673426040909,2026-08-14T00:53:11.921061
15577,10,2.053149941701598,2026-08-14T00:53:11.921061
15578,11,1481.1715474179512,2026-08-14T00:53:11.921061
15579,12,70.42263371049569,2026-08-14T00:53:11.921061
15580,13,2.0279140970219576,2026-08-14T00:53:11.921061
15581,14,1510.7574609460246,2026-08-14T00:53:11.921061
15582,1,76.78713979880948,2026-08-14T00:53:12.454595
15583,2,1.9696205221588372,2026-08-14T00:53:12.454595
15584,3,1468.497480746188,2026-08-14T00:53:12.454595
15585,4,77.70689921117835,2026-08-14T00:53:12.454595
15586,5,1.9156042495969166,2026-08-14T00:53:12.454595
15587,6,1502.3568122097527,2026-08-14T00:53:12.454595
15588,7,73.9828881122831,2026-08-14T00:53:12.454595
15589,8,95.50272023921852,2026-08-14T00:53:12.454595
15590,9,69.66061737177755,2026-08-14T00:53:12.454595
15591,10,2.0923796487071016,2026-08-14T00:53:12.454595
15592,11,1490.5234243379016,2026-08-14T00:53:12.454595
15593,12,65.70423631862103,2026-08-14T00:53:12.454595
15594,13,1.9414584601871905,2026-08-14T00:53:12.454595
15595,14,1539.1857618958372,2026-08-14T00:53:12.454595
15596,15,72.35911057170178,2026-08-14T00:53:12.454595
15597,1,65.21546845113515,2026-08-14T00:53:13.944225
15598,2,1.963182625005955,2026-08-14T00:53:13.944225
15599,3,1518.0626662995035,2026-08-14T00:53:13.944225
15600,4,73.80962461846329,2026-08-14T00:53:13.944225
15601,5,1.9588452855670886,2026-08-14T00:53:13.944225
15602,6,1374.0304286549137,2026-08-14T00:53:13.944225
15603,9,69.11402591403795,2026-08-14T00:53:13.944225
15604,10,2.002298461782116,2026-08-14T00:53:13.944225
15605,11,1421.879578433722,2026-08-14T00:53:13.944225
15606,12,72.67577171804656,2026-08-14T00:53:13.944225
15607,13,1.8472918925013282,2026-08-14T00:53:13.944225
15608,14,1457.5708148060746,2026-08-14T00:53:13.944225
15609,1,70.95234530943523,2026-08-14T00:53:14.493441
15610,2,1.8900371532271052,2026-08-14T00:53:14.493441
15611,3,1532.8533988836623,2026-08-14T00:53:14.493441
15612,4,73.20062041565832,2026-08-14T00:53:14.493441
15613,5,1.8316068002696735,2026-08-14T00:53:14.493441
15614,6,1494.2073393917713,2026-08-14T00:53:14.493441
15615,7,64.38761757742728,2026-08-14T00:53:14.493441
15616,8,98.61317521252748,2026-08-14T00:53:14.493441
15617,9,63.958066087845914,2026-08-14T00:53:14.493441
15618,10,2.05999395032562,2026-08-14T00:53:14.493441
15619,11,1488.6067895246035,2026-08-14T00:53:14.493441
15620,15,73.5782952040933,2026-08-14T00:53:14.493441
15621,4,69.5768246551512,2026-08-14T00:53:15.961380
15622,5,1.997111563879154,2026-08-14T00:53:15.961380
15623,6,1511.3328449413418,2026-08-14T00:53:15.961380
15624,9,71.98865083248984,2026-08-14T00:53:15.961380
15625,10,1.9042589988376302,2026-08-14T00:53:15.961380
15626,11,1618.4887811414458,2026-08-14T00:53:15.961380
15627,12,67.08046229907443,2026-08-14T00:53:15.961380
15628,13,2.120448661753372,2026-08-14T00:53:15.961380
15629,14,1513.111178598783,2026-08-14T00:53:15.961380
15630,1,70.56922245661009,2026-08-14T00:53:16.513461
15631,2,1.8380035906595693,2026-08-14T00:53:16.513461
15632,3,1436.8415528102403,2026-08-14T00:53:16.513461
15633,4,66.56947579548616,2026-08-14T00:53:16.513461
15634,5,1.8432085139198695,2026-08-14T00:53:16.513461
15635,6,1600.414199132501,2026-08-14T00:53:16.513461
15636,7,74.10335157103675,2026-08-14T00:53:16.513461
15637,8,99.20573611307273,2026-08-14T00:53:16.513461
15638,9,74.93425370849697,2026-08-14T00:53:16.513461
15639,10,2.031465067539728,2026-08-14T00:53:16.513461
15640,11,1618.1415175598638,2026-08-14T00:53:16.513461
15641,15,64.71604045154196,2026-08-14T00:53:16.513461
15642,4,64.9914463971497,2026-08-14T00:53:17.981364
15643,5,2.0191735449481905,2026-08-14T00:53:17.981364
15644,6,1582.1502411693957,2026-08-14T00:53:17.981364
15645,9,65.49503544757607,2026-08-14T00:53:17.981364
15646,10,1.8669076679719916,2026-08-14T00:53:17.981364
15647,11,1473.115172283778,2026-08-14T00:53:17.981364
15648,12,73.8420288711781,2026-08-14T00:53:17.981364
15649,13,2.0182023512347977,2026-08-14T00:53:17.981364
15650,14,1552.0006598672185,2026-08-14T00:53:17.981364
15651,1,72.18614385163289,2026-08-14T00:53:18.521353
15652,2,2.032921819072922,2026-08-14T00:53:18.521353
15653,3,1368.138631865487,2026-08-14T00:53:18.521353
15654,4,70.9201491100438,2026-08-14T00:53:18.521353
15655,5,2.103324599322348,2026-08-14T00:53:18.521353
15656,6,1600.9232288528156,2026-08-14T00:53:18.521353
15657,7,68.41827428276679,2026-08-14T00:53:18.521353
15658,8,103.32023447328226,2026-08-14T00:53:18.521353
15659,9,73.73822048672996,2026-08-14T00:53:18.521353
15660,10,1.798234429937049,2026-08-14T00:53:18.521353
15661,11,1511.4836438833245,2026-08-14T00:53:18.521353
15662,15,67.37884028964706,2026-08-14T00:53:18.521353
15663,4,67.44911027810113,2026-08-14T00:53:19.987971
15664,5,2.016871037380574,2026-08-14T00:53:19.987971
15665,6,1551.031747704446,2026-08-14T00:53:19.987971
15666,9,68.2903452714213,2026-08-14T00:53:19.987971
15667,10,2.025179528477883,2026-08-14T00:53:19.987971
15668,11,1535.4513614127081,2026-08-14T00:53:19.987971
15669,12,71.98118285034693,2026-08-14T00:53:19.987971
15670,13,1.9024545752637754,2026-08-14T00:53:19.987971
15671,14,1503.9739232522793,2026-08-14T00:53:19.987971
15672,1,66.79097041348504,2026-08-14T00:53:20.528786
15673,2,1.9590373285943241,2026-08-14T00:53:20.528786
15674,3,1476.8961437209516,2026-08-14T00:53:20.528786
15675,4,73.33932828848081,2026-08-14T00:53:20.528786
15676,5,2.137210350220114,2026-08-14T00:53:20.528786
15677,6,1557.5300090768737,2026-08-14T00:53:20.528786
15678,7,74.69879171156902,2026-08-14T00:53:20.528786
15679,8,96.96052828542997,2026-08-14T00:53:20.528786
15680,15,65.59036623319408,2026-08-14T00:53:20.528786
15681,4,71.71975294702854,2026-08-14T00:53:21.997289
15682,5,1.960445280722704,2026-08-14T00:53:21.997289
15683,6,1547.6132980636603,2026-08-14T00:53:21.997289
15684,9,70.12190884876918,2026-08-14T00:53:21.997289
15685,10,2.0333525531927736,2026-08-14T00:53:21.997289
15686,11,1421.9572135695123,2026-08-14T00:53:21.997289
15687,12,67.4572652309119,2026-08-14T00:53:21.997289
15688,13,1.9719561578063296,2026-08-14T00:53:21.997289
15689,14,1598.5274699701858,2026-08-14T00:53:21.997289
15690,1,68.73750534230611,2026-08-14T00:53:22.534806
15691,2,1.9749449795295013,2026-08-14T00:53:22.534806
15692,3,1387.9291780061155,2026-08-14T00:53:22.534806
15693,4,71.64309543316531,2026-08-14T00:53:22.534806
15694,5,2.060258349881155,2026-08-14T00:53:22.534806
15695,6,1551.8210414916819,2026-08-14T00:53:22.534806
15696,7,68.13054785025417,2026-08-14T00:53:22.534806
15697,8,107.01954634951824,2026-08-14T00:53:22.534806
15698,15,68.1244272585986,2026-08-14T00:53:22.534806
15699,4,71.28849280594346,2026-08-14T00:53:24.013426
15700,5,1.9643181286828126,2026-08-14T00:53:24.013426
15701,6,1471.4743171607092,2026-08-14T00:53:24.013426
15702,9,70.48153375326122,2026-08-14T00:53:24.013426
15703,10,1.9751420019182633,2026-08-14T00:53:24.013426
15704,11,1416.5394908886772,2026-08-14T00:53:24.013426
15705,12,67.76654117365445,2026-08-14T00:53:24.013426
15706,13,1.9494691341273638,2026-08-14T00:53:24.013426
15707,14,1597.061029758129,2026-08-14T00:53:24.013426
15708,1,63.66021210939335,2026-08-14T00:53:24.554887
15709,2,2.0345944204509014,2026-08-14T00:53:24.554887
15710,3,1574.100444739624,2026-08-14T00:53:24.554887
15711,4,72.12934830891942,2026-08-14T00:53:24.554887
15712,5,2.023479539517044,2026-08-14T00:53:24.554887
15713,6,1476.6953391802965,2026-08-14T00:53:24.554887
15714,7,67.40062154441853,2026-08-14T00:53:24.554887
15715,8,97.11888268069441,2026-08-14T00:53:24.554887
15716,12,68.00994579883908,2026-08-14T00:53:24.554887
15717,13,2.150242929175759,2026-08-14T00:53:24.554887
15718,14,1521.2288741947555,2026-08-14T00:53:24.554887
15719,15,63.662874266675225,2026-08-14T00:53:24.554887
15720,4,69.45551555820185,2026-08-14T00:53:26.020266
15721,5,1.9636541475058684,2026-08-14T00:53:26.020266
15722,6,1364.816774728005,2026-08-14T00:53:26.020266
15723,9,63.45696033394846,2026-08-14T00:53:26.020266
15724,10,2.01612637102268,2026-08-14T00:53:26.020266
15725,11,1470.5961080270258,2026-08-14T00:53:26.020266
15726,12,72.45148295169626,2026-08-14T00:53:26.020266
15727,13,1.9563547132682066,2026-08-14T00:53:26.020266
15728,14,1653.4515222772109,2026-08-14T00:53:26.020266
15729,1,74.91080257925158,2026-08-14T00:53:26.575714
15730,2,1.96738541556324,2026-08-14T00:53:26.575714
15731,3,1586.7946158275392,2026-08-14T00:53:26.575714
15732,4,68.08983231123482,2026-08-14T00:53:26.575714
15733,5,2.0282248489235926,2026-08-14T00:53:26.575714
15734,6,1503.9574268932693,2026-08-14T00:53:26.575714
15735,7,73.70697058409499,2026-08-14T00:53:26.575714
15736,8,100.40074752980334,2026-08-14T00:53:26.575714
15737,9,73.81687830575683,2026-08-14T00:53:26.575714
15738,10,2.0932923198087705,2026-08-14T00:53:26.575714
15739,11,1427.0781179385465,2026-08-14T00:53:26.575714
15740,12,68.04593748502428,2026-08-14T00:53:26.575714
15741,13,2.1321771074769735,2026-08-14T00:53:26.575714
15742,14,1601.3845078199417,2026-08-14T00:53:26.575714
15743,15,64.10243547768232,2026-08-14T00:53:26.575714
15744,4,72.79239192903812,2026-08-14T00:53:28.040080
15745,5,2.14765082854442,2026-08-14T00:53:28.040080
15746,6,1411.0320784790583,2026-08-14T00:53:28.040080
15747,9,65.66704641333425,2026-08-14T00:53:28.040080
15748,10,2.0263006147820897,2026-08-14T00:53:28.040080
15749,11,1435.3464193511222,2026-08-14T00:53:28.040080
15750,12,72.94693590192111,2026-08-14T00:53:28.040080
15751,13,2.0528973954588885,2026-08-14T00:53:28.040080
15752,14,1582.9515510783888,2026-08-14T00:53:28.040080
15753,1,75.2410764272719,2026-08-14T00:53:28.611274
15754,2,2.074886890225325,2026-08-14T00:53:28.611274
15755,3,1485.6750770628578,2026-08-14T00:53:28.611274
15756,4,72.77932702082553,2026-08-14T00:53:28.611274
15757,5,1.8023831903227343,2026-08-14T00:53:28.611274
15758,6,1467.4952113635586,2026-08-14T00:53:28.611274
15759,7,74.15654531906848,2026-08-14T00:53:28.611274
15760,8,94.95468274374421,2026-08-14T00:53:28.611274
15761,9,75.40124328131506,2026-08-14T00:53:28.611274
15762,10,2.116436148847847,2026-08-14T00:53:28.611274
15763,11,1481.1387709103437,2026-08-14T00:53:28.611274
15764,12,65.60389205355973,2026-08-14T00:53:28.611274
15765,13,2.2465109407701456,2026-08-14T00:53:28.611274
15766,14,1521.344248881583,2026-08-14T00:53:28.611274
15767,15,65.82821522502238,2026-08-14T00:53:28.611274
15768,4,69.03101720841316,2026-08-14T00:53:30.052485
15769,5,1.882959513486846,2026-08-14T00:53:30.052485
15770,6,1531.1844748634285,2026-08-14T00:53:30.052485
15771,7,71.27216368213438,2026-08-14T00:53:30.052485
15772,8,102.17911911187235,2026-08-14T00:53:30.052485
15773,9,74.36598573666647,2026-08-14T00:53:30.052485
15774,10,1.845436190033642,2026-08-14T00:53:30.052485
15775,11,1523.576150025681,2026-08-14T00:53:30.052485
15776,12,67.9899955184555,2026-08-14T00:53:30.052485
15777,13,1.944820481227914,2026-08-14T00:53:30.052485
15778,14,1543.9518367178657,2026-08-14T00:53:30.052485
15779,15,67.1707396505777,2026-08-14T00:53:30.052485
15780,1,69.9828301737252,2026-08-14T00:53:30.616865
15781,2,1.8987632880174004,2026-08-14T00:53:30.616865
15782,3,1635.7831958087693,2026-08-14T00:53:30.616865
15783,4,73.159225889221,2026-08-14T00:53:30.616865
15784,5,1.9020766947861356,2026-08-14T00:53:30.616865
15785,6,1389.891416323914,2026-08-14T00:53:30.616865
15786,7,73.42768953330506,2026-08-14T00:53:30.616865
15787,8,95.75107938810214,2026-08-14T00:53:30.616865
15788,9,65.48613431573555,2026-08-14T00:53:30.616865
15789,10,2.0534040333305046,2026-08-14T00:53:30.616865
15790,11,1466.060758449992,2026-08-14T00:53:30.616865
15791,12,71.3098747980374,2026-08-14T00:53:30.616865
15792,13,2.0828772444717805,2026-08-14T00:53:30.616865
15793,14,1541.9812010394126,2026-08-14T00:53:30.616865
15794,15,66.7428208776235,2026-08-14T00:53:30.616865
15795,4,71.26887477271204,2026-08-14T00:53:32.060097
15796,5,2.079461825088906,2026-08-14T00:53:32.060097
15797,6,1542.3065196019775,2026-08-14T00:53:32.060097
15798,7,71.30624551928065,2026-08-14T00:53:32.060097
15799,8,95.92002723806573,2026-08-14T00:53:32.060097
15800,9,73.52557238916056,2026-08-14T00:53:32.060097
15801,10,1.9829635943330277,2026-08-14T00:53:32.060097
15802,11,1473.80724520424,2026-08-14T00:53:32.060097
15803,12,71.24525240518642,2026-08-14T00:53:32.060097
15804,13,1.8684753511233505,2026-08-14T00:53:32.060097
15805,14,1530.8066915380723,2026-08-14T00:53:32.060097
15806,15,67.33618308228094,2026-08-14T00:53:32.060097
15807,1,70.43017275201017,2026-08-14T00:53:32.636602
15808,2,1.8337159415019737,2026-08-14T00:53:32.636602
15809,3,1403.2284617811697,2026-08-14T00:53:32.636602
15810,4,68.09508162476335,2026-08-14T00:53:32.636602
15811,5,2.0444614016158114,2026-08-14T00:53:32.636602
15812,6,1516.6951053013872,2026-08-14T00:53:32.636602
15813,7,71.90114359326802,2026-08-14T00:53:32.636602
15814,8,105.2726009844825,2026-08-14T00:53:32.636602
15815,9,72.63527535532016,2026-08-14T00:53:32.636602
15816,10,2.0461819947626885,2026-08-14T00:53:32.636602
15817,11,1408.3952557895946,2026-08-14T00:53:32.636602
15818,12,61.25835268296926,2026-08-14T00:53:32.636602
15819,13,1.9880021428695083,2026-08-14T00:53:32.636602
15820,14,1483.758628809814,2026-08-14T00:53:32.636602
15821,15,74.83197541196742,2026-08-14T00:53:32.636602
15822,1,69.29946273378962,2026-08-14T00:53:34.081042
15823,2,2.026736018001375,2026-08-14T00:53:34.081042
15824,3,1450.3240907983327,2026-08-14T00:53:34.081042
15825,4,69.79731509025122,2026-08-14T00:53:34.081042
15826,5,1.8835793383821913,2026-08-14T00:53:34.081042
15827,6,1543.4254846216259,2026-08-14T00:53:34.081042
15828,7,74.5519351067195,2026-08-14T00:53:34.081042
15829,8,100.83631645997507,2026-08-14T00:53:34.081042
15830,9,66.18710534056457,2026-08-14T00:53:34.081042
15831,10,1.8305503868947648,2026-08-14T00:53:34.081042
15832,11,1391.5074982847382,2026-08-14T00:53:34.081042
15833,12,69.9840888391021,2026-08-14T00:53:34.081042
15834,13,1.9600488298457677,2026-08-14T00:53:34.081042
15835,14,1431.9454916729944,2026-08-14T00:53:34.081042
15836,15,69.26501571391722,2026-08-14T00:53:34.081042
15837,1,75.18521862624972,2026-08-14T00:53:34.675990
15838,2,2.1302570861049888,2026-08-14T00:53:34.675990
15839,3,1517.981618830391,2026-08-14T00:53:34.675990
15840,4,68.58128144573907,2026-08-14T00:53:34.675990
15841,5,1.9012783008654208,2026-08-14T00:53:34.675990
15842,6,1487.6667211290094,2026-08-14T00:53:34.675990
15843,7,79.55686858291374,2026-08-14T00:53:34.675990
15844,8,97.61616742899359,2026-08-14T00:53:34.675990
15845,9,68.47898161757423,2026-08-14T00:53:34.675990
15846,10,2.062426885651234,2026-08-14T00:53:34.675990
15847,11,1499.0161452250256,2026-08-14T00:53:34.675990
15848,12,69.63824927980586,2026-08-14T00:53:34.675990
15849,13,1.9231983732973021,2026-08-14T00:53:34.675990
15850,14,1542.9158397062602,2026-08-14T00:53:34.675990
15851,15,71.30159811329183,2026-08-14T00:53:34.675990
15852,1,69.51600958994713,2026-08-14T00:53:36.102135
15853,2,2.0630769014227393,2026-08-14T00:53:36.102135
15854,3,1505.361789490229,2026-08-14T00:53:36.102135
15855,7,66.84341405265229,2026-08-14T00:53:36.102135
15856,8,105.22500884873043,2026-08-14T00:53:36.102135
15857,9,72.7810820817561,2026-08-14T00:53:36.102135
15858,10,2.0984190168308685,2026-08-14T00:53:36.102135
15859,11,1387.6732702751142,2026-08-14T00:53:36.102135
15860,12,66.39022317115351,2026-08-14T00:53:36.102135
15861,13,2.0313946540605374,2026-08-14T00:53:36.102135
15862,14,1505.153941043577,2026-08-14T00:53:36.102135
15863,15,75.31459781026211,2026-08-14T00:53:36.102135
15864,1,69.54935202229554,2026-08-14T00:53:36.699334
15865,2,1.973390426302482,2026-08-14T00:53:36.699334
15866,3,1422.2298087260467,2026-08-14T00:53:36.699334
15867,4,61.49093447105831,2026-08-14T00:53:36.699334
15868,5,1.9175428565114727,2026-08-14T00:53:36.699334
15869,6,1386.4486933705562,2026-08-14T00:53:36.699334
15870,7,75.14352123511448,2026-08-14T00:53:36.699334
15871,8,95.7501618092815,2026-08-14T00:53:36.699334
15872,9,75.05684603439127,2026-08-14T00:53:36.699334
15873,10,1.9299680581632281,2026-08-14T00:53:36.699334
15874,11,1372.9489361185865,2026-08-14T00:53:36.699334
15875,12,73.86721859842808,2026-08-14T00:53:36.699334
15876,13,2.0603043313904097,2026-08-14T00:53:36.699334
15877,14,1437.9854099972824,2026-08-14T00:53:36.699334
15878,15,69.40397284822701,2026-08-14T00:53:36.699334
15879,1,69.99013409786878,2026-08-14T00:53:38.121678
15880,2,2.00970293267372,2026-08-14T00:53:38.121678
15881,3,1619.475082194202,2026-08-14T00:53:38.121678
15882,7,72.87807699804222,2026-08-14T00:53:38.121678
15883,8,101.34817364632735,2026-08-14T00:53:38.121678
15884,9,71.55451415017089,2026-08-14T00:53:38.121678
15885,10,1.9896357851907054,2026-08-14T00:53:38.121678
15886,11,1441.1020854987423,2026-08-14T00:53:38.121678
15887,12,68.32594747127757,2026-08-14T00:53:38.121678
15888,13,1.9628344036813699,2026-08-14T00:53:38.121678
15889,14,1540.207450209233,2026-08-14T00:53:38.121678
15890,15,70.09812282158536,2026-08-14T00:53:38.121678
15891,1,69.61582169631339,2026-08-14T00:53:38.718753
15892,2,1.940185921169575,2026-08-14T00:53:38.718753
15893,3,1548.833574896124,2026-08-14T00:53:38.718753
15894,7,69.1424544586265,2026-08-14T00:53:38.718753
15895,8,101.78644200024246,2026-08-14T00:53:38.718753
15896,9,69.34488430443812,2026-08-14T00:53:38.718753
15897,10,1.9020508230010926,2026-08-14T00:53:38.718753
15898,11,1639.8712766892857,2026-08-14T00:53:38.718753
15899,12,66.1699376156879,2026-08-14T00:53:38.718753
15900,13,1.8655224000751596,2026-08-14T00:53:38.718753
15901,14,1553.588602674483,2026-08-14T00:53:38.718753
15902,15,66.16954557258016,2026-08-14T00:53:38.718753
15903,1,69.72601608374724,2026-08-14T00:53:40.142829
15904,2,1.9935193464721475,2026-08-14T00:53:40.142829
15905,3,1439.5792849191027,2026-08-14T00:53:40.142829
15906,7,64.73809117670295,2026-08-14T00:53:40.142829
15907,8,98.08454592880895,2026-08-14T00:53:40.142829
15908,9,67.06529830411128,2026-08-14T00:53:40.142829
15909,10,2.0253295395822373,2026-08-14T00:53:40.142829
15910,11,1376.0156704128162,2026-08-14T00:53:40.142829
15911,12,68.33905995200863,2026-08-14T00:53:40.142829
15912,13,1.8442388888337757,2026-08-14T00:53:40.142829
15913,14,1467.324394073405,2026-08-14T00:53:40.142829
15914,15,65.60128798898195,2026-08-14T00:53:40.142829
15915,1,69.36528384456456,2026-08-14T00:53:40.757573
15916,2,2.039992867730196,2026-08-14T00:53:40.757573
15917,3,1374.7474817442892,2026-08-14T00:53:40.757573
15918,9,73.86265373627923,2026-08-14T00:53:40.757573
15919,10,2.1431240713965365,2026-08-14T00:53:40.757573
15920,11,1492.2261465536797,2026-08-14T00:53:40.757573
15921,12,69.30811132061666,2026-08-14T00:53:40.757573
15922,13,2.0885644792343165,2026-08-14T00:53:40.757573
15923,14,1574.7958693372902,2026-08-14T00:53:40.757573
15924,15,68.27645155529858,2026-08-14T00:53:40.757573
15925,1,70.4778777836006,2026-08-14T00:53:42.163361
15926,2,2.107292894306379,2026-08-14T00:53:42.163361
15927,3,1482.4588658482971,2026-08-14T00:53:42.163361
15928,7,65.08366702876839,2026-08-14T00:53:42.163361
15929,8,87.70688943955744,2026-08-14T00:53:42.163361
15930,9,72.91712196347012,2026-08-14T00:53:42.163361
15931,10,1.8346788407220944,2026-08-14T00:53:42.163361
15932,11,1410.7735126722564,2026-08-14T00:53:42.163361
15933,12,68.77354971576482,2026-08-14T00:53:42.163361
15934,13,1.9997250538758926,2026-08-14T00:53:42.163361
15935,14,1567.3854685812485,2026-08-14T00:53:42.163361
15936,15,68.15513318102849,2026-08-14T00:53:42.163361
15937,1,70.02723281622457,2026-08-14T00:53:42.777530
15938,2,2.2127757154668273,2026-08-14T00:53:42.777530
15939,3,1486.3152475479255,2026-08-14T00:53:42.777530
15940,9,67.42459054459525,2026-08-14T00:53:42.777530
15941,10,1.9423226515735976,2026-08-14T00:53:42.777530
15942,11,1549.5668663730034,2026-08-14T00:53:42.777530
15943,12,63.66308763002932,2026-08-14T00:53:42.777530
15944,13,1.928763320412008,2026-08-14T00:53:42.777530
15945,14,1507.2653794848804,2026-08-14T00:53:42.777530
15946,1,75.19307134010252,2026-08-14T00:53:44.182898
15947,2,1.9381976904644618,2026-08-14T00:53:44.182898
15948,3,1510.7555384744987,2026-08-14T00:53:44.182898
15949,7,64.24948381232154,2026-08-14T00:53:44.182898
15950,8,98.45507445802046,2026-08-14T00:53:44.182898
15951,9,70.41275401522003,2026-08-14T00:53:44.182898
15952,10,1.9075709535195446,2026-08-14T00:53:44.182898
15953,11,1532.37169066318,2026-08-14T00:53:44.182898
15954,12,61.74619107610902,2026-08-14T00:53:44.182898
15955,13,2.027597318114832,2026-08-14T00:53:44.182898
15956,14,1524.1106322291662,2026-08-14T00:53:44.182898
15957,15,69.79467554430234,2026-08-14T00:53:44.182898
15958,1,68.54750600818485,2026-08-14T00:53:44.804090
15959,2,2.0372564012596768,2026-08-14T00:53:44.804090
15960,3,1514.611546898884,2026-08-14T00:53:44.804090
15961,7,69.72061003406573,2026-08-14T00:53:44.804090
15962,8,99.66057677565625,2026-08-14T00:53:44.804090
15963,9,65.473694483052,2026-08-14T00:53:44.804090
15964,10,2.2221320625952186,2026-08-14T00:53:44.804090
15965,11,1564.9887894691453,2026-08-14T00:53:44.804090
15966,12,70.0278881628685,2026-08-14T00:53:44.804090
15967,13,2.164778164654967,2026-08-14T00:53:44.804090
15968,14,1412.9826987038778,2026-08-14T00:53:44.804090
15969,1,64.86590138969757,2026-08-14T03:08:36.323043
15970,2,1.9934659505128385,2026-08-14T03:08:36.323043
15971,3,1484.2481177376312,2026-08-14T03:08:36.323043
15972,7,71.93239611970485,2026-08-14T03:08:36.323043
15973,8,97.04069025048611,2026-08-14T03:08:36.323043
15974,9,67.368815734836,2026-08-14T03:08:36.323043
15975,10,1.869691389971351,2026-08-14T03:08:36.323043
15976,11,1542.186980475918,2026-08-14T03:08:36.323043
15977,12,75.72634948099476,2026-08-14T03:08:36.323043
15978,13,2.04231112553327,2026-08-14T03:08:36.323043
15979,14,1508.2075655676965,2026-08-14T03:08:36.323043
15980,15,70.81112631126081,2026-08-14T03:08:36.323043
15981,1,71.81594160766494,2026-08-14T03:08:36.330780
15982,2,2.039806090807976,2026-08-14T03:08:36.330780
15983,3,1500.7191916117933,2026-08-14T03:08:36.330780
15984,7,67.81520511735965,2026-08-14T03:08:36.330780
15985,8,96.00773627711672,2026-08-14T03:08:36.330780
15986,9,73.48006713818644,2026-08-14T03:08:36.330780
15987,10,2.050705250191598,2026-08-14T03:08:36.330780
15988,11,1540.5298311896825,2026-08-14T03:08:36.330780
15989,12,68.9595356330214,2026-08-14T03:08:36.330780
15990,13,1.8886282139600423,2026-08-14T03:08:36.330780
15991,14,1546.4201161475642,2026-08-14T03:08:36.330780
15992,15,70.2844724327382,2026-08-14T03:08:36.330780
15993,1,63.80165609160844,2026-08-14T03:08:38.721379
15994,2,2.057512400636293,2026-08-14T03:08:38.721379
15995,3,1474.1476741324825,2026-08-14T03:08:38.721379
15996,7,71.73989374526704,2026-08-14T03:08:38.721379
15997,8,98.49592416212779,2026-08-14T03:08:38.721379
15998,9,71.83683739770409,2026-08-14T03:08:38.721379
15999,10,2.0599128571399348,2026-08-14T03:08:38.721379
16000,11,1505.1663059826012,2026-08-14T03:08:38.721379
16001,12,68.36154594587624,2026-08-14T03:08:38.721379
16002,13,2.0273235052931358,2026-08-14T03:08:38.721379
16003,14,1534.0438691483757,2026-08-14T03:08:38.721379
16004,15,72.95005993476647,2026-08-14T03:08:38.721379
16005,1,77.93428695643952,2026-08-14T03:08:38.758047
16006,2,1.9058468894371128,2026-08-14T03:08:38.758047
16007,3,1470.2032421253107,2026-08-14T03:08:38.758047
16008,7,65.68842624173992,2026-08-14T03:08:38.758047
16009,8,105.62060273165432,2026-08-14T03:08:38.758047
16010,9,74.29464456440645,2026-08-14T03:08:38.758047
16011,10,2.047430332359696,2026-08-14T03:08:38.758047
16012,11,1609.1143094768984,2026-08-14T03:08:38.758047
16013,12,68.18515085229309,2026-08-14T03:08:38.758047
16014,13,2.0475222239998976,2026-08-14T03:08:38.758047
16015,14,1501.2758494563457,2026-08-14T03:08:38.758047
16016,15,64.3756498858101,2026-08-14T03:08:38.758047
